departamento,codigo_via,kilometro,modalidad,hora_siniestro,mes,dia_semana,es_noche,fatal
LIMA,PE-1S,24.0,DESPISTE,5.0,1.0,WEDNESDAY,0,0
CAJAMARCA,PE-3N,74.0,DESPISTE,16.0,1.0,WEDNESDAY,0,0
PASCO,PE-3N,103.0,DESPISTE,7.0,1.0,WEDNESDAY,0,0
CAJAMARCA,PE-08,111.0,DESPISTE,18.0,1.0,WEDNESDAY,1,0
LIMA,PE-1N,174.0,DESPISTE,18.0,1.0,WEDNESDAY,1,0
ICA,PE-1S,199.0,CHOQUE,16.0,1.0,WEDNESDAY,0,0
ICA,PE-1S,201.0,CHOQUE,16.0,1.0,WEDNESDAY,0,1
HUANUCO,PE-3N,226.0,ATROPELLO,21.0,1.0,WEDNESDAY,1,0
PIURA,PE-1N,232.0,CHOQUE,23.0,1.0,WEDNESDAY,1,0
AMAZONAS,PE-5N,263.0,DESPISTE,2.0,1.0,WEDNESDAY,0,0
AREQUIPA,PE-1S,521.0,CHOQUE,23.0,1.0,WEDNESDAY,1,0
LA LIBERTAD,PE-1N,732.0,DESPISTE,17.0,1.0,WEDNESDAY,0,0
LA LIBERTAD,PE-1N,734.0,DESPISTE,10.0,1.0,WEDNESDAY,0,0
MOQUEGUA,PE-1S,1166.0,CHOQUE,20.0,1.0,WEDNESDAY,1,0
TACNA,PE-1S,1245.0,DESPISTE,16.0,1.0,WEDNESDAY,0,1
PUNO,PE-1S,1351.0,CHOQUE,18.0,1.0,WEDNESDAY,1,0
AREQUIPA,PE-1SJ,6.0,DESPISTE,12.0,1.0,THURSDAY,0,1
TACNA,PE-1SD,8.0,DESPISTE,5.0,1.0,THURSDAY,0,1
AREQUIPA,PE-34J,14.0,CHOQUE,16.0,1.0,THURSDAY,0,0
AREQUIPA,PE-34E,18.0,CHOQUE,16.0,1.0,THURSDAY,0,0
AREQUIPA,PE-34A,34.0,ESPECIAL,11.0,1.0,THURSDAY,0,0
LIMA,PE-1N,39.0,ATROPELLO,10.0,1.0,THURSDAY,0,1
CAJAMARCA,PE-3N,43.0,CHOQUE,8.0,1.0,THURSDAY,0,0
LIMA,PE-22,81.0,CHOQUE,0.0,1.0,THURSDAY,0,0
LIMA,PE-1S,81.0,DESPISTE,8.0,1.0,THURSDAY,0,0
LIMA,PE-1S,91.0,DESPISTE,11.0,1.0,THURSDAY,0,0
AREQUIPA,PE-34A,131.0,CHOQUE,16.0,1.0,THURSDAY,0,1
JUNIN,PE-22,148.0,CHOQUE,13.0,1.0,THURSDAY,0,0
ANCASH,PE-16,162.0,CHOQUE,21.0,1.0,THURSDAY,1,0
LIMA,PE-1N,191.0,DESPISTE,17.0,1.0,THURSDAY,0,0
PUNO,PE-34H,226.0,DESPISTE,23.0,1.0,THURSDAY,1,1
ANCASH,PE-1N,276.0,CHOQUE,0.0,1.0,THURSDAY,0,1
AMAZONAS,PE-08B,294.0,DESPISTE,15.0,1.0,THURSDAY,0,0
APURIMAC,PE-3S,370.0,DESPISTE,6.0,1.0,THURSDAY,0,0
SAN MARTIN,PE-5N,579.0,DESPISTE,9.0,1.0,THURSDAY,0,0
MADRE DE DIOS,PE-30C,587.0,DESPISTE,16.0,1.0,THURSDAY,0,0
AREQUIPA,PE-1S,951.0,CHOQUE,21.0,1.0,THURSDAY,1,0
TACNA,PE-34B,1018.0,DESPISTE,20.0,1.0,THURSDAY,1,0
LIMA,LM-108,2.0,DESPISTE,18.0,1.0,FRIDAY,1,0
LIMA,PE-1S,71.0,CHOQUE,6.0,1.0,FRIDAY,0,0
LIMA,PE-1S,81.0,CHOQUE,2.0,1.0,FRIDAY,0,0
LIMA,PE-1S,81.0,CHOQUE,11.0,1.0,FRIDAY,0,0
LAMBAYEQUE,PE-1N,105.0,CHOQUE,19.0,1.0,FRIDAY,1,0
LIMA,PE-1N,123.0,CHOQUE,23.0,1.0,FRIDAY,1,0
JUNIN,PE-22,141.0,CHOQUE,11.0,1.0,FRIDAY,0,0
LIMA,PE-1N,158.0,CHOQUE,16.0,1.0,FRIDAY,0,0
ICA,PE-1S,192.0,DESPISTE,7.0,1.0,FRIDAY,0,0
AYACUCHO,PE-28A,233.0,DESPISTE,1.0,1.0,FRIDAY,0,0
PUNO,PE-34A,244.0,CHOQUE,6.0,1.0,FRIDAY,0,0
ANCASH,PE-3N,388.0,DESPISTE,10.0,1.0,FRIDAY,0,0
AREQUIPA,PE-1S,953.0,CHOQUE,1.0,1.0,FRIDAY,0,0
PIURA,PE-1N,1009.0,DESPISTE,23.0,1.0,FRIDAY,1,1
PUNO,PE-3S,1207.0,CHOQUE,21.0,1.0,FRIDAY,1,0
ANCASH,PE-16,2.0,DESPISTE,11.0,1.0,SATURDAY,0,0
AREQUIPA,PE-34,32.0,CHOQUE,12.0,1.0,SATURDAY,0,0
LIMA,PE-1S,34.0,DESPISTE,21.0,1.0,SATURDAY,1,0
TACNA,PE-1SD,34.0,CHOQUE,21.0,1.0,SATURDAY,1,1
JUNIN,PE-3S,37.0,DESPISTE,23.0,1.0,SATURDAY,1,0
UCAYALI,PE-5N,41.0,CHOQUE,17.0,1.0,SATURDAY,0,0
CAJAMARCA,PE-08B,45.0,CHOQUE,16.0,1.0,SATURDAY,0,0
JUNIN,PE-22,54.0,CHOQUE,1.0,1.0,SATURDAY,0,0
CAJAMARCA,PE-08A,62.0,DESPISTE,16.0,1.0,SATURDAY,0,0
LIMA,PE-1N,111.0,DESPISTE,11.0,1.0,SATURDAY,0,0
LIMA,PE-1N,117.0,DESPISTE,9.0,1.0,SATURDAY,0,0
LIMA,PE-1S,120.0,DESPISTE,12.0,1.0,SATURDAY,0,0
HUANUCO,PE-3N,207.0,CHOQUE,12.0,1.0,SATURDAY,0,0
LAMBAYEQUE,PE-1N,829.0,DESPISTE,16.0,1.0,SATURDAY,0,0
ICA,PE-28A,4.0,CHOQUE,19.0,1.0,SUNDAY,1,0
LIMA,PE-1S,21.0,CHOQUE,19.0,1.0,SUNDAY,1,0
LIMA,PE-20A,25.0,CHOQUE,13.0,1.0,SUNDAY,0,0
JUNIN,PE-5S,45.0,CHOQUE,13.0,1.0,SUNDAY,0,0
LIMA,PE-1S,54.0,DESPISTE,10.0,1.0,SUNDAY,0,0
LIMA,PE-1N,83.0,CHOQUE,14.0,1.0,SUNDAY,0,0
LAMBAYEQUE,PE-1N,91.0,CHOQUE,16.0,1.0,SUNDAY,0,0
LIMA,PE-22,96.0,CHOQUE,4.0,1.0,SUNDAY,0,0
LIMA,PE-1N,106.0,CHOQUE,14.0,1.0,SUNDAY,0,0
LIMA,PE-22,129.0,CHOQUE,7.0,1.0,SUNDAY,0,0
PASCO,PE-3N,137.0,CHOQUE,15.0,1.0,SUNDAY,0,0
AREQUIPA,PE-34A,158.0,DESPISTE,23.0,1.0,SUNDAY,1,0
ANCASH,PE-1N,309.0,CHOQUE,13.0,1.0,SUNDAY,0,1
MOQUEGUA,PE-1S,1136.0,DESPISTE,18.0,1.0,SUNDAY,1,0
PUNO,PE-3S,1258.0,DESPISTE,17.0,1.0,SUNDAY,0,0
AREQUIPA,PE-34E,1300.0,CHOQUE,10.0,1.0,SUNDAY,0,0
LIMA,PE-22,10.0,CHOQUE,15.0,1.0,MONDAY,0,0
LA LIBERTAD,PE-5N,20.0,DESPISTE,6.0,1.0,MONDAY,0,0
AYACUCHO,PE-28B,28.0,DESPISTE,23.0,1.0,MONDAY,1,0
PUNO,PE-30A,75.0,CHOQUE,22.0,1.0,MONDAY,1,1
ICA,PE-30A,118.0,DESPISTE,16.0,1.0,MONDAY,0,0
HUANCAVELICA,PE-3S,135.0,ATROPELLO,13.0,1.0,MONDAY,0,1
ICA,PE-1S,196.0,ATROPELLO,2.0,1.0,MONDAY,0,1
ICA,PE-1S,273.0,ATROPELLO,11.0,1.0,MONDAY,0,1
AREQUIPA,PE-1S,571.0,CHOQUE,0.0,1.0,MONDAY,0,1
AREQUIPA,PE-1S,902.0,DESPISTE,12.0,1.0,MONDAY,0,0
AREQUIPA,PE-1S,988.0,CHOQUE,14.0,1.0,MONDAY,0,1
LIMA,PE-1S,29.0,CHOQUE,15.0,1.0,TUESDAY,0,0
HUANUCO,PE-18A,111.0,DESPISTE,11.0,1.0,TUESDAY,0,0
HUANCAVELICA,PE-28A,124.0,ESPECIAL,4.0,1.0,TUESDAY,0,0
AREQUIPA,PE-34A,151.0,DESPISTE,16.0,1.0,TUESDAY,0,0
CUSCO,PE-3S,155.0,CHOQUE,5.0,1.0,TUESDAY,0,1
ANCASH,PE-1N,246.0,DESPISTE,6.0,1.0,TUESDAY,0,0
APURIMAC,PE-30A,283.0,DESPISTE,19.0,1.0,TUESDAY,1,0
ANCASH,PE-1N,287.0,DESPISTE,17.0,1.0,TUESDAY,0,0
ICA,PE-1S,315.0,DESPISTE,3.0,1.0,TUESDAY,0,0
ANCASH,PE-3N,629.0,CHOQUE,8.0,1.0,TUESDAY,0,0
CUSCO,PE-3S,870.0,CHOQUE,13.0,1.0,TUESDAY,0,0
AREQUIPA,PE-1S,872.0,DESPISTE,16.0,1.0,TUESDAY,0,0
CUSCO,PE-3S,1063.0,CHOQUE,6.0,1.0,TUESDAY,0,0
JUNIN,PE-22,15.0,DESPISTE,11.0,1.0,WEDNESDAY,0,0
AREQUIPA,PE-34E,23.0,DESPISTE,16.0,1.0,WEDNESDAY,0,1
JUNIN,PE-22,37.0,DESPISTE,7.0,1.0,WEDNESDAY,0,0
LIMA,PE-1N,48.0,CHOQUE,21.0,1.0,WEDNESDAY,1,0
CAJAMARCA,PE-3N,50.0,DESPISTE,15.0,1.0,WEDNESDAY,0,0
PIURA,PE-1N,61.0,CHOQUE,3.0,1.0,WEDNESDAY,0,0
HUANCAVELICA,PE-28A,80.0,CHOQUE,21.0,1.0,WEDNESDAY,1,1
AREQUIPA,PE-34A,141.0,DESPISTE,14.0,1.0,WEDNESDAY,0,0
PUNO,PE-34A,205.0,DESPISTE,10.0,1.0,WEDNESDAY,0,0
HUANUCO,PE-3N,272.0,DESPISTE,11.0,1.0,WEDNESDAY,0,0
ICA,PE-1S,331.0,CHOQUE,4.0,1.0,WEDNESDAY,0,1
ANCASH,PE-1N,416.0,ATROPELLO,5.0,1.0,WEDNESDAY,0,1
ANCASH,PE-12B,8.0,DESPISTE,12.0,1.0,THURSDAY,0,0
LA LIBERTAD,PE-1NF,9.0,DESPISTE,5.0,1.0,THURSDAY,0,0
CAJAMARCA,PE-06B,11.0,CHOQUE,15.0,1.0,THURSDAY,0,0
AREQUIPA,PE-34A,88.0,CHOQUE,18.0,1.0,THURSDAY,1,0
LAMBAYEQUE,PE-1N,89.0,CHOQUE,21.0,1.0,THURSDAY,1,0
AREQUIPA,PE-34A,120.0,CHOQUE,22.0,1.0,THURSDAY,1,0
JUNIN,PE-22,135.0,CHOQUE,7.0,1.0,THURSDAY,0,0
ANCASH,PE-1N,432.0,ESPECIAL,23.0,1.0,THURSDAY,1,0
SAN MARTIN,PE-5N,634.0,ESPECIAL,6.0,1.0,THURSDAY,0,0
LA LIBERTAD,PE-1N,655.0,DESPISTE,9.0,1.0,THURSDAY,0,0
AREQUIPA,PE-1S,823.0,ATROPELLO,10.0,1.0,THURSDAY,0,1
CUSCO,PE-3S,1067.0,DESPISTE,20.0,1.0,THURSDAY,1,0
TACNA,PE-1SD,28.0,CHOQUE,23.0,1.0,FRIDAY,1,0
LIMA,PE-1S,70.0,DESPISTE,23.0,1.0,FRIDAY,1,0
ICA,PE-30A,71.0,DESPISTE,12.0,1.0,FRIDAY,0,1
CAJAMARCA,PE-06B,79.0,CHOQUE,20.0,1.0,FRIDAY,1,0
LIMA,PE-1S,91.0,ATROPELLO,23.0,1.0,FRIDAY,1,1
JUNIN,PE-3N,94.0,CHOQUE,19.0,1.0,FRIDAY,1,0
LIMA,PE-1S,101.0,CHOQUE,16.0,1.0,FRIDAY,0,0
LIMA,PE-1S,129.0,DESPISTE,17.0,1.0,FRIDAY,0,0
LAMBAYEQUE,PE-06A,167.0,DESPISTE,17.0,1.0,FRIDAY,0,0
AREQUIPA,PE-34A,179.0,DESPISTE,5.0,1.0,FRIDAY,0,1
ICA,PE-1S,195.0,CHOQUE,6.0,1.0,FRIDAY,0,0
AMAZONAS,PE-5N,264.0,DESPISTE,2.0,1.0,FRIDAY,0,0
LA LIBERTAD,PE-1N,506.0,ESPECIAL,17.0,1.0,FRIDAY,0,0
LA LIBERTAD,PE-1N,620.0,CHOQUE,6.0,1.0,FRIDAY,0,0
ANCASH,AN-110,3.0,CHOQUE,17.0,1.0,SATURDAY,0,0
AREQUIPA,PE-34E,20.0,CHOQUE,17.0,1.0,SATURDAY,0,0
LIMA,PE-1N,22.0,ATROPELLO,11.0,1.0,SATURDAY,0,0
LIMA,PE-1N,75.0,ESPECIAL,10.0,1.0,SATURDAY,0,0
LIMA,PE-22,87.0,CHOQUE,3.0,1.0,SATURDAY,0,0
CAJAMARCA,PE-3N,94.0,CHOQUE,7.0,1.0,SATURDAY,0,0
LIMA,PE-22,100.0,CHOQUE,7.0,1.0,SATURDAY,0,0
CUSCO,PE-28B,101.0,DESPISTE,3.0,1.0,SATURDAY,0,0
JUNIN,PE-3S,124.0,CHOQUE,23.0,1.0,SATURDAY,1,0
PUNO,PE-34H,131.0,CHOQUE,14.0,1.0,SATURDAY,0,0
JUNIN,PE-22,160.0,DESPISTE,22.0,1.0,SATURDAY,1,0
ICA,PE-1S,187.0,CHOQUE,6.0,1.0,SATURDAY,0,0
LA LIBERTAD,PE-1N,518.0,CHOQUE,20.0,1.0,SATURDAY,1,0
AREQUIPA,PE-1S,587.0,DESPISTE,17.0,1.0,SATURDAY,0,0
LAMBAYEQUE,PE-1N,768.0,CHOQUE,20.0,1.0,SATURDAY,1,0
PIURA,PE-1N,971.0,CHOQUE,0.0,1.0,SATURDAY,0,0
AREQUIPA,PE-1S,987.0,CHOQUE,5.0,1.0,SATURDAY,0,0
CUSCO,PE-3S,993.0,CHOQUE,1.0,1.0,SATURDAY,0,1
CUSCO,PE-3S,1106.0,CHOQUE,4.0,1.0,SATURDAY,0,0
MOQUEGUA,PE-1S,1261.0,CHOQUE,11.0,1.0,SATURDAY,0,0
PUNO,PE-34H,6.0,CHOQUE,19.0,1.0,SUNDAY,1,1
LAMBAYEQUE,PE-08,9.0,CHOQUE,4.0,1.0,SUNDAY,0,1
ANCASH,AN-111,20.0,DESPISTE,15.0,1.0,SUNDAY,0,0
LIMA,PE-1N,43.0,CHOQUE,0.0,1.0,SUNDAY,0,0
LIMA,PE-22,60.0,CHOQUE,1.0,1.0,SUNDAY,0,0
LIMA,PE-1N,63.0,DESPISTE,16.0,1.0,SUNDAY,0,0
LIMA,PE-1S,66.0,DESPISTE,6.0,1.0,SUNDAY,0,0
UCAYALI,PE-18C,96.0,CHOQUE,23.0,1.0,SUNDAY,1,1
LIMA,PE-22,98.0,DESPISTE,7.0,1.0,SUNDAY,0,0
AREQUIPA,PE-1SD,119.0,DESPISTE,16.0,1.0,SUNDAY,0,0
JUNIN,PE-3S,137.0,CHOQUE,14.0,1.0,SUNDAY,0,0
LIMA,PE-1N,159.0,CHOQUE,1.0,1.0,SUNDAY,0,1
ICA,PE-1S,199.0,DESPISTE,8.0,1.0,SUNDAY,0,0
ICA,PE-1S,225.0,CHOQUE,21.0,1.0,SUNDAY,1,0
AMAZONAS,PE-08B,277.0,DESPISTE,17.0,1.0,SUNDAY,0,0
ANCASH,PE-1N,320.0,ESPECIAL,14.0,1.0,SUNDAY,0,0
MADRE DE DIOS,PE-30C,329.0,DESPISTE,3.0,1.0,SUNDAY,0,0
ICA,PE-1S,357.0,CHOQUE,4.0,1.0,SUNDAY,0,1
SAN MARTIN,PE-5N,390.0,DESPISTE,6.0,1.0,SUNDAY,0,0
MADRE DE DIOS,PE-30C,460.0,DESPISTE,17.0,1.0,SUNDAY,0,1
LA LIBERTAD,PE-1N,521.0,CHOQUE,13.0,1.0,SUNDAY,0,0
AREQUIPA,PE-1S,576.0,CHOQUE,15.0,1.0,SUNDAY,0,0
LA LIBERTAD,PE-1N,656.0,DESPISTE,18.0,1.0,SUNDAY,1,0
AREQUIPA,PE-1S,688.0,DESPISTE,18.0,1.0,SUNDAY,1,0
PUNO,PE-3S,1300.0,CHOQUE,9.0,1.0,SUNDAY,0,0
CAJAMARCA,PE-3N,1814.0,CHOQUE,4.0,1.0,SUNDAY,0,0
AMAZONAS,PE-5N,12.0,CHOQUE,15.0,1.0,MONDAY,0,0
JUNIN,PE-5S,12.0,DESPISTE,19.0,1.0,MONDAY,1,0
JUNIN,PE-3S,46.0,CHOQUE,17.0,1.0,MONDAY,0,0
JUNIN,PE-3S,46.0,CHOQUE,13.0,1.0,MONDAY,0,0
HUANUCO,PE-18A,50.0,DESPISTE,20.0,1.0,MONDAY,1,0
PUNO,PE-34H,55.0,DESPISTE,15.0,1.0,MONDAY,0,0
AREQUIPA,PE-34A,76.0,DESPISTE,22.0,1.0,MONDAY,1,0
LAMBAYEQUE,PE-06A,92.0,CHOQUE,18.0,1.0,MONDAY,1,1
AMAZONAS,PE-5N,135.0,DESPISTE,16.0,1.0,MONDAY,0,0
LA LIBERTAD,PE-1N,561.0,ATROPELLO,15.0,1.0,MONDAY,0,0
TACNA,PE-1S,1235.0,DESPISTE,13.0,1.0,MONDAY,0,0
LIMA,PE-1S,24.0,CHOQUE,11.0,1.0,TUESDAY,0,1
LIMA,PE-1SJ,32.0,CHOQUE,16.0,1.0,TUESDAY,0,0
LIMA,PE-1N,75.0,CHOQUE,13.0,1.0,TUESDAY,0,0
PUNO,PE-34H,86.0,CHOQUE,13.0,1.0,TUESDAY,0,0
HUANCAVELICA,PE-28A,114.0,DESPISTE,18.0,1.0,TUESDAY,1,0
LIMA,PE-1S,125.0,DESPISTE,16.0,1.0,TUESDAY,0,0
JUNIN,PE-22,145.0,DESPISTE,13.0,1.0,TUESDAY,0,0
LIMA,PE-1N,201.0,DESPISTE,2.0,1.0,TUESDAY,0,0
ANCASH,PE-1N,331.0,DESPISTE,15.0,1.0,TUESDAY,0,1
APURIMAC,PE-3S,828.0,DESPISTE,12.0,1.0,TUESDAY,0,0
CUSCO,PE-3S,970.0,DESPISTE,2.0,1.0,TUESDAY,0,0
CUSCO,PE-3S,1009.0,CHOQUE,19.0,1.0,TUESDAY,1,0
LIMA,PE-20A,6.0,CHOQUE,18.0,1.0,WEDNESDAY,1,0
AMAZONAS,PE-5N,7.0,DESPISTE,21.0,1.0,WEDNESDAY,1,0
PIURA,PE-02A,8.0,DESPISTE,21.0,1.0,WEDNESDAY,1,1
LIMA,PE-1S,32.0,DESPISTE,7.0,1.0,WEDNESDAY,0,0
JUNIN,PE-3S,37.0,CHOQUE,3.0,1.0,WEDNESDAY,0,0
JUNIN,PE-3S,62.0,DESPISTE,17.0,1.0,WEDNESDAY,0,0
JUNIN,PE-3S,62.0,DESPISTE,17.0,1.0,WEDNESDAY,0,0
LIMA,PE-1N,81.0,ATROPELLO,20.0,1.0,WEDNESDAY,1,1
JUNIN,PE-22,152.0,DESPISTE,3.0,1.0,WEDNESDAY,0,0
PIURA,PE-1NJ,154.0,DESPISTE,16.0,1.0,WEDNESDAY,0,0
CAJAMARCA,PE-06B,155.0,DESPISTE,7.0,1.0,WEDNESDAY,0,1
HUANUCO,PE-14A,203.0,DESPISTE,9.0,1.0,WEDNESDAY,0,0
ICA,PE-1S,208.0,DESPISTE,11.0,1.0,WEDNESDAY,0,0
LIMA,PE-1N,217.0,DESPISTE,6.0,1.0,WEDNESDAY,0,0
ICA,PE-1S,268.0,DESPISTE,18.0,1.0,WEDNESDAY,1,0
AMAZONAS,PE-5N,273.0,DESPISTE,8.0,1.0,WEDNESDAY,0,0
ICA,PE-1S,283.0,ATROPELLO,15.0,1.0,WEDNESDAY,0,0
AYACUCHO,PE-28A,313.0,DESPISTE,17.0,1.0,WEDNESDAY,0,0
ANCASH,PE-1N,342.0,CHOQUE,7.0,1.0,WEDNESDAY,0,0
ANCASH,PE-1N,343.0,DESPISTE,22.0,1.0,WEDNESDAY,1,0
CUSCO,PE-3S,985.0,ATROPELLO,14.0,1.0,WEDNESDAY,0,1
PUNO,PE-3S,1280.0,DESPISTE,12.0,1.0,WEDNESDAY,0,0
LORETO,LO-103,11.0,CHOQUE,18.0,1.0,THURSDAY,1,0
CUSCO,PE-28B,14.0,ATROPELLO,16.0,1.0,THURSDAY,0,0
LIMA,PE-1NA,20.0,CHOQUE,21.0,1.0,THURSDAY,1,0
CAJAMARCA,PE-06B,32.0,DESPISTE,3.0,1.0,THURSDAY,0,0
AREQUIPA,PE-34F,38.0,DESPISTE,17.0,1.0,THURSDAY,0,0
LIMA,PE-22,40.0,CHOQUE,5.0,1.0,THURSDAY,0,0
LIMA,PE-20A,45.0,DESPISTE,4.0,1.0,THURSDAY,0,1
HUANUCO,PE-18A,49.0,DESPISTE,19.0,1.0,THURSDAY,1,0
AREQUIPA,PE-34A,53.0,CHOQUE,15.0,1.0,THURSDAY,0,0
LIMA,PE-1N,64.0,DESPISTE,14.0,1.0,THURSDAY,0,0
LIMA,PE-1S,77.0,CHOQUE,15.0,1.0,THURSDAY,0,0
AMAZONAS,PE-5N,81.0,CHOQUE,23.0,1.0,THURSDAY,1,0
LIMA,PE-22,92.0,DESPISTE,0.0,1.0,THURSDAY,0,0
LIMA,PE-22,112.0,DESPISTE,21.0,1.0,THURSDAY,1,0
AREQUIPA,PE-34A,124.0,CHOQUE,21.0,1.0,THURSDAY,1,0
CAJAMARCA,PE-08B,130.0,DESPISTE,17.0,1.0,THURSDAY,0,0
HUANCAVELICA,PE-28A,137.0,DESPISTE,9.0,1.0,THURSDAY,0,0
JUNIN,PE-22,139.0,DESPISTE,18.0,1.0,THURSDAY,1,0
ICA,PE-1S,299.0,ATROPELLO,19.0,1.0,THURSDAY,1,0
ANCASH,PE-1N,383.0,DESPISTE,8.0,1.0,THURSDAY,0,0
AYACUCHO,PE-3S,464.0,DESPISTE,13.0,1.0,THURSDAY,0,0
AREQUIPA,PE-1S,935.0,CHOQUE,0.0,1.0,THURSDAY,0,1
CUSCO,PE-34G,4.0,CHOQUE,9.0,1.0,FRIDAY,0,0
JUNIN,PE-3S,6.0,DESPISTE,12.0,1.0,FRIDAY,0,0
ANCASH,PE-16,49.0,DESPISTE,5.0,1.0,FRIDAY,0,1
AREQUIPA,PE-34A,78.0,DESPISTE,15.0,1.0,FRIDAY,0,1
TACNA,PE-36A,124.0,DESPISTE,15.0,1.0,FRIDAY,0,1
CAJAMARCA,PE-08B,126.0,DESPISTE,12.0,1.0,FRIDAY,0,1
AMAZONAS,PE-5N,285.0,DESPISTE,5.0,1.0,FRIDAY,0,0
APURIMAC,PE-3S,759.0,DESPISTE,19.0,1.0,FRIDAY,1,1
JUNIN,PE-3SA,19.0,DESPISTE,9.0,1.0,SATURDAY,0,0
HUANUCO,PE-18A,20.0,DESPISTE,18.0,1.0,SATURDAY,1,0
LAMBAYEQUE,PE-1NJ,35.0,CHOQUE,9.0,1.0,SATURDAY,0,0
LIMA,PE-22,57.0,DESPISTE,8.0,1.0,SATURDAY,0,0
JUNIN,PE-22,62.0,DESPISTE,17.0,1.0,SATURDAY,0,0
AREQUIPA,PE-34E,63.0,DESPISTE,9.0,1.0,SATURDAY,0,0
CAJAMARCA,PE-06B,78.0,DESPISTE,20.0,1.0,SATURDAY,1,0
LIMA,PE-1N,82.0,CHOQUE,15.0,1.0,SATURDAY,0,0
LA LIBERTAD,PE-1N,89.0,CHOQUE,11.0,1.0,SATURDAY,0,0
LIMA,PE-22,103.0,DESPISTE,2.0,1.0,SATURDAY,0,0
LIMA,PE-1S,173.0,ESPECIAL,19.0,1.0,SATURDAY,1,0
AMAZONAS,PE-5N,233.0,DESPISTE,10.0,1.0,SATURDAY,0,0
PUNO,PE-34A,272.0,DESPISTE,12.0,1.0,SATURDAY,0,0
PUNO,PE-34A,272.0,DESPISTE,12.0,1.0,SATURDAY,0,0
CUSCO,PE-3S,1101.0,CHOQUE,19.0,1.0,SATURDAY,1,0
LA LIBERTAD,N.I.,0.0,CHOQUE,10.0,1.0,SUNDAY,0,0
PUNO,PE-34H,36.0,CHOQUE,13.0,1.0,SUNDAY,0,0
CUSCO,CU-117,43.0,CHOQUE,21.0,1.0,SUNDAY,1,0
PIURA,PE-1N,64.0,DESPISTE,17.0,1.0,SUNDAY,0,0
HUANCAVELICA,PE-28A,93.0,DESPISTE,16.0,1.0,SUNDAY,0,0
HUANUCO,PE-18A,110.0,CHOQUE,10.0,1.0,SUNDAY,0,0
AREQUIPA,PE-34A,117.0,CHOQUE,17.0,1.0,SUNDAY,0,0
ICA,PE-1S,202.0,DESPISTE,7.0,1.0,SUNDAY,0,0
LIMA,PE-1N,215.0,DESPISTE,10.0,1.0,SUNDAY,0,0
SAN MARTIN,PE-5N,572.0,CHOQUE,23.0,1.0,SUNDAY,1,0
LA LIBERTAD,PE-1N,713.0,CHOQUE,4.0,1.0,SUNDAY,0,0
JUNIN,PE-3N,1.0,DESPISTE,10.0,1.0,MONDAY,0,0
ANCASH,PE-14,2.0,CHOQUE,21.0,1.0,MONDAY,1,0
HUANCAVELICA,PE-3SD,8.0,DESPISTE,10.0,1.0,MONDAY,0,1
LAMBAYEQUE,PE-1N,10.0,ATROPELLO,22.0,1.0,MONDAY,1,0
LA LIBERTAD,PE-1S,14.0,CHOQUE,14.0,1.0,MONDAY,0,1
LIMA,PE-1N,106.0,CHOQUE,6.0,1.0,MONDAY,0,0
AREQUIPA,PE-34A,109.0,DESPISTE,13.0,1.0,MONDAY,0,0
LIMA,PE-1N,137.0,DESPISTE,2.0,1.0,MONDAY,0,0
AREQUIPA,PE-34A,146.0,DESPISTE,13.0,1.0,MONDAY,0,1
LIMA,PE-1N,159.0,DESPISTE,3.0,1.0,MONDAY,0,0
JUNIN,PE-3S,162.0,DESPISTE,15.0,1.0,MONDAY,0,0
PIURA,PE-1N,234.0,ATROPELLO,21.0,1.0,MONDAY,1,0
ICA,PE-1S,324.0,ATROPELLO,0.0,1.0,MONDAY,0,1
SAN MARTIN,PE-5N,397.0,DESPISTE,13.0,1.0,MONDAY,0,0
ICA,PE-1S,461.0,ATROPELLO,21.0,1.0,MONDAY,1,1
AREQUIPA,PE-1S,668.0,DESPISTE,21.0,1.0,MONDAY,1,0
JUNIN,N.I.,30.0,DESPISTE,7.0,1.0,TUESDAY,0,0
TACNA,PE-36,34.0,DESPISTE,6.0,1.0,TUESDAY,0,0
TACNA,N.I.,44.0,DESPISTE,10.0,1.0,TUESDAY,0,0
LIMA,PE-1N,48.0,CHOQUE,23.0,1.0,TUESDAY,1,0
LIMA,PE-22,57.0,CHOQUE,6.0,1.0,TUESDAY,0,0
HUANCAVELICA,PE-28A,66.0,DESPISTE,20.0,1.0,TUESDAY,1,0
ANCASH,PE-16,82.0,DESPISTE,4.0,1.0,TUESDAY,0,0
AYACUCHO,PE-30A,100.0,CHOQUE,8.0,1.0,TUESDAY,0,0
TACNA,N.I.,108.0,CHOQUE,21.0,1.0,TUESDAY,1,0
JUNIN,PE-3S,111.0,ATROPELLO,19.0,1.0,TUESDAY,1,0
AMAZONAS,PE-5N,230.0,DESPISTE,6.0,1.0,TUESDAY,0,0
ANCASH,PE-1N,252.0,CHOQUE,9.0,1.0,TUESDAY,0,0
ICA,PE-1S,271.0,ATROPELLO,2.0,1.0,TUESDAY,0,0
ICA,PE-1S,271.0,ATROPELLO,2.0,1.0,TUESDAY,0,0
MADRE DE DIOS,PE-30C,274.0,DESPISTE,11.0,1.0,TUESDAY,0,0
ANCASH,PE-1N,275.0,DESPISTE,11.0,1.0,TUESDAY,0,0
ANCASH,PE-1N,323.0,DESPISTE,1.0,1.0,TUESDAY,0,0
ANCASH,N.I.,622.0,DESPISTE,7.0,1.0,TUESDAY,0,0
LAMBAYEQUE,PE-1N,920.0,CHOQUE,0.0,1.0,TUESDAY,0,0
JUNIN,N.I.,10.0,DESPISTE,2.0,1.0,WEDNESDAY,0,0
JUNIN,PE-3S,22.0,CHOQUE,10.0,1.0,WEDNESDAY,0,1
JUNIN,PE-22,27.0,DESPISTE,3.0,1.0,WEDNESDAY,0,0
AYACUCHO,N.I.,45.0,DESPISTE,19.0,1.0,WEDNESDAY,1,0
LIMA,PE-1N,70.0,DESPISTE,7.0,1.0,WEDNESDAY,0,0
LIMA,PE-22,80.0,ESPECIAL,4.0,1.0,WEDNESDAY,0,0
CAJAMARCA,PE-08,85.0,DESPISTE,7.0,1.0,WEDNESDAY,0,0
LIMA,PE-22,111.0,CHOQUE,11.0,1.0,WEDNESDAY,0,0
AREQUIPA,PE-34A,136.0,DESPISTE,2.0,1.0,WEDNESDAY,0,0
ICA,PE-1S,200.0,CHOQUE,0.0,1.0,WEDNESDAY,0,0
ICA,PE-1S,222.0,DESPISTE,10.0,1.0,WEDNESDAY,0,0
ANCASH,PE-1N,419.0,CHOQUE,18.0,1.0,WEDNESDAY,1,1
HUANUCO,N.I.,459.0,DESPISTE,6.0,1.0,WEDNESDAY,0,0
LA LIBERTAD,PE-1N,512.0,ESPECIAL,18.0,1.0,WEDNESDAY,1,0
ANCASH,N.I.,639.0,DESPISTE,20.0,1.0,WEDNESDAY,1,0
AREQUIPA,PE-1S,649.0,DESPISTE,0.0,1.0,WEDNESDAY,0,0
AREQUIPA,PE-1S,922.0,DESPISTE,3.0,1.0,WEDNESDAY,0,1
MOQUEGUA,PE-1S,1131.0,CHOQUE,7.0,1.0,WEDNESDAY,0,0
CAJAMARCA,PE-3N,1200.0,DESPISTE,16.0,1.0,WEDNESDAY,0,0
CAJAMARCA,PE-3N,1382.0,DESPISTE,13.0,1.0,WEDNESDAY,0,0
LIMA,PE-1N,4.0,CHOQUE,19.0,1.0,THURSDAY,1,0
LORETO,LO-103,9.0,CHOQUE,16.0,1.0,THURSDAY,0,0
AREQUIPA,PE-34E,16.0,CHOQUE,21.0,1.0,THURSDAY,1,0
AREQUIPA,PE-34E,33.0,CHOQUE,6.0,1.0,THURSDAY,0,0
CUSCO,N.I.,68.0,DESPISTE,8.0,1.0,THURSDAY,0,0
TACNA,PE-1SD,69.0,DESPISTE,8.0,1.0,THURSDAY,0,0
LIMA,PE-22,70.0,DESPISTE,5.0,1.0,THURSDAY,0,0
LIMA,PE-1N,73.0,CHOQUE,22.0,1.0,THURSDAY,1,0
LIMA,PE-1S,93.0,CHOQUE,23.0,1.0,THURSDAY,1,0
AREQUIPA,PE-34A,122.0,CHOQUE,22.0,1.0,THURSDAY,1,0
LIMA,PE-1S,141.0,DESPISTE,14.0,1.0,THURSDAY,0,0
JUNIN,N.I.,142.0,DESPISTE,17.0,1.0,THURSDAY,0,0
PUNO,N.I.,215.0,DESPISTE,15.0,1.0,THURSDAY,0,0
PUNO,PE-34B,270.0,DESPISTE,0.0,1.0,THURSDAY,0,0
MADRE DE DIOS,PE-34B,406.0,DESPISTE,12.0,1.0,THURSDAY,0,0
ANCASH,PE-1N,425.0,CHOQUE,21.0,1.0,THURSDAY,1,0
SAN MARTIN,PE-5N,463.0,CHOQUE,1.0,1.0,THURSDAY,0,0
AREQUIPA,PE-1S,752.0,DESPISTE,12.0,1.0,THURSDAY,0,0
PIURA,PE-1N,920.0,DESPISTE,15.0,1.0,THURSDAY,0,1
LIMA,PE-1N,,ESPECIAL,19.0,1.0,THURSDAY,1,0
CAJAMARCA,PE-3N,18.0,DESPISTE,17.0,1.0,FRIDAY,0,0
JUNIN,PE-3SA,22.0,DESPISTE,13.0,1.0,FRIDAY,0,0
LIMA,PE-1NE,28.0,DESPISTE,12.0,1.0,FRIDAY,0,1
LIMA,PE-20A,29.0,CHOQUE,9.0,1.0,FRIDAY,0,0
JUNIN,PE-3S,37.0,DESPISTE,6.0,1.0,FRIDAY,0,0
CAJAMARCA,PE-06B,39.0,DESPISTE,0.0,1.0,FRIDAY,0,0
JUNIN,PE-22,42.0,CHOQUE,10.0,1.0,FRIDAY,0,0
JUNIN,PE-3S,59.0,DESPISTE,17.0,1.0,FRIDAY,0,0
AREQUIPA,PE-34A,122.0,CHOQUE,2.0,1.0,FRIDAY,0,0
AYACUCHO,PE-3S,133.0,DESPISTE,12.0,1.0,FRIDAY,0,0
AMAZONAS,PE-5N,290.0,DESPISTE,17.0,1.0,FRIDAY,0,0
ICA,PE-1S,422.0,CHOQUE,20.0,1.0,FRIDAY,1,0
ICA,PE-1S,424.0,CHOQUE,22.0,1.0,FRIDAY,1,0
LA LIBERTAD,PE-1N,468.0,CHOQUE,14.0,1.0,FRIDAY,0,1
PUNO,PE-3S,1326.0,CHOQUE,11.0,1.0,FRIDAY,0,0
LIMA,LM-108,3.0,DESPISTE,18.0,1.0,SATURDAY,1,0
LIMA,PE-20A,24.0,CHOQUE,10.0,1.0,SATURDAY,0,0
JUNIN,PE-22,55.0,DESPISTE,5.0,1.0,SATURDAY,0,0
JUNIN,PE-3S,64.0,DESPISTE,19.0,1.0,SATURDAY,1,0
CUSCO,PE-28B,75.0,CHOQUE,15.0,1.0,SATURDAY,0,0
LIMA,PE-1S,84.0,DESPISTE,5.0,1.0,SATURDAY,0,0
LA LIBERTAD,PE-10A,104.0,CHOQUE,21.0,1.0,SATURDAY,1,0
LAMBAYEQUE,PE-06A,108.0,DESPISTE,17.0,1.0,SATURDAY,0,0
LIMA,PE-22,123.0,CHOQUE,6.0,1.0,SATURDAY,0,0
JUNIN,PE-22,156.0,CHOQUE,6.0,1.0,SATURDAY,0,0
PUNO,PE-5N,156.0,CHOQUE,7.0,1.0,SATURDAY,0,0
ANCASH,PE-3N,208.0,CHOQUE,22.0,1.0,SATURDAY,1,0
ANCASH,PE-1N,443.0,CHOQUE,3.0,1.0,SATURDAY,0,0
LAMBAYEQUE,PE-1N,775.0,ATROPELLO,9.0,1.0,SATURDAY,0,0
TACNA,PE-1S,1261.0,ESPECIAL,10.0,1.0,SATURDAY,0,0
TACNA,PE-1S,1333.0,CHOQUE,10.0,1.0,SATURDAY,0,0
JUNIN,PE-3N,2.0,CHOQUE,5.0,1.0,SUNDAY,0,0
JUNIN,PE-3S,8.0,CHOQUE,13.0,1.0,SUNDAY,0,0
AREQUIPA,PE-1SD,23.0,DESPISTE,19.0,1.0,SUNDAY,1,0
PUNO,PE-30A,24.0,DESPISTE,5.0,1.0,SUNDAY,0,0
CAJAMARCA,PE-06B,32.0,DESPISTE,12.0,1.0,SUNDAY,0,0
LIMA,PE-22,34.0,CHOQUE,15.0,1.0,SUNDAY,0,0
AREQUIPA,PE-34A,63.0,CHOQUE,16.0,1.0,SUNDAY,0,0
LIMA,PE-1S,88.0,CHOQUE,18.0,1.0,SUNDAY,1,0
LIMA,PE-1S,131.0,ATROPELLO,16.0,1.0,SUNDAY,0,1
ANCASH,PE-3N,150.0,DESPISTE,4.0,1.0,SUNDAY,0,0
UCAYALI,PE-18C,169.0,DESPISTE,17.0,1.0,SUNDAY,0,0
AMAZONAS,PE-5N,243.0,CHOQUE,13.0,1.0,SUNDAY,0,0
ANCASH,PE-1N,286.0,DESPISTE,15.0,1.0,SUNDAY,0,0
ANCASH,PE-14,396.0,DESPISTE,13.0,1.0,SUNDAY,0,0
ANCASH,PE-3N,530.0,DESPISTE,4.0,1.0,SUNDAY,0,0
ANCASH,PE-3N,640.0,DESPISTE,14.0,1.0,SUNDAY,0,0
AREQUIPA,PE-1S,975.0,CHOQUE,7.0,1.0,SUNDAY,0,0
PIURA,PE-1N,1003.0,CHOQUE,10.0,1.0,SUNDAY,0,0
CUSCO,PE-3S,1074.0,DESPISTE,16.0,1.0,SUNDAY,0,0
AREQUIPA,PE-34,47.0,DESPISTE,7.0,1.0,MONDAY,0,0
JUNIN,PE-3N,47.0,DESPISTE,14.0,1.0,MONDAY,0,0
JUNIN,PE-3N,58.0,DESPISTE,14.0,1.0,MONDAY,0,0
LIMA,PE-22,97.0,CHOQUE,3.0,1.0,MONDAY,0,0
LIMA,PE-22,109.0,DESPISTE,12.0,1.0,MONDAY,0,0
LIMA,PE-22,117.0,CHOQUE,3.0,1.0,MONDAY,0,0
LIMA,PE-1S,121.0,DESPISTE,0.0,1.0,MONDAY,0,0
LIMA,PE-1S,135.0,DESPISTE,10.0,1.0,MONDAY,0,0
LIMA,PE-1N,182.0,CHOQUE,19.0,1.0,MONDAY,1,0
ANCASH,PE-1N,340.0,DESPISTE,19.0,1.0,MONDAY,1,1
APURIMAC,PE-3S,397.0,DESPISTE,10.0,1.0,MONDAY,0,0
SAN MARTIN,PE-5N,542.0,DESPISTE,16.0,1.0,MONDAY,0,0
SAN MARTIN,PE-5N,591.0,DESPISTE,6.0,1.0,MONDAY,0,0
AREQUIPA,PE-1S,778.0,DESPISTE,18.0,1.0,MONDAY,1,0
PUNO,PE-3S,1407.0,CHOQUE,14.0,1.0,MONDAY,0,0
AREQUIPA,PE-34E,3.0,DESPISTE,7.0,1.0,TUESDAY,0,0
AREQUIPA,PE-34E,8.0,DESPISTE,17.0,1.0,TUESDAY,0,0
LORETO,LO-103,10.0,ATROPELLO,5.0,1.0,TUESDAY,0,1
LIMA,PE-1S,17.0,CHOQUE,7.0,1.0,TUESDAY,0,0
JUNIN,PE-3SA,30.0,DESPISTE,16.0,1.0,TUESDAY,0,0
LIMA,PE-1S,46.0,DESPISTE,4.0,1.0,TUESDAY,0,0
JUNIN,PE-3S,74.0,DESPISTE,4.0,1.0,TUESDAY,0,0
JUNIN,PE-3S,74.0,DESPISTE,4.0,1.0,TUESDAY,0,0
UCAYALI,PE-18C,77.0,DESPISTE,6.0,1.0,TUESDAY,0,0
LIMA,PE-1S,91.0,CHOQUE,6.0,1.0,TUESDAY,0,0
LIMA,PE-1S,92.0,CHOQUE,7.0,1.0,TUESDAY,0,0
HUANUCO,PE-18A,116.0,ESPECIAL,21.0,1.0,TUESDAY,1,0
LIMA,PE-1N,119.0,CHOQUE,7.0,1.0,TUESDAY,0,0
LIMA,PE-1N,119.0,DESPISTE,6.0,1.0,TUESDAY,0,0
JUNIN,PE-3S,143.0,DESPISTE,1.0,1.0,TUESDAY,0,0
JUNIN,PE-22,161.0,DESPISTE,16.0,1.0,TUESDAY,0,0
HUANCAVELICA,PE-3S,198.0,DESPISTE,13.0,1.0,TUESDAY,0,0
ICA,PE-1S,276.0,CHOQUE,18.0,1.0,TUESDAY,1,0
SAN MARTIN,PE-5N,462.0,CHOQUE,23.0,1.0,TUESDAY,1,1
MADRE DE DIOS,PE-30C,557.0,ATROPELLO,6.0,1.0,TUESDAY,0,1
AREQUIPA,PE-1S,860.0,DESPISTE,6.0,1.0,TUESDAY,0,0
AREQUIPA,PE-1S,860.0,CHOQUE,16.0,1.0,TUESDAY,0,0
CUSCO,N.I.,935.0,CHOQUE,19.0,1.0,TUESDAY,1,0
PUNO,PE-3S,1290.0,CHOQUE,11.0,1.0,TUESDAY,0,1
LORETO,LO-103,5.0,CHOQUE,17.0,1.0,WEDNESDAY,0,0
AREQUIPA,PE-34A,15.0,VOLCADURA,0.0,1.0,WEDNESDAY,0,0
CUSCO,N.I.,18.0,DESPISTE,18.0,1.0,WEDNESDAY,1,0
UCAYALI,PE-5N,56.0,DESPISTE,19.0,1.0,WEDNESDAY,1,1
LIMA,PE-22,81.0,CHOQUE,22.0,1.0,WEDNESDAY,1,0
CUSCO,N.I.,101.0,DESPISTE,9.0,1.0,WEDNESDAY,0,0
LIMA,PE-22,132.0,CHOQUE,19.0,1.0,WEDNESDAY,1,0
JUNIN,PE-22,132.0,CHOQUE,19.0,1.0,WEDNESDAY,1,0
ICA,PE-1S,184.0,CHOQUE,16.0,1.0,WEDNESDAY,0,0
PIURA,PE-1NJ,223.0,CHOQUE,14.0,1.0,WEDNESDAY,0,0
SAN MARTIN,PE-5N,659.0,CHOQUE,21.0,1.0,WEDNESDAY,1,0
TACNA,PE-1S,1307.0,DESPISTE,19.0,1.0,WEDNESDAY,1,0
PUNO,PE-5N,1492.0,CHOQUE,17.0,1.0,WEDNESDAY,0,0
LIMA,PE-1S,11.0,CHOQUE,5.0,1.0,THURSDAY,0,1
PUNO,PE-36B,23.0,DESPISTE,15.0,1.0,THURSDAY,0,1
CUSCO,PE-34J,25.0,CHOQUE,11.0,1.0,THURSDAY,0,0
PIURA,PE-1NJ,28.0,DESPISTE,10.0,1.0,THURSDAY,0,0
PUNO,PE-5N,75.0,DESPISTE,6.0,1.0,THURSDAY,0,0
ICA,PE-1S,206.0,CHOQUE,21.0,1.0,THURSDAY,1,0
ICA,PE-1S,246.0,CHOQUE,17.0,1.0,THURSDAY,0,0
MADRE DE DIOS,PE-30C,264.0,CHOQUE,22.0,1.0,THURSDAY,1,0
AYACUCHO,PE-28A,328.0,CHOQUE,14.0,1.0,THURSDAY,0,1
AREQUIPA,PE-1S,792.0,CHOQUE,4.0,1.0,THURSDAY,0,0
LAMBAYEQUE,PE-1N,820.0,CHOQUE,22.0,1.0,THURSDAY,1,0
MOQUEGUA,PE-1S,1176.0,DESPISTE,10.0,1.0,THURSDAY,0,0
PUNO,PE-3S,1234.0,DESPISTE,15.0,1.0,THURSDAY,0,0
PUNO,PE-1S,1380.0,DESPISTE,14.0,1.0,THURSDAY,0,0
LIMA,PE-1N,8.0,CHOQUE,7.0,1.0,FRIDAY,0,0
CAJAMARCA,PE-06B,40.0,DESPISTE,23.0,1.0,FRIDAY,1,0
LIMA,PE-1S,58.0,CHOQUE,22.0,1.0,FRIDAY,1,0
JUNIN,PE-3N,64.0,CHOQUE,9.0,1.0,FRIDAY,0,0
LIMA,PE-22,85.0,DESPISTE,6.0,1.0,FRIDAY,0,0
LIMA,PE-1N,93.0,CHOQUE,6.0,1.0,FRIDAY,0,0
AYACUCHO,PE-22,126.0,CHOQUE,18.0,1.0,FRIDAY,1,0
PUNO,PE-5N,128.0,DESPISTE,8.0,1.0,FRIDAY,0,0
PUNO,PE-30A,167.0,DESPISTE,14.0,1.0,FRIDAY,0,0
LIMA,PE-1N,180.0,DESPISTE,2.0,1.0,FRIDAY,0,0
LIMA,PE-1N,212.0,CHOQUE,17.0,1.0,FRIDAY,0,0
LIMA,PE-1N,220.0,ESPECIAL,20.0,1.0,FRIDAY,1,0
ICA,PE-1S,227.0,CHOQUE,20.0,1.0,FRIDAY,1,0
PUNO,PE-36A,245.0,DESPISTE,11.0,1.0,FRIDAY,0,0
AMAZONAS,PE-5N,266.0,DESPISTE,2.0,1.0,FRIDAY,0,0
AREQUIPA,PE-1S,580.0,CHOQUE,23.0,1.0,FRIDAY,1,0
PIURA,PE-1N,1078.0,ESPECIAL,12.0,1.0,FRIDAY,0,0
JUNIN,PE-3S,9.0,DESPISTE,5.0,2.0,SATURDAY,0,0
CUSCO,PE-28G,12.0,DESPISTE,17.0,2.0,SATURDAY,0,0
TACNA,PE-36A,24.0,DESPISTE,14.0,2.0,SATURDAY,0,0
CAJAMARCA,PE-06B,76.0,DESPISTE,17.0,2.0,SATURDAY,0,0
JUNIN,PE-3S,91.0,ATROPELLO,19.0,2.0,SATURDAY,1,1
LIMA,PE-22,105.0,DESPISTE,22.0,2.0,SATURDAY,1,0
MOQUEGUA,PE-1S,110.0,CHOQUE,9.0,2.0,SATURDAY,0,0
AYACUCHO,PE-28A,298.0,CHOQUE,18.0,2.0,SATURDAY,1,0
ICA,PE-1S,370.0,CHOQUE,14.0,2.0,SATURDAY,0,1
ICA,PE-1S,478.0,DESPISTE,4.0,2.0,SATURDAY,0,0
AREQUIPA,PE-1S,608.0,DESPISTE,8.0,2.0,SATURDAY,0,0
CUSCO,PE-28B,2.0,CHOQUE,13.0,2.0,SUNDAY,0,0
LA LIBERTAD,PE-10A,6.0,CHOQUE,23.0,2.0,SUNDAY,1,0
LIMA,PE-1S,47.0,CHOQUE,16.0,2.0,SUNDAY,0,0
JUNIN,PE-3N,48.0,DESPISTE,12.0,2.0,SUNDAY,0,0
AREQUIPA,PE-1SD,51.0,CHOQUE,7.0,2.0,SUNDAY,0,1
LIMA,PE-1S,56.0,DESPISTE,8.0,2.0,SUNDAY,0,0
LIMA,PE-1S,70.0,CHOQUE,2.0,2.0,SUNDAY,0,0
LIMA,PE-1S,70.0,CHOQUE,20.0,2.0,SUNDAY,1,0
LIMA,PE-22,81.0,CHOQUE,0.0,2.0,SUNDAY,0,0
CAJAMARCA,PE-08B,96.0,CHOQUE,19.0,2.0,SUNDAY,1,0
JUNIN,PE-22B,97.0,CHOQUE,16.0,2.0,SUNDAY,0,0
LIMA,PE-22,100.0,CHOQUE,15.0,2.0,SUNDAY,0,0
JUNIN,PE-3S,106.0,ATROPELLO,6.0,2.0,SUNDAY,0,1
LIMA,PE-1S,107.0,DESPISTE,11.0,2.0,SUNDAY,0,0
JUNIN,PE-22,138.0,CHOQUE,5.0,2.0,SUNDAY,0,0
MOQUEGUA,PE-1SD,187.0,DESPISTE,19.0,2.0,SUNDAY,1,0
HUANCAVELICA,PE-28A,189.0,DESPISTE,5.0,2.0,SUNDAY,0,0
AMAZONAS,PE-08B,305.0,DESPISTE,11.0,2.0,SUNDAY,0,0
ANCASH,N.I.,447.0,CHOQUE,18.0,2.0,SUNDAY,1,0
SAN MARTIN,PE-5N,535.0,DESPISTE,14.0,2.0,SUNDAY,0,0
AREQUIPA,PE-1S,633.0,DESPISTE,11.0,2.0,SUNDAY,0,0
AREQUIPA,PE-1S,861.0,DESPISTE,14.0,2.0,SUNDAY,0,0
JUNIN,PE-3S,15.0,DESPISTE,8.0,2.0,MONDAY,0,0
PIURA,PE-02,20.0,DESPISTE,19.0,2.0,MONDAY,1,0
LIMA,PE-1S,36.0,DESPISTE,18.0,2.0,MONDAY,1,0
LIMA,PE-1S,76.0,DESPISTE,10.0,2.0,MONDAY,0,1
LIMA,PE-22,100.0,DESPISTE,8.0,2.0,MONDAY,0,1
CUSCO,PE-28B,108.0,DESPISTE,22.0,2.0,MONDAY,1,0
LIMA,PE-22,129.0,CHOQUE,7.0,2.0,MONDAY,0,0
ICA,PE-1S,188.0,DESPISTE,16.0,2.0,MONDAY,0,0
AYACUCHO,PE-28A,265.0,CHOQUE,5.0,2.0,MONDAY,0,0
ANCASH,PE-1N,379.0,DESPISTE,4.0,2.0,MONDAY,0,0
HUANUCO,PE-5N,499.0,CHOQUE,12.0,2.0,MONDAY,0,0
LA LIBERTAD,PE-1N,600.0,CHOQUE,7.0,2.0,MONDAY,0,0
AREQUIPA,PE-1S,1046.0,CHOQUE,0.0,2.0,MONDAY,0,0
PIURA,PE-1NL,1057.0,CHOQUE,8.0,2.0,MONDAY,0,0
HUANUCO,PE-18A,8.0,ATROPELLO,17.0,2.0,TUESDAY,0,0
MOQUEGUA,PE-36,18.0,CHOQUE,7.0,2.0,TUESDAY,0,0
SAN MARTIN,PE-5NB,40.0,CHOQUE,18.0,2.0,TUESDAY,1,0
CUSCO,PE-28F,46.0,DESPISTE,9.0,2.0,TUESDAY,0,0
LIMA,PE-1N,68.0,DESPISTE,15.0,2.0,TUESDAY,0,0
LIMA,PE-22,101.0,ESPECIAL,0.0,2.0,TUESDAY,0,0
HUANCAVELICA,PE-28D,136.0,CHOQUE,5.0,2.0,TUESDAY,0,0
ICA,PE-1S,236.0,ATROPELLO,6.0,2.0,TUESDAY,0,1
PUNO,PE-36A,270.0,ATROPELLO,10.0,2.0,TUESDAY,0,0
PUNO,PE-36A,278.0,DESPISTE,11.0,2.0,TUESDAY,0,0
ANCASH,PE-1N,291.0,DESPISTE,17.0,2.0,TUESDAY,0,1
PUNO,PE-30A,340.0,ATROPELLO,20.0,2.0,TUESDAY,1,1
ICA,PE-1S,475.0,ATROPELLO,4.0,2.0,TUESDAY,0,1
LAMBAYEQUE,PE-1N,834.0,DESPISTE,18.0,2.0,TUESDAY,1,0
CUSCO,PE-3S,1022.0,CHOQUE,15.0,2.0,TUESDAY,0,0
PIURA,PE-1NL,1039.0,CHOQUE,7.0,2.0,TUESDAY,0,0
PUNO,PE-1S,1394.0,ATROPELLO,4.0,2.0,TUESDAY,0,1
CUSCO,N.I.,0.0,CHOQUE,10.0,2.0,WEDNESDAY,0,0
LIMA,PE-22,16.0,ATROPELLO,8.0,2.0,WEDNESDAY,0,1
LIMA,PE-22,22.0,CHOQUE,18.0,2.0,WEDNESDAY,1,0
UCAYALI,PE-18C,86.0,CHOQUE,21.0,2.0,WEDNESDAY,1,0
JUNIN,PE-3S,92.0,DESPISTE,2.0,2.0,WEDNESDAY,0,0
LIMA,PE-1S,126.0,DESPISTE,7.0,2.0,WEDNESDAY,0,0
AMAZONAS,PE-5N,212.0,VOLCADURA,21.0,2.0,WEDNESDAY,1,1
SAN MARTIN,PE-5N,483.0,DESPISTE,2.0,2.0,WEDNESDAY,0,0
LAMBAYEQUE,PE-1N,754.0,DESPISTE,19.0,2.0,WEDNESDAY,1,0
CUSCO,N.I.,940.0,DESPISTE,6.0,2.0,WEDNESDAY,0,0
AREQUIPA,PE-1S,957.0,CHOQUE,6.0,2.0,WEDNESDAY,0,1
PIURA,PE-1NL,1049.0,DESPISTE,8.0,2.0,WEDNESDAY,0,0
CUSCO,PE-3S,1071.0,DESPISTE,11.0,2.0,WEDNESDAY,0,0
PUNO,PE-3S,1214.0,DESPISTE,11.0,2.0,WEDNESDAY,0,0
PIURA,PE-1N,66.0,DESPISTE,19.0,2.0,THURSDAY,1,0
LIMA,PE-22,97.0,DESPISTE,6.0,2.0,THURSDAY,0,1
JUNIN,PE-22,136.0,CHOQUE,23.0,2.0,THURSDAY,1,0
JUNIN,PE-22,155.0,CHOQUE,8.0,2.0,THURSDAY,0,0
AREQUIPA,PE-34A,157.0,CHOQUE,12.0,2.0,THURSDAY,0,0
HUANCAVELICA,PE-28A,165.0,DESPISTE,8.0,2.0,THURSDAY,0,0
ICA,PE-1S,219.0,CHOQUE,2.0,2.0,THURSDAY,0,0
PUNO,PE-34A,235.0,DESPISTE,10.0,2.0,THURSDAY,0,0
MADRE DE DIOS,PE-30C,450.0,CHOQUE,16.0,2.0,THURSDAY,0,1
AREQUIPA,N.I.,587.0,CHOQUE,20.0,2.0,THURSDAY,1,0
APURIMAC,PE-3S,782.0,CHOQUE,17.0,2.0,THURSDAY,0,0
SAN MARTIN,PE-5N,,DESPISTE,15.0,2.0,THURSDAY,0,0
LA LIBERTAD,PE-10A,1.0,CHOQUE,15.0,2.0,FRIDAY,0,1
ANCASH,PE-1N,6.0,CHOQUE,11.0,2.0,FRIDAY,0,1
JUNIN,PE-3SA,9.0,CHOQUE,0.0,2.0,FRIDAY,0,0
ANCASH,AN-110,28.0,DESPISTE,19.0,2.0,FRIDAY,1,0
TACNA,PE-1SD,29.0,DESPISTE,10.0,2.0,FRIDAY,0,0
AREQUIPA,PE-1SE,29.0,DESPISTE,7.0,2.0,FRIDAY,0,0
LIMA,PE-1S,44.0,DESPISTE,6.0,2.0,FRIDAY,0,0
AREQUIPA,PE-1SD,44.0,CHOQUE,5.0,2.0,FRIDAY,0,0
LIMA,PE-1S,85.0,DESPISTE,12.0,2.0,FRIDAY,0,0
JUNIN,PE-3S,98.0,ATROPELLO,11.0,2.0,FRIDAY,0,1
ANCASH,PE-12,118.0,CHOQUE,10.0,2.0,FRIDAY,0,0
MOQUEGUA,PE-1SD,138.0,CHOQUE,19.0,2.0,FRIDAY,1,0
ICA,PE-1S,224.0,CHOQUE,2.0,2.0,FRIDAY,0,0
HUANUCO,PE-5N,258.0,DESPISTE,19.0,2.0,FRIDAY,1,1
ANCASH,N.I.,440.0,CHOQUE,9.0,2.0,FRIDAY,0,0
CUSCO,N.I.,865.0,DESPISTE,12.0,2.0,FRIDAY,0,0
TACNA,PE-1S,1261.0,CHOQUE,5.0,2.0,FRIDAY,0,0
PIURA,PE-1N,24.0,CHOQUE,16.0,2.0,SATURDAY,0,0
AREQUIPA,PE-34A,28.0,CHOQUE,7.0,2.0,SATURDAY,0,0
LIMA,PE-1NE,33.0,DESPISTE,23.0,2.0,SATURDAY,1,0
LIMA,PE-1S,39.0,CHOQUE,11.0,2.0,SATURDAY,0,0
CUSCO,CU-117,44.0,CHOQUE,20.0,2.0,SATURDAY,1,0
LIMA,PE-22,45.0,DESPISTE,9.0,2.0,SATURDAY,0,0
HUANCAVELICA,PE-26B,59.0,CHOQUE,10.0,2.0,SATURDAY,0,0
JUNIN,PE-3N,60.0,CHOQUE,17.0,2.0,SATURDAY,0,0
LIMA,PE-1S,90.0,ATROPELLO,20.0,2.0,SATURDAY,1,0
LIMA,PE-1S,103.0,CHOQUE,3.0,2.0,SATURDAY,0,0
LIMA,PE-22,111.0,CHOQUE,14.0,2.0,SATURDAY,0,0
JUNIN,PE-22,135.0,DESPISTE,1.0,2.0,SATURDAY,0,0
JUNIN,PE-22,152.0,CHOQUE,13.0,2.0,SATURDAY,0,1
TACNA,PE-36A,157.0,DESPISTE,13.0,2.0,SATURDAY,0,0
APURIMAC,PE-30A,182.0,DESPISTE,14.0,2.0,SATURDAY,0,0
LIMA,N.I.,195.0,DESPISTE,2.0,2.0,SATURDAY,0,0
PUNO,PE-34A,203.0,DESPISTE,11.0,2.0,SATURDAY,0,0
APURIMAC,PE-30A,308.0,DESPISTE,6.0,2.0,SATURDAY,0,0
ANCASH,PE-1N,374.0,CHOQUE,5.0,2.0,SATURDAY,0,0
HUANUCO,PE-1S,516.0,CHOQUE,6.0,2.0,SATURDAY,0,1
AREQUIPA,PE-1S,668.0,DESPISTE,4.0,2.0,SATURDAY,0,0
AREQUIPA,PE-1S,716.0,CHOQUE,13.0,2.0,SATURDAY,0,0
LAMBAYEQUE,PE-1N,819.0,CHOQUE,22.0,2.0,SATURDAY,1,0
CUSCO,PE-3S,879.0,DESPISTE,17.0,2.0,SATURDAY,0,0
AREQUIPA,PE-1S,931.0,DESPISTE,20.0,2.0,SATURDAY,1,0
PIURA,PE-02A,3.0,DESPISTE,5.0,2.0,SUNDAY,0,0
CUSCO,PE-30,3.0,CHOQUE,18.0,2.0,SUNDAY,1,0
LORETO,LO-103,5.0,CHOQUE,17.0,2.0,SUNDAY,0,0
LORETO,LO-103,12.0,DESPISTE,17.0,2.0,SUNDAY,0,0
TACNA,MO-108,14.0,DESPISTE,16.0,2.0,SUNDAY,0,0
LIMA,PE-1S,24.0,CHOQUE,17.0,2.0,SUNDAY,0,0
LIMA,PE-20A,27.0,DESPISTE,12.0,2.0,SUNDAY,0,0
LIMA,PE-1N,47.0,ATROPELLO,1.0,2.0,SUNDAY,0,0
LIMA,PE-1S,56.0,ATROPELLO,22.0,2.0,SUNDAY,1,1
LIMA,PE-22,65.0,CHOQUE,23.0,2.0,SUNDAY,1,0
CAJAMARCA,PE-06B,67.0,DESPISTE,2.0,2.0,SUNDAY,0,0
CUSCO,PE-28B,68.0,CHOQUE,16.0,2.0,SUNDAY,0,0
CUSCO,PE-28B,68.0,CHOQUE,14.0,2.0,SUNDAY,0,0
CAJAMARCA,PE-3N,77.0,DESPISTE,17.0,2.0,SUNDAY,0,0
AREQUIPA,PE-34A,88.0,CHOQUE,18.0,2.0,SUNDAY,1,0
LIMA,PE-22,92.0,DESPISTE,10.0,2.0,SUNDAY,0,0
LIMA,PE-1S,113.0,CHOQUE,9.0,2.0,SUNDAY,0,1
AREQUIPA,PE-34A,120.0,CHOQUE,22.0,2.0,SUNDAY,1,0
MOQUEGUA,PE-36A,123.0,DESPISTE,15.0,2.0,SUNDAY,0,0
CAJAMARCA,PE-08B,132.0,CHOQUE,16.0,2.0,SUNDAY,0,0
AYACUCHO,PE-28A,228.0,DESPISTE,8.0,2.0,SUNDAY,0,0
LIMA,PE-1N,236.0,CHOQUE,7.0,2.0,SUNDAY,0,0
ICA,PE-1S,269.0,ESPECIAL,16.0,2.0,SUNDAY,0,0
AMAZONAS,PE-5N,280.0,DESPISTE,2.0,2.0,SUNDAY,0,0
AMAZONAS,PE-08B,321.0,DESPISTE,0.0,2.0,SUNDAY,0,0
MADRE DE DIOS,PE-30C,386.0,CHOQUE,14.0,2.0,SUNDAY,0,0
HUANUCO,PE-5N,453.0,CHOQUE,3.0,2.0,SUNDAY,0,0
ANCASH,PE-3N,638.0,DESPISTE,14.0,2.0,SUNDAY,0,1
LAMBAYEQUE,PE-1S,815.0,CHOQUE,23.0,2.0,SUNDAY,1,0
CUSCO,PE-3S,,VOLCADURA,4.0,2.0,SUNDAY,0,0
CAJAMARCA,PE-08,9.0,DESPISTE,15.0,2.0,MONDAY,0,0
AREQUIPA,PE-34E,36.0,CHOQUE,15.0,2.0,MONDAY,0,0
LIMA,PE-1N,43.0,CHOQUE,20.0,2.0,MONDAY,1,1
LIMA,PE-22,46.0,ATROPELLO,13.0,2.0,MONDAY,0,0
LIMA,PE-22,50.0,DESPISTE,17.0,2.0,MONDAY,0,0
LIMA,PE-22,69.0,DESPISTE,8.0,2.0,MONDAY,0,0
LIMA,PE-1N,82.0,CHOQUE,10.0,2.0,MONDAY,0,0
HUANCAVELICA,PE-28A,114.0,DESPISTE,7.0,2.0,MONDAY,0,1
HUANCAVELICA,PE-28A,114.0,DESPISTE,7.0,2.0,MONDAY,0,1
AREQUIPA,PE-34A,156.0,DESPISTE,21.0,2.0,MONDAY,1,0
PUNO,PE-34A,206.0,DESPISTE,0.0,2.0,MONDAY,0,1
SAN MARTIN,PE-5N,515.0,DESPISTE,10.0,2.0,MONDAY,0,0
CAJAMARCA,PE-08,693.0,DESPISTE,13.0,2.0,MONDAY,0,1
AREQUIPA,PE-1S,791.0,CHOQUE,19.0,2.0,MONDAY,1,0
APURIMAC,PE-3S,833.0,DESPISTE,16.0,2.0,MONDAY,0,0
APURIMAC,PE-3S,833.0,CHOQUE,19.0,2.0,MONDAY,1,0
LIMA,PE-22,29.0,CHOQUE,5.0,2.0,TUESDAY,0,0
AREQUIPA,PE-34E,31.0,DESPISTE,16.0,2.0,TUESDAY,0,0
LIMA,PE-1S,53.0,CHOQUE,0.0,2.0,TUESDAY,0,0
AREQUIPA,PE-34A,147.0,CHOQUE,16.0,2.0,TUESDAY,0,0
LIMA,PE-1N,186.0,CHOQUE,11.0,2.0,TUESDAY,0,0
ICA,PE-1S,187.0,CHOQUE,23.0,2.0,TUESDAY,1,0
ANCASH,PE-1N,392.0,DESPISTE,13.0,2.0,TUESDAY,0,0
SAN MARTIN,PE-5N,512.0,CHOQUE,19.0,2.0,TUESDAY,1,0
LAMBAYEQUE,PE-1N,779.0,CHOQUE,10.0,2.0,TUESDAY,0,0
PUNO,PE-3S,1227.0,CHOQUE,20.0,2.0,TUESDAY,1,0
CAJAMARCA,PE-06B,47.0,DESPISTE,7.0,2.0,WEDNESDAY,0,0
TACNA,PE-36A,75.0,DESPISTE,4.0,2.0,WEDNESDAY,0,0
AREQUIPA,PE-34A,100.0,DESPISTE,0.0,2.0,WEDNESDAY,0,0
JUNIN,PE-22,137.0,DESPISTE,13.0,2.0,WEDNESDAY,0,0
ICA,PE-1S,187.0,DESPISTE,12.0,2.0,WEDNESDAY,0,0
PUNO,PE-34A,205.0,DESPISTE,5.0,2.0,WEDNESDAY,0,0
ICA,PE-1S,226.0,DESPISTE,6.0,2.0,WEDNESDAY,0,0
PUNO,PE-34A,246.0,DESPISTE,10.0,2.0,WEDNESDAY,0,0
AREQUIPA,PE-1S,811.0,DESPISTE,7.0,2.0,WEDNESDAY,0,0
CUSCO,PE-3S,1007.0,CHOQUE,18.0,2.0,WEDNESDAY,1,0
CUSCO,PE-3S,1026.0,DESPISTE,22.0,2.0,WEDNESDAY,1,0
CUSCO,PE-3S,1045.0,VOLCADURA,2.0,2.0,WEDNESDAY,0,0
CUSCO,PE-28G,18.0,ATROPELLO,23.0,2.0,THURSDAY,1,1
JUNIN,PE-3SA,20.0,DESPISTE,17.0,2.0,THURSDAY,0,0
UCAYALI,PE-18C,24.0,CHOQUE,9.0,2.0,THURSDAY,0,0
CAJAMARCA,PE-06B,35.0,CHOQUE,15.0,2.0,THURSDAY,0,0
PIURA,PE-36A,65.0,DESPISTE,0.0,2.0,THURSDAY,0,0
ANCASH,PE-3N,93.0,CHOQUE,17.0,2.0,THURSDAY,0,0
LIMA,PE-1S,96.0,CHOQUE,21.0,2.0,THURSDAY,1,0
LIMA,PE-1S,131.0,ATROPELLO,21.0,2.0,THURSDAY,1,1
JUNIN,PE-22,136.0,CHOQUE,17.0,2.0,THURSDAY,0,1
MOQUEGUA,PE-1SD,226.0,DESPISTE,4.0,2.0,THURSDAY,0,0
APURIMAC,PE-3S,251.0,CHOQUE,17.0,2.0,THURSDAY,0,0
ICA,PE-1S,328.0,CHOQUE,12.0,2.0,THURSDAY,0,0
ANCASH,PE-1N,345.0,DESPISTE,7.0,2.0,THURSDAY,0,0
ICA,PE-1S,362.0,DESPISTE,10.0,2.0,THURSDAY,0,1
LAMBAYEQUE,PE-1N,761.0,CHOQUE,19.0,2.0,THURSDAY,1,0
PIURA,PE-1N,1027.0,CHOQUE,17.0,2.0,THURSDAY,0,0
ICA,PE-28A,37.0,DESPISTE,19.0,2.0,FRIDAY,1,0
LIMA,PE-1N,38.0,DESPISTE,2.0,2.0,FRIDAY,0,0
CAJAMARCA,PE-08B,42.0,DESPISTE,8.0,2.0,FRIDAY,0,0
ANCASH,AN-107,46.0,CHOQUE,15.0,2.0,FRIDAY,0,0
LIMA,PE-1S,59.0,CHOQUE,15.0,2.0,FRIDAY,0,0
ANCASH,PE-12A,64.0,DESPISTE,6.0,2.0,FRIDAY,0,0
LIMA,PE-1S,86.0,ATROPELLO,18.0,2.0,FRIDAY,1,1
LIMA,PE-1S,88.0,DESPISTE,23.0,2.0,FRIDAY,1,0
AMAZONAS,PE-5N,94.0,ATROPELLO,19.0,2.0,FRIDAY,1,0
LIMA,PE-22,114.0,CHOQUE,15.0,2.0,FRIDAY,0,0
ANCASH,PE-16,117.0,DESPISTE,19.0,2.0,FRIDAY,1,0
LIMA,PE-1S,126.0,CHOQUE,13.0,2.0,FRIDAY,0,0
JUNIN,PE-22,143.0,CHOQUE,3.0,2.0,FRIDAY,0,0
HUANCAVELICA,PE-28A,160.0,DESPISTE,12.0,2.0,FRIDAY,0,0
ICA,PE-1S,410.0,CHOQUE,5.0,2.0,FRIDAY,0,0
ANCASH,PE-3N,603.0,CHOQUE,17.0,2.0,FRIDAY,0,0
APURIMAC,PE-3S,755.0,ATROPELLO,14.0,2.0,FRIDAY,0,0
AREQUIPA,PE-1S,926.0,CHOQUE,9.0,2.0,FRIDAY,0,0
AREQUIPA,PE-1S,975.0,CHOQUE,12.0,2.0,FRIDAY,0,0
PIURA,PE-1N,1029.0,CHOQUE,20.0,2.0,FRIDAY,1,0
CUSCO,PE-3S,1096.0,CHOQUE,4.0,2.0,FRIDAY,0,0
MOQUEGUA,PE-1S,1147.0,CHOQUE,9.0,2.0,FRIDAY,0,0
MOQUEGUA,PE-36A,0.0,DESPISTE,17.0,2.0,SATURDAY,0,0
LIMA,PE-1S,58.0,ATROPELLO,18.0,2.0,SATURDAY,1,0
LIMA,PE-1S,62.0,DESPISTE,18.0,2.0,SATURDAY,1,1
LIMA,PE-22,67.0,CHOQUE,10.0,2.0,SATURDAY,0,0
CAJAMARCA,PE-08B,89.0,DESPISTE,19.0,2.0,SATURDAY,1,0
LIMA,PE-1S,101.0,CHOQUE,16.0,2.0,SATURDAY,0,0
PIURA,PE-1N,125.0,DESPISTE,5.0,2.0,SATURDAY,0,1
ANCASH,PE-16,128.0,DESPISTE,23.0,2.0,SATURDAY,1,0
ICA,PE-1S,184.0,DESPISTE,2.0,2.0,SATURDAY,0,0
CUSCO,PE-28B,212.0,DESPISTE,13.0,2.0,SATURDAY,0,0
ANCASH,PE-1N,263.0,DESPISTE,22.0,2.0,SATURDAY,1,0
AYACUCHO,PE-28A,307.0,DESPISTE,7.0,2.0,SATURDAY,0,0
AYACUCHO,PE-3S,411.0,CHOQUE,10.0,2.0,SATURDAY,0,0
LA LIBERTAD,PE-1N,702.0,CHOQUE,7.0,2.0,SATURDAY,0,1
LA LIBERTAD,PE-1N,727.0,ESPECIAL,0.0,2.0,SATURDAY,0,0
LIMA,PE-1S,4.0,CHOQUE,15.0,2.0,SUNDAY,0,1
LORETO,LO-103,4.0,DESPISTE,5.0,2.0,SUNDAY,0,0
AREQUIPA,PE-34E,11.0,DESPISTE,12.0,2.0,SUNDAY,0,0
LAMBAYEQUE,PE-5N,22.0,DESPISTE,14.0,2.0,SUNDAY,0,1
LIMA,PE-1S,27.0,CHOQUE,12.0,2.0,SUNDAY,0,0
AREQUIPA,PE-1SD,37.0,DESPISTE,18.0,2.0,SUNDAY,1,0
HUANCAVELICA,PE-28A,60.0,DESPISTE,14.0,2.0,SUNDAY,0,0
LIMA,PE-22,67.0,DESPISTE,6.0,2.0,SUNDAY,0,0
HUANCAVELICA,PE-28A,71.0,CHOQUE,17.0,2.0,SUNDAY,0,0
LIMA,PE-1N,92.0,DESPISTE,18.0,2.0,SUNDAY,1,0
LIMA,PE-1S,103.0,CHOQUE,8.0,2.0,SUNDAY,0,0
LIMA,PE-1S,104.0,ATROPELLO,20.0,2.0,SUNDAY,1,0
HUANUCO,PE-18A,111.0,DESPISTE,8.0,2.0,SUNDAY,0,0
HUANCAVELICA,PE-28A,121.0,CHOQUE,4.0,2.0,SUNDAY,0,0
ICA,PE-1S,192.0,CHOQUE,17.0,2.0,SUNDAY,0,0
MADRE DE DIOS,PE-30C,291.0,DESPISTE,4.0,2.0,SUNDAY,0,0
ICA,PE-1S,379.0,DESPISTE,23.0,2.0,SUNDAY,1,0
ICA,PE-1S,423.0,CHOQUE,7.0,2.0,SUNDAY,0,0
ANCASH,PE-1N,446.0,ATROPELLO,5.0,2.0,SUNDAY,0,1
ANCASH,PE-16,563.0,CHOQUE,14.0,2.0,SUNDAY,0,0
LA LIBERTAD,PE-1N,640.0,DESPISTE,11.0,2.0,SUNDAY,0,0
SAN MARTIN,PE-5N,648.0,ATROPELLO,22.0,2.0,SUNDAY,1,1
LAMBAYEQUE,PE-1N,805.0,CHOQUE,19.0,2.0,SUNDAY,1,0
PUNO,PE-1S,1347.0,CHOQUE,15.0,2.0,SUNDAY,0,0
PUNO,PE-1S,1375.0,DESPISTE,17.0,2.0,SUNDAY,0,0
AMAZONAS,AM-108,4.0,CHOQUE,23.0,2.0,MONDAY,1,0
TACNA,PE-1SD,6.0,ATROPELLO,21.0,2.0,MONDAY,1,1
LIMA,PE-1N,8.0,CHOQUE,18.0,2.0,MONDAY,1,0
AREQUIPA,PE-34E,8.0,CHOQUE,0.0,2.0,MONDAY,0,0
LIMA,PE-22,61.0,DESPISTE,6.0,2.0,MONDAY,0,0
JUNIN,PE-3S,64.0,DESPISTE,8.0,2.0,MONDAY,0,0
PUNO,PE-34H,68.0,CHOQUE,15.0,2.0,MONDAY,0,0
JUNIN,PE-3S,94.0,DESPISTE,5.0,2.0,MONDAY,0,0
ANCASH,AN-107,110.0,CHOQUE,15.0,2.0,MONDAY,0,0
MOQUEGUA,PE-1SD,114.0,CHOQUE,7.0,2.0,MONDAY,0,0
JUNIN,PE-22,156.0,DESPISTE,6.0,2.0,MONDAY,0,0
PUNO,PE-30A,279.0,DESPISTE,20.0,2.0,MONDAY,1,0
ANCASH,PE-1N,315.0,DESPISTE,16.0,2.0,MONDAY,0,0
AREQUIPA,PE-1S,599.0,DESPISTE,9.0,2.0,MONDAY,0,0
AREQUIPA,PE-1S,747.0,CHOQUE,19.0,2.0,MONDAY,1,1
PUNO,PE-3S,1149.0,CHOQUE,16.0,2.0,MONDAY,0,0
ANCASH,PE-14,3.0,CHOQUE,12.0,2.0,TUESDAY,0,0
LIMA,PE-1N,63.0,DESPISTE,11.0,2.0,TUESDAY,0,0
CUSCO,PE-28B,93.0,DESPISTE,10.0,2.0,TUESDAY,0,0
LIMA,PE-1S,126.0,CHOQUE,11.0,2.0,TUESDAY,0,0
AREQUIPA,PE-1S,633.0,DESPISTE,6.0,2.0,TUESDAY,0,0
AREQUIPA,PE-1S,706.0,CHOQUE,10.0,2.0,TUESDAY,0,0
AYACUCHO,PE-30A,41.0,CHOQUE,18.0,2.0,WEDNESDAY,1,0
TACNA,PE-1SD,44.0,DESPISTE,11.0,2.0,WEDNESDAY,0,0
LAMBAYEQUE,PE-1N,73.0,DESPISTE,3.0,2.0,WEDNESDAY,0,0
ANCASH,PE-3N,74.0,DESPISTE,19.0,2.0,WEDNESDAY,1,0
LIMA,PE-1N,78.0,CHOQUE,10.0,2.0,WEDNESDAY,0,0
HUANCAVELICA,PE-28A,114.0,DESPISTE,6.0,2.0,WEDNESDAY,0,0
AMAZONAS,PE-5N,233.0,CHOQUE,21.0,2.0,WEDNESDAY,1,0
JUNIN,PE-24,251.0,CHOQUE,14.0,2.0,WEDNESDAY,0,0
MADRE DE DIOS,PE-30C,329.0,DESPISTE,20.0,2.0,WEDNESDAY,1,1
ANCASH,AN-111,401.0,DESPISTE,18.0,2.0,WEDNESDAY,1,0
ANCASH,PE-16,553.0,CHOQUE,22.0,2.0,WEDNESDAY,1,0
AREQUIPA,PE-1S,560.0,CHOQUE,3.0,2.0,WEDNESDAY,0,0
AREQUIPA,PE-1S,605.0,CHOQUE,22.0,2.0,WEDNESDAY,1,0
AREQUIPA,PE-34F,0.0,DESPISTE,12.0,2.0,THURSDAY,0,0
AREQUIPA,PE-1SD,5.0,DESPISTE,12.0,2.0,THURSDAY,0,0
AREQUIPA,PE-1SE,7.0,DESPISTE,16.0,2.0,THURSDAY,0,0
CAJAMARCA,PE-08B,22.0,CHOQUE,18.0,2.0,THURSDAY,1,0
CUSCO,PE-34F,60.0,DESPISTE,21.0,2.0,THURSDAY,1,0
LIMA,PE-1S,86.0,CHOQUE,20.0,2.0,THURSDAY,1,0
CAJAMARCA,PE-08,101.0,DESPISTE,0.0,2.0,THURSDAY,0,0
LIMA,PE-22,119.0,CHOQUE,15.0,2.0,THURSDAY,0,0
LIMA,PE-1S,152.0,ATROPELLO,5.0,2.0,THURSDAY,0,1
ANCASH,PE-1N,418.0,DESPISTE,17.0,2.0,THURSDAY,0,0
SAN MARTIN,PE-5N,504.0,DESPISTE,7.0,2.0,THURSDAY,0,0
AREQUIPA,PE-1S,602.0,DESPISTE,6.0,2.0,THURSDAY,0,0
AREQUIPA,PE-1S,746.0,DESPISTE,13.0,2.0,THURSDAY,0,0
CUSCO,PE-3S,1048.0,CHOQUE,22.0,2.0,THURSDAY,1,0
AREQUIPA,PE-1SE,23.0,CHOQUE,5.0,2.0,FRIDAY,0,0
LIMA,PE-1S,36.0,DESPISTE,13.0,2.0,FRIDAY,0,0
LAMBAYEQUE,PE-08,37.0,DESPISTE,12.0,2.0,FRIDAY,0,0
JUNIN,PE-3N,54.0,CHOQUE,5.0,2.0,FRIDAY,0,0
AREQUIPA,PE-34E,63.0,CHOQUE,15.0,2.0,FRIDAY,0,0
JUNIN,PE-22B,67.0,CHOQUE,18.0,2.0,FRIDAY,1,0
ICA,PE-30A,74.0,DESPISTE,14.0,2.0,FRIDAY,0,1
CAJAMARCA,PE-3N,79.0,CHOQUE,7.0,2.0,FRIDAY,0,0
AREQUIPA,PE-34A,87.0,CHOQUE,20.0,2.0,FRIDAY,1,0
CAJAMARCA,PE-08,99.0,CHOQUE,14.0,2.0,FRIDAY,0,0
CAJAMARCA,PE-08,167.0,DESPISTE,7.0,2.0,FRIDAY,0,0
ANCASH,PE-1N,286.0,DESPISTE,6.0,2.0,FRIDAY,0,1
SAN MARTIN,PE-5N,403.0,DESPISTE,21.0,2.0,FRIDAY,1,0
AREQUIPA,PE-1S,602.0,DESPISTE,21.0,2.0,FRIDAY,1,0
PIURA,PE-1N,1014.0,DESPISTE,6.0,2.0,FRIDAY,0,0
PUNO,PE-34H,14.0,DESPISTE,21.0,2.0,SATURDAY,1,0
LIMA,PE-1S,23.0,DESPISTE,6.0,2.0,SATURDAY,0,0
CAJAMARCA,PE-08B,25.0,CHOQUE,20.0,2.0,SATURDAY,1,0
ANCASH,AN-110,29.0,DESPISTE,23.0,2.0,SATURDAY,1,0
CAJAMARCA,PE-08,61.0,CHOQUE,8.0,2.0,SATURDAY,0,0
LAMBAYEQUE,PE-1N,62.0,CHOQUE,23.0,2.0,SATURDAY,1,1
CAJAMARCA,PE-08,75.0,DESPISTE,13.0,2.0,SATURDAY,0,0
JUNIN,PE-22B,84.0,CHOQUE,16.0,2.0,SATURDAY,0,0
CUSCO,PE-28B,89.0,DESPISTE,8.0,2.0,SATURDAY,0,0
JUNIN,PE-22B,91.0,CHOQUE,15.0,2.0,SATURDAY,0,0
AREQUIPA,PE-34A,106.0,CHOQUE,4.0,2.0,SATURDAY,0,0
LIMA,PE-22,111.0,CHOQUE,11.0,2.0,SATURDAY,0,0
LIMA,PE-22,121.0,ESPECIAL,19.0,2.0,SATURDAY,1,0
PUNO,PE-36A,139.0,DESPISTE,17.0,2.0,SATURDAY,0,0
JUNIN,PE-22,152.0,CHOQUE,13.0,2.0,SATURDAY,0,1
JUNIN,PE-22,154.0,DESPISTE,6.0,2.0,SATURDAY,0,0
ANCASH,PE-16,182.0,DESPISTE,11.0,2.0,SATURDAY,0,0
ICA,PE-1S,239.0,DESPISTE,20.0,2.0,SATURDAY,1,0
AMAZONAS,PE-5N,272.0,DESPISTE,16.0,2.0,SATURDAY,0,1
SAN MARTIN,PE-5N,509.0,CHOQUE,9.0,2.0,SATURDAY,0,0
ANCASH,PE-16,563.0,DESPISTE,7.0,2.0,SATURDAY,0,0
SAN MARTIN,PE-5N,592.0,DESPISTE,4.0,2.0,SATURDAY,0,0
PUNO,PE-3S,1302.0,DESPISTE,23.0,2.0,SATURDAY,1,0
ICA,PE-1S,2.0,DESPISTE,7.0,2.0,SUNDAY,0,0
CUSCO,N.I.,2.0,DESPISTE,23.0,2.0,SUNDAY,1,0
SAN MARTIN,PE-5N,26.0,ATROPELLO,23.0,2.0,SUNDAY,1,1
CAJAMARCA,PE-08B,29.0,CHOQUE,20.0,2.0,SUNDAY,1,0
LIMA,PE-20A,44.0,DESPISTE,20.0,2.0,SUNDAY,1,0
JUNIN,PE-3S,52.0,DESPISTE,13.0,2.0,SUNDAY,0,0
CUSCO,PE-28F,57.0,DESPISTE,17.0,2.0,SUNDAY,0,0
AREQUIPA,PE-34A,74.0,DESPISTE,19.0,2.0,SUNDAY,1,0
MOQUEGUA,PE-36A,77.0,CHOQUE,4.0,2.0,SUNDAY,0,0
JUNIN,PE-3N,87.0,CHOQUE,9.0,2.0,SUNDAY,0,0
LIMA,PE-1N,97.0,DESPISTE,7.0,2.0,SUNDAY,0,0
AREQUIPA,PE-34A,110.0,DESPISTE,6.0,2.0,SUNDAY,0,0
LIMA,PE-1S,148.0,DESPISTE,18.0,2.0,SUNDAY,1,0
JUNIN,PE-22,154.0,DESPISTE,19.0,2.0,SUNDAY,1,0
AREQUIPA,PE-34A,161.0,CHOQUE,14.0,2.0,SUNDAY,0,0
ICA,PE-1S,247.0,DESPISTE,11.0,2.0,SUNDAY,0,1
SAN MARTIN,PE-5N,457.0,CHOQUE,21.0,2.0,SUNDAY,1,0
ICA,PE-1S,478.0,CHOQUE,22.0,2.0,SUNDAY,1,0
LIMA,PE-1S,515.0,DESPISTE,0.0,2.0,SUNDAY,0,0
LA LIBERTAD,PE-1N,526.0,CHOQUE,7.0,2.0,SUNDAY,0,0
SAN MARTIN,PE-5N,593.0,DESPISTE,11.0,2.0,SUNDAY,0,0
ANCASH,PE-3N,610.0,CHOQUE,14.0,2.0,SUNDAY,0,0
AREQUIPA,PE-1S,833.0,CHOQUE,13.0,2.0,SUNDAY,0,0
PUNO,PE-3S,1210.0,DESPISTE,12.0,2.0,SUNDAY,0,0
PUNO,PE-1S,1353.0,CHOQUE,19.0,2.0,SUNDAY,1,0
PUNO,PE-1S,1417.0,CHOQUE,18.0,2.0,SUNDAY,1,1
APURIMAC,PE-30A,2.0,ATROPELLO,15.0,2.0,MONDAY,0,1
AMAZONAS,PE-5N,2.0,CHOQUE,16.0,2.0,MONDAY,0,0
AREQUIPA,PE-34E,8.0,CHOQUE,14.0,2.0,MONDAY,0,1
CAJAMARCA,PE-06B,22.0,ATROPELLO,18.0,2.0,MONDAY,1,0
TACNA,PE-1SD,48.0,DESPISTE,21.0,2.0,MONDAY,1,0
LIMA,PE-22,60.0,DESPISTE,19.0,2.0,MONDAY,1,0
HUANUCO,N.I.,72.0,DESPISTE,0.0,2.0,MONDAY,0,0
JUNIN,PE-5S,81.0,CHOQUE,9.0,2.0,MONDAY,0,0
JUNIN,PE-3S,82.0,CHOQUE,6.0,2.0,MONDAY,0,1
PUNO,PE-34H,85.0,DESPISTE,12.0,2.0,MONDAY,0,0
JUNIN,PE-3N,100.0,CHOQUE,18.0,2.0,MONDAY,1,0
CAJAMARCA,PE-06A,176.0,DESPISTE,9.0,2.0,MONDAY,0,0
PIURA,PE-1N,181.0,DESPISTE,8.0,2.0,MONDAY,0,0
PUNO,PE-34A,216.0,DESPISTE,1.0,2.0,MONDAY,0,0
HUANUCO,PE-3N,229.0,N.I.,6.0,2.0,MONDAY,0,0
JUNIN,PE-3N,38.0,DESPISTE,6.0,2.0,TUESDAY,0,0
LIMA,PE-22,42.0,DESPISTE,11.0,2.0,TUESDAY,0,0
LIMA,PE-22,62.0,DESPISTE,6.0,2.0,TUESDAY,0,0
PIURA,PE-1N,72.0,DESPISTE,11.0,2.0,TUESDAY,0,1
HUANCAVELICA,PE-28A,102.0,DESPISTE,14.0,2.0,TUESDAY,0,0
JUNIN,PE-22,138.0,DESPISTE,7.0,2.0,TUESDAY,0,0
JUNIN,PE-22,143.0,DESPISTE,18.0,2.0,TUESDAY,1,0
HUANCAVELICA,PE-26B,209.0,CHOQUE,6.0,2.0,TUESDAY,0,0
ICA,PE-1S,212.0,DESPISTE,19.0,2.0,TUESDAY,1,0
UCAYALI,PE-18C,364.0,DESPISTE,4.0,2.0,TUESDAY,0,0
AREQUIPA,PE-1S,585.0,CHOQUE,7.0,2.0,TUESDAY,0,1
MOQUEGUA,PE-1S,1136.0,DESPISTE,22.0,2.0,TUESDAY,1,0
MOQUEGUA,PE-1S,1297.0,CHOQUE,19.0,2.0,TUESDAY,1,0
PUNO,PE-3S,1305.0,DESPISTE,5.0,2.0,TUESDAY,0,0
PUNO,PE-1S,1399.0,ATROPELLO,4.0,2.0,TUESDAY,0,1
LA LIBERTAD,PE-10A,19.0,CHOQUE,20.0,2.0,WEDNESDAY,1,0
AREQUIPA,PE-34E,24.0,DESPISTE,16.0,2.0,WEDNESDAY,0,0
AREQUIPA,PE-34,27.0,CHOQUE,21.0,2.0,WEDNESDAY,1,0
PIURA,PE-1N,27.0,CHOQUE,23.0,2.0,WEDNESDAY,1,0
MOQUEGUA,PE-36A,33.0,DESPISTE,9.0,2.0,WEDNESDAY,0,0
HUANUCO,PE-3N,34.0,CHOQUE,17.0,2.0,WEDNESDAY,0,0
MADRE DE DIOS,PE-34B,47.0,CHOQUE,2.0,2.0,WEDNESDAY,0,0
LIMA,PE-1N,48.0,DESPISTE,7.0,2.0,WEDNESDAY,0,0
JUNIN,PE-22B,65.0,DESPISTE,3.0,2.0,WEDNESDAY,0,0
LIMA,PE-1N,113.0,DESPISTE,15.0,2.0,WEDNESDAY,0,0
ANCASH,PE-16,117.0,DESPISTE,22.0,2.0,WEDNESDAY,1,0
CUSCO,PE-28B,165.0,CHOQUE,17.0,2.0,WEDNESDAY,0,0
LIMA,PE-22,166.0,CHOQUE,18.0,2.0,WEDNESDAY,1,0
AMAZONAS,PE-5N,196.0,DESPISTE,23.0,2.0,WEDNESDAY,1,0
AYACUCHO,PE-28A,288.0,CHOQUE,18.0,2.0,WEDNESDAY,1,0
SAN MARTIN,PE-5N,635.0,CHOQUE,14.0,2.0,WEDNESDAY,0,0
LAMBAYEQUE,PE-1N,768.0,CHOQUE,17.0,2.0,WEDNESDAY,0,0
LA LIBERTAD,PE-1N,853.0,CHOQUE,4.0,2.0,WEDNESDAY,0,0
LA LIBERTAD,PE-1N,897.0,ATROPELLO,2.0,2.0,WEDNESDAY,0,1
AREQUIPA,PE-1S,951.0,CHOQUE,9.0,2.0,WEDNESDAY,0,0
LORETO,LO-103,2.0,CHOQUE,15.0,2.0,THURSDAY,0,0
ANCASH,PE-16,11.0,CHOQUE,21.0,2.0,THURSDAY,1,0
LA LIBERTAD,PE-1NF,29.0,DESPISTE,22.0,2.0,THURSDAY,1,0
CAJAMARCA,PE-08A,41.0,CHOQUE,18.0,2.0,THURSDAY,1,0
LIMA,PE-1N,48.0,CHOQUE,16.0,2.0,THURSDAY,0,0
JUNIN,PE-3N,56.0,DESPISTE,13.0,2.0,THURSDAY,0,0
AREQUIPA,PE-1SE,60.0,DESPISTE,10.0,2.0,THURSDAY,0,0
JUNIN,PE-3S,109.0,CHOQUE,7.0,2.0,THURSDAY,0,0
CAJAMARCA,PE-08,166.0,DESPISTE,18.0,2.0,THURSDAY,1,0
AYACUCHO,PE-28A,243.0,CHOQUE,8.0,2.0,THURSDAY,0,0
ICA,PE-1S,306.0,CHOQUE,1.0,2.0,THURSDAY,0,0
APURIMAC,PE-3S,578.0,CHOQUE,20.0,2.0,THURSDAY,1,1
LAMBAYEQUE,PE-1N,812.0,CHOQUE,18.0,2.0,THURSDAY,1,0
CUSCO,PE-3SF,12.0,DESPISTE,17.0,2.0,FRIDAY,0,0
LIMA,PE-1S,22.0,CHOQUE,17.0,2.0,FRIDAY,0,0
LAMBAYEQUE,PE-5N,33.0,DESPISTE,20.0,2.0,FRIDAY,1,1
CAJAMARCA,PE-3N,35.0,CHOQUE,19.0,2.0,FRIDAY,1,0
PUNO,PE-34B,62.0,CHOQUE,21.0,2.0,FRIDAY,1,0
LIMA,PE-22,112.0,CHOQUE,17.0,2.0,FRIDAY,0,0
AREQUIPA,PE-34A,134.0,DESPISTE,14.0,2.0,FRIDAY,0,0
JUNIN,PE-3S,137.0,DESPISTE,19.0,2.0,FRIDAY,1,0
JUNIN,PE-3S,137.0,CHOQUE,10.0,2.0,FRIDAY,0,0
ICA,PE-1S,178.0,CHOQUE,19.0,2.0,FRIDAY,1,0
HUANCAVELICA,PE-28A,179.0,DESPISTE,17.0,2.0,FRIDAY,0,0
PUNO,PE-38,187.0,DESPISTE,10.0,2.0,FRIDAY,0,0
LIMA,PE-1N,212.0,CHOQUE,0.0,2.0,FRIDAY,0,0
ANCASH,PE-1N,240.0,DESPISTE,8.0,2.0,FRIDAY,0,0
APURIMAC,PE-30A,262.0,DESPISTE,6.0,2.0,FRIDAY,0,0
ANCASH,PE-1N,331.0,CHOQUE,23.0,2.0,FRIDAY,1,0
ANCASH,PE-1N,399.0,DESPISTE,9.0,2.0,FRIDAY,0,1
LA LIBERTAD,PE-1N,681.0,CHOQUE,1.0,2.0,FRIDAY,0,0
PUNO,PE-3S,1330.0,CHOQUE,20.0,2.0,FRIDAY,1,1
PUNO,PE-34H,6.0,CHOQUE,15.0,2.0,SATURDAY,0,0
LIMA,PE-1NE,20.0,ATROPELLO,20.0,2.0,SATURDAY,1,0
LIMA,PE-1S,25.0,CHOQUE,21.0,2.0,SATURDAY,1,0
LIMA,PE-1S,31.0,CHOQUE,12.0,2.0,SATURDAY,0,0
AREQUIPA,PE-1SE,31.0,DESPISTE,20.0,2.0,SATURDAY,1,0
LIMA,PE-1S,32.0,DESPISTE,12.0,2.0,SATURDAY,0,0
PIURA,PE-3N,36.0,CHOQUE,16.0,2.0,SATURDAY,0,0
ANCASH,PE-16,47.0,DESPISTE,20.0,2.0,SATURDAY,1,0
LIMA,PE-1S,80.0,DESPISTE,7.0,2.0,SATURDAY,0,0
LIMA,PE-1S,81.0,CHOQUE,23.0,2.0,SATURDAY,1,0
JUNIN,PE-3S,105.0,ATROPELLO,5.0,2.0,SATURDAY,0,1
AYACUCHO,PE-30A,110.0,CHOQUE,19.0,2.0,SATURDAY,1,1
LIMA,PE-1N,115.0,ESPECIAL,23.0,2.0,SATURDAY,1,0
JUNIN,PE-3S,115.0,CHOQUE,15.0,2.0,SATURDAY,0,0
LIMA,PE-1N,119.0,DESPISTE,15.0,2.0,SATURDAY,0,0
CAJAMARCA,PE-08,138.0,CHOQUE,10.0,2.0,SATURDAY,0,0
JUNIN,PE-22,150.0,ATROPELLO,22.0,2.0,SATURDAY,1,1
HUANUCO,PE-3N,209.0,CHOQUE,21.0,2.0,SATURDAY,1,0
LIMA,PE-1N,214.0,DESPISTE,23.0,2.0,SATURDAY,1,1
ANCASH,PE-3N,571.0,DESPISTE,9.0,2.0,SATURDAY,0,0
AREQUIPA,PE-1S,1040.0,DESPISTE,8.0,2.0,SATURDAY,0,0
PUNO,PE-34H,4.0,DESPISTE,0.0,3.0,SUNDAY,0,0
LIMA,PE-1S,23.0,ATROPELLO,19.0,3.0,SUNDAY,1,0
LIMA,PE-1S,24.0,DESPISTE,7.0,3.0,SUNDAY,0,0
CUSCO,PE-3S,37.0,VOLCADURA,17.0,3.0,SUNDAY,0,0
LIMA,PE-1N,40.0,CHOQUE,22.0,3.0,SUNDAY,1,0
JUNIN,PE-3N,47.0,CHOQUE,11.0,3.0,SUNDAY,0,0
HUANCAVELICA,PE-3SD,57.0,DESPISTE,16.0,3.0,SUNDAY,0,1
CUSCO,PE-34J,58.0,CHOQUE,16.0,3.0,SUNDAY,0,0
LIMA,PE-1S,61.0,CHOQUE,18.0,3.0,SUNDAY,1,0
ANCASH,PE-3N,82.0,DESPISTE,22.0,3.0,SUNDAY,1,0
ANCASH,PE-3N,85.0,CHOQUE,16.0,3.0,SUNDAY,0,0
CAJAMARCA,PE-08,97.0,DESPISTE,13.0,3.0,SUNDAY,0,0
HUANUCO,PE-18A,106.0,DESPISTE,7.0,3.0,SUNDAY,0,0
HUANUCO,PE-18A,109.0,DESPISTE,6.0,3.0,SUNDAY,0,0
JUNIN,PE-22,133.0,CHOQUE,17.0,3.0,SUNDAY,0,0
ANCASH,PE-3N,217.0,DESPISTE,6.0,3.0,SUNDAY,0,0
TUMBES,PE-1N,226.0,ESPECIAL,1.0,3.0,SUNDAY,0,0
TUMBES,PE-1N,259.0,DESPISTE,6.0,3.0,SUNDAY,0,1
HUANUCO,PE-3N,274.0,CHOQUE,21.0,3.0,SUNDAY,1,0
MADRE DE DIOS,PE-30C,419.0,CHOQUE,16.0,3.0,SUNDAY,0,0
MADRE DE DIOS,PE-30C,444.0,CHOQUE,19.0,3.0,SUNDAY,1,1
LAMBAYEQUE,PE-1N,752.0,DESPISTE,5.0,3.0,SUNDAY,0,1
AREQUIPA,PE-1S,813.0,DESPISTE,3.0,3.0,SUNDAY,0,0
PUNO,PE-1S,1380.0,CHOQUE,20.0,3.0,SUNDAY,1,0
JUNIN,PE-3SA,1.0,DESPISTE,3.0,3.0,MONDAY,0,0
LORETO,LO-103,4.0,CHOQUE,19.0,3.0,MONDAY,1,0
PUNO,PE-36B,8.0,DESPISTE,5.0,3.0,MONDAY,0,1
PIURA,PE-1N,18.0,CHOQUE,21.0,3.0,MONDAY,1,0
SAN MARTIN,PE-5NB,19.0,DESPISTE,4.0,3.0,MONDAY,0,0
LIMA,PE-1S,20.0,DESPISTE,7.0,3.0,MONDAY,0,0
LIMA,PE-1S,49.0,CHOQUE,2.0,3.0,MONDAY,0,0
AREQUIPA,PE-1SD,50.0,DESPISTE,9.0,3.0,MONDAY,0,0
AREQUIPA,PE-34A,57.0,CHOQUE,18.0,3.0,MONDAY,1,0
JUNIN,PE-3S,60.0,DESPISTE,23.0,3.0,MONDAY,1,0
LIMA,PE-1S,104.0,CHOQUE,1.0,3.0,MONDAY,0,0
LIMA,PE-1S,113.0,DESPISTE,2.0,3.0,MONDAY,0,0
HUANCAVELICA,PE-28A,131.0,DESPISTE,15.0,3.0,MONDAY,0,0
CAJAMARCA,PE-06A,137.0,DESPISTE,2.0,3.0,MONDAY,0,0
PASCO,PE-3N,165.0,DESPISTE,17.0,3.0,MONDAY,0,0
LIMA,PE-1N,224.0,DESPISTE,9.0,3.0,MONDAY,0,1
HUANUCO,PE-3N,228.0,CHOQUE,21.0,3.0,MONDAY,1,0
PUNO,PE-34A,283.0,CHOQUE,5.0,3.0,MONDAY,0,1
ICA,PE-1S,451.0,CHOQUE,10.0,3.0,MONDAY,0,0
PUNO,PE-3S,1220.0,CHOQUE,18.0,3.0,MONDAY,1,0
PUNO,PE-1S,1348.0,DESPISTE,8.0,3.0,MONDAY,0,0
LIMA,PE-1S,0.0,CHOQUE,6.0,3.0,TUESDAY,0,0
CAJAMARCA,PE-06B,12.0,CHOQUE,6.0,3.0,TUESDAY,0,0
JUNIN,PE-3N,13.0,DESPISTE,5.0,3.0,TUESDAY,0,0
JUNIN,PE-3S,59.0,DESPISTE,15.0,3.0,TUESDAY,0,0
CAJAMARCA,PE-08,86.0,DESPISTE,9.0,3.0,TUESDAY,0,1
LIMA,PE-22,98.0,CHOQUE,10.0,3.0,TUESDAY,0,0
CAJAMARCA,PE-08,111.0,ESPECIAL,12.0,3.0,TUESDAY,0,0
TACNA,PE-1SD,117.0,CHOQUE,23.0,3.0,TUESDAY,1,1
ICA,PE-1S,362.0,DESPISTE,15.0,3.0,TUESDAY,0,0
LA LIBERTAD,PE-1N,665.0,CHOQUE,9.0,3.0,TUESDAY,0,0
CUSCO,PE-3S,1071.0,CHOQUE,9.0,3.0,TUESDAY,0,0
AREQUIPA,AR-115,15.0,DESPISTE,7.0,3.0,WEDNESDAY,0,0
LIMA,PE-1S,29.0,DESPISTE,10.0,3.0,WEDNESDAY,0,0
UCAYALI,PE-18C,31.0,CHOQUE,9.0,3.0,WEDNESDAY,0,0
LAMBAYEQUE,PE-08,41.0,DESPISTE,5.0,3.0,WEDNESDAY,0,0
AREQUIPA,PE-34A,66.0,CHOQUE,10.0,3.0,WEDNESDAY,0,0
LIMA,PE-22,85.0,CHOQUE,0.0,3.0,WEDNESDAY,0,0
JUNIN,PE-3S,104.0,CHOQUE,15.0,3.0,WEDNESDAY,0,0
CUSCO,CU-117,125.0,ESPECIAL,11.0,3.0,WEDNESDAY,0,0
AREQUIPA,PE-34A,169.0,DESPISTE,17.0,3.0,WEDNESDAY,0,0
AMAZONAS,PE-5N,308.0,DESPISTE,16.0,3.0,WEDNESDAY,0,0
AREQUIPA,PE-1S,632.0,CHOQUE,10.0,3.0,WEDNESDAY,0,0
LAMBAYEQUE,PE-1N,776.0,DESPISTE,7.0,3.0,WEDNESDAY,0,0
CUSCO,PE-3S,1001.0,CHOQUE,22.0,3.0,WEDNESDAY,1,0
AREQUIPA,PE-1S,1018.0,DESPISTE,21.0,3.0,WEDNESDAY,1,0
HUANUCO,PE-3N,12.0,VOLCADURA,11.0,3.0,THURSDAY,0,1
LIMA,PE-1S,52.0,ESPECIAL,14.0,3.0,THURSDAY,0,0
PUNO,PE-34H,61.0,DESPISTE,15.0,3.0,THURSDAY,0,0
LIMA,PE-1N,85.0,DESPISTE,19.0,3.0,THURSDAY,1,0
JUNIN,PE-22,149.0,CHOQUE,5.0,3.0,THURSDAY,0,1
APURIMAC,PE-3S,772.0,CHOQUE,18.0,3.0,THURSDAY,1,0
PIURA,PE-1N,958.0,CHOQUE,6.0,3.0,THURSDAY,0,1
LIMA,PE-1S,53.0,CHOQUE,7.0,3.0,FRIDAY,0,0
LIMA,PE-22,97.0,CHOQUE,23.0,3.0,FRIDAY,1,0
JUNIN,PE-3N,109.0,ATROPELLO,21.0,3.0,FRIDAY,1,0
LIMA,PE-1N,113.0,DESPISTE,8.0,3.0,FRIDAY,0,0
LIMA,PE-1S,114.0,CHOQUE,22.0,3.0,FRIDAY,1,0
HUANCAVELICA,PE-28A,131.0,CHOQUE,3.0,3.0,FRIDAY,0,0
TACNA,PE-1SD,189.0,DESPISTE,7.0,3.0,FRIDAY,0,0
APURIMAC,PE-30A,190.0,DESPISTE,16.0,3.0,FRIDAY,0,0
JUNIN,PE-24,256.0,DESPISTE,18.0,3.0,FRIDAY,1,0
ANCASH,PE-1N,331.0,DESPISTE,6.0,3.0,FRIDAY,0,0
MADRE DE DIOS,PE-30C,333.0,ATROPELLO,10.0,3.0,FRIDAY,0,0
ANCASH,PE-1N,392.0,DESPISTE,15.0,3.0,FRIDAY,0,0
AREQUIPA,PE-1S,746.0,DESPISTE,18.0,3.0,FRIDAY,1,0
PIURA,PE-1N,956.0,CHOQUE,7.0,3.0,FRIDAY,0,0
ICA,PE-28,1.0,CHOQUE,18.0,3.0,SATURDAY,1,0
CAJAMARCA,PE-06B,15.0,ATROPELLO,19.0,3.0,SATURDAY,1,0
AMAZONAS,AM-108,32.0,VOLCADURA,23.0,3.0,SATURDAY,1,0
LIMA,PE-22,41.0,CHOQUE,5.0,3.0,SATURDAY,0,0
TACNA,PE-30A,46.0,DESPISTE,10.0,3.0,SATURDAY,0,0
JUNIN,PE-3S,74.0,DESPISTE,12.0,3.0,SATURDAY,0,0
LIMA,PE-1S,96.0,ATROPELLO,18.0,3.0,SATURDAY,1,0
LAMBAYEQUE,PE-1N,111.0,CHOQUE,23.0,3.0,SATURDAY,1,0
CUSCO,PE-28B,153.0,CHOQUE,22.0,3.0,SATURDAY,1,0
PUNO,PE-34A,198.0,ESPECIAL,1.0,3.0,SATURDAY,0,0
PIURA,PE-1NJ,214.0,DESPISTE,22.0,3.0,SATURDAY,1,0
SAN MARTIN,PE-5N,438.0,DESPISTE,6.0,3.0,SATURDAY,0,0
SAN MARTIN,PE-5N,459.0,CHOQUE,23.0,3.0,SATURDAY,1,0
CUSCO,PE-3S,885.0,DESPISTE,20.0,3.0,SATURDAY,1,0
AREQUIPA,PE-1S,989.0,CHOQUE,19.0,3.0,SATURDAY,1,0
TACNA,PE-1S,1121.0,CHOQUE,7.0,3.0,SATURDAY,0,0
PUNO,PE-3S,1190.0,CHOQUE,0.0,3.0,SATURDAY,0,1
TACNA,PE-1S,4.0,ATROPELLO,21.0,3.0,SUNDAY,1,1
ANCASH,PE-14,19.0,CHOQUE,21.0,3.0,SUNDAY,1,0
HUANUCO,PE-18A,20.0,ESPECIAL,3.0,3.0,SUNDAY,0,0
JUNIN,PE-3S,30.0,CHOQUE,16.0,3.0,SUNDAY,0,0
JUNIN,PE-3N,36.0,ATROPELLO,5.0,3.0,SUNDAY,0,1
JUNIN,PE-3S,41.0,DESPISTE,0.0,3.0,SUNDAY,0,0
LIMA,PE-1NE,72.0,DESPISTE,9.0,3.0,SUNDAY,0,0
LIMA,PE-1S,94.0,CHOQUE,9.0,3.0,SUNDAY,0,0
LIMA,PE-1S,97.0,DESPISTE,15.0,3.0,SUNDAY,0,0
JUNIN,PE-22B,98.0,CHOQUE,15.0,3.0,SUNDAY,0,1
AMAZONAS,PE-5N,111.0,CHOQUE,23.0,3.0,SUNDAY,1,0
LIMA,PE-1N,147.0,CHOQUE,16.0,3.0,SUNDAY,0,0
AREQUIPA,PE-34A,151.0,DESPISTE,6.0,3.0,SUNDAY,0,0
AMAZONAS,PE-5N,189.0,DESPISTE,7.0,3.0,SUNDAY,0,0
AMAZONAS,PE-5N,194.0,DESPISTE,17.0,3.0,SUNDAY,0,0
APURIMAC,PE-30A,268.0,DESPISTE,5.0,3.0,SUNDAY,0,0
ICA,PE-1S,271.0,DESPISTE,13.0,3.0,SUNDAY,0,0
LAMBAYEQUE,PE-1N,820.0,CHOQUE,23.0,3.0,SUNDAY,1,0
LIMA,PE-20A,10.0,CHOQUE,6.0,3.0,MONDAY,0,0
SAN MARTIN,PE-5NB,11.0,CHOQUE,17.0,3.0,MONDAY,0,0
PIURA,PE-36A,13.0,CHOQUE,20.0,3.0,MONDAY,1,0
LIMA,PE-1S,21.0,DESPISTE,21.0,3.0,MONDAY,1,0
ANCASH,PE-16,29.0,CHOQUE,5.0,3.0,MONDAY,0,0
UCAYALI,PE-18C,40.0,CHOQUE,7.0,3.0,MONDAY,0,0
PIURA,PE-1N,80.0,DESPISTE,6.0,3.0,MONDAY,0,0
LIMA,PE-1N,82.0,DESPISTE,14.0,3.0,MONDAY,0,0
CAJAMARCA,PE-3N,111.0,CHOQUE,23.0,3.0,MONDAY,1,0
LIMA,PE-1S,129.0,DESPISTE,2.0,3.0,MONDAY,0,0
UCAYALI,PE-18C,146.0,CHOQUE,23.0,3.0,MONDAY,1,0
ICA,PE-1S,175.0,ATROPELLO,3.0,3.0,MONDAY,0,1
HUANUCO,PE-3N,199.0,DESPISTE,12.0,3.0,MONDAY,0,0
AYACUCHO,PE-28A,280.0,DESPISTE,16.0,3.0,MONDAY,0,0
ANCASH,PE-1N,382.0,ATROPELLO,19.0,3.0,MONDAY,1,1
SAN MARTIN,PE-5N,383.0,DESPISTE,11.0,3.0,MONDAY,0,1
LA LIBERTAD,PE-1N,624.0,CHOQUE,0.0,3.0,MONDAY,0,0
LAMBAYEQUE,PE-1N,696.0,CHOQUE,0.0,3.0,MONDAY,0,0
AREQUIPA,PE-1S,961.0,CHOQUE,1.0,3.0,MONDAY,0,1
JUNIN,PE-22,13.0,DESPISTE,15.0,3.0,TUESDAY,0,0
LIMA,PE-20A,25.0,CHOQUE,22.0,3.0,TUESDAY,1,0
JUNIN,PE-3S,52.0,CHOQUE,10.0,3.0,TUESDAY,0,0
LIMA,PE-1S,57.0,DESPISTE,15.0,3.0,TUESDAY,0,0
PIURA,PE-1N,57.0,CHOQUE,8.0,3.0,TUESDAY,0,0
LAMBAYEQUE,PE-1N,64.0,ATROPELLO,21.0,3.0,TUESDAY,1,0
LAMBAYEQUE,PE-1N,79.0,CHOQUE,13.0,3.0,TUESDAY,0,0
MOQUEGUA,PE-36A,83.0,DESPISTE,14.0,3.0,TUESDAY,0,0
LIMA,PE-1N,88.0,ATROPELLO,9.0,3.0,TUESDAY,0,0
HUANUCO,PE-3N,189.0,DESPISTE,7.0,3.0,TUESDAY,0,0
APURIMAC,PE-30A,223.0,DESPISTE,7.0,3.0,TUESDAY,0,0
AREQUIPA,PE-1S,800.0,DESPISTE,13.0,3.0,TUESDAY,0,0
PIURA,PE-1N,925.0,CHOQUE,2.0,3.0,TUESDAY,0,0
CAJAMARCA,PE-08,2.0,DESPISTE,12.0,3.0,WEDNESDAY,0,0
JUNIN,PE-3S,3.0,DESPISTE,16.0,3.0,WEDNESDAY,0,0
PUNO,PE-36B,58.0,DESPISTE,12.0,3.0,WEDNESDAY,0,0
CAJAMARCA,PE-08,110.0,DESPISTE,15.0,3.0,WEDNESDAY,0,0
JUNIN,PE-3S,135.0,CHOQUE,20.0,3.0,WEDNESDAY,1,0
ANCASH,PE-16,152.0,CHOQUE,15.0,3.0,WEDNESDAY,0,0
LA LIBERTAD,PE-10C,337.0,DESPISTE,1.0,3.0,WEDNESDAY,0,0
AREQUIPA,PE-1S,631.0,DESPISTE,18.0,3.0,WEDNESDAY,1,0
LAMBAYEQUE,PE-1N,891.0,DESPISTE,13.0,3.0,WEDNESDAY,0,0
TACNA,PE-1S,1263.0,CHOQUE,18.0,3.0,WEDNESDAY,1,0
CAJAMARCA,PE-08,4.0,ATROPELLO,17.0,3.0,THURSDAY,0,0
LORETO,LO-103,8.0,CHOQUE,19.0,3.0,THURSDAY,1,0
AYACUCHO,AY-102,16.0,DESPISTE,5.0,3.0,THURSDAY,0,1
JUNIN,PE-3SA,21.0,DESPISTE,13.0,3.0,THURSDAY,0,0
TACNA,PE-1SD,39.0,DESPISTE,15.0,3.0,THURSDAY,0,0
LIMA,PE-22,65.0,CHOQUE,15.0,3.0,THURSDAY,0,0
LAMBAYEQUE,PE-1N,74.0,DESPISTE,4.0,3.0,THURSDAY,0,0
LIMA,PE-1S,78.0,CHOQUE,12.0,3.0,THURSDAY,0,0
LIMA,PE-1S,95.0,DESPISTE,0.0,3.0,THURSDAY,0,0
ANCASH,PE-16,138.0,DESPISTE,4.0,3.0,THURSDAY,0,0
PIURA,PE-1N,224.0,DESPISTE,12.0,3.0,THURSDAY,0,0
AMAZONAS,PE-5N,235.0,CHOQUE,11.0,3.0,THURSDAY,0,0
AMAZONAS,PE-5N,241.0,CHOQUE,9.0,3.0,THURSDAY,0,0
ANCASH,PE-1N,380.0,ESPECIAL,17.0,3.0,THURSDAY,0,0
ANCASH,PE-1N,419.0,CHOQUE,16.0,3.0,THURSDAY,0,0
SAN MARTIN,PE-5N,660.0,DESPISTE,13.0,3.0,THURSDAY,0,0
CUSCO,PE-3S,1102.0,DESPISTE,14.0,3.0,THURSDAY,0,0
LIMA,PE-1S,6.0,CHOQUE,3.0,3.0,FRIDAY,0,1
AREQUIPA,PE-1SE,11.0,CHOQUE,22.0,3.0,FRIDAY,1,0
SAN MARTIN,PE-5NB,12.0,DESPISTE,21.0,3.0,FRIDAY,1,0
CUSCO,PE-28F,52.0,CHOQUE,6.0,3.0,FRIDAY,0,0
JUNIN,PE-3S,139.0,CHOQUE,14.0,3.0,FRIDAY,0,0
PUNO,PE-36A,183.0,ESPECIAL,4.0,3.0,FRIDAY,0,1
ICA,PE-1S,235.0,DESPISTE,13.0,3.0,FRIDAY,0,0
ANCASH,PE-1N,292.0,DESPISTE,14.0,3.0,FRIDAY,0,0
AYACUCHO,PE-3S,416.0,CHOQUE,12.0,3.0,FRIDAY,0,0
AREQUIPA,PE-1S,852.0,CHOQUE,17.0,3.0,FRIDAY,0,0
CUSCO,PE-3S,949.0,DESPISTE,21.0,3.0,FRIDAY,1,0
TACNA,PE-1S,1271.0,CHOQUE,23.0,3.0,FRIDAY,1,0
JUNIN,PE-3S,6.0,DESPISTE,6.0,3.0,SATURDAY,0,0
LIMA,PE-1N,34.0,ESPECIAL,22.0,3.0,SATURDAY,1,0
LIMA,PE-22,54.0,ESPECIAL,19.0,3.0,SATURDAY,1,0
JUNIN,PE-3S,56.0,CHOQUE,18.0,3.0,SATURDAY,1,0
ANCASH,PE-16,96.0,DESPISTE,0.0,3.0,SATURDAY,0,0
JUNIN,PE-3S,118.0,DESPISTE,6.0,3.0,SATURDAY,0,0
AREQUIPA,PE-34A,133.0,CHOQUE,3.0,3.0,SATURDAY,0,0
CUSCO,PE-28B,135.0,CHOQUE,14.0,3.0,SATURDAY,0,0
JUNIN,PE-22,152.0,DESPISTE,16.0,3.0,SATURDAY,0,0
AREQUIPA,PE-34A,160.0,DESPISTE,0.0,3.0,SATURDAY,0,0
ICA,PE-1S,177.0,DESPISTE,6.0,3.0,SATURDAY,0,0
PUNO,PE-34A,230.0,DESPISTE,12.0,3.0,SATURDAY,0,0
ANCASH,PE-1N,351.0,DESPISTE,14.0,3.0,SATURDAY,0,0
LA LIBERTAD,PE-1N,659.0,DESPISTE,16.0,3.0,SATURDAY,0,0
AREQUIPA,PE-1S,962.0,CHOQUE,4.0,3.0,SATURDAY,0,0
MOQUEGUA,PE-1S,1141.0,DESPISTE,8.0,3.0,SATURDAY,0,0
PUNO,PE-3S,1219.0,ATROPELLO,17.0,3.0,SATURDAY,0,0
PUNO,PE-3S,1243.0,CHOQUE,14.0,3.0,SATURDAY,0,0
PUNO,PE-3S,1320.0,CHOQUE,21.0,3.0,SATURDAY,1,0
LIMA,PE-1N,5.0,DESPISTE,16.0,3.0,SUNDAY,0,1
TACNA,PE-1SD,8.0,DESPISTE,18.0,3.0,SUNDAY,1,0
LORETO,LO-103,15.0,ATROPELLO,21.0,3.0,SUNDAY,1,0
LAMBAYEQUE,PE-5N,20.0,DESPISTE,18.0,3.0,SUNDAY,1,0
ICA,PE-3SA,26.0,DESPISTE,23.0,3.0,SUNDAY,1,0
LIMA,PE-1S,32.0,DESPISTE,15.0,3.0,SUNDAY,0,0
LAMBAYEQUE,PE-06A,33.0,DESPISTE,4.0,3.0,SUNDAY,0,0
JUNIN,PE-3N,38.0,DESPISTE,5.0,3.0,SUNDAY,0,0
LIMA,PE-1S,43.0,DESPISTE,8.0,3.0,SUNDAY,0,0
LIMA,PE-22,49.0,CHOQUE,22.0,3.0,SUNDAY,1,0
CUSCO,N.I.,99.0,DESPISTE,15.0,3.0,SUNDAY,0,0
ANCASH,PE-14,132.0,DESPISTE,18.0,3.0,SUNDAY,1,0
ICA,PE-1S,208.0,CHOQUE,3.0,3.0,SUNDAY,0,0
SAN MARTIN,PE-5N,465.0,CHOQUE,12.0,3.0,SUNDAY,0,1
APURIMAC,PE-3S,765.0,CHOQUE,9.0,3.0,SUNDAY,0,0
AREQUIPA,PE-1S,953.0,CHOQUE,20.0,3.0,SUNDAY,1,0
PUNO,PE-3S,1216.0,DESPISTE,18.0,3.0,SUNDAY,1,0
PUNO,PE-3S,1348.0,DESPISTE,9.0,3.0,SUNDAY,0,0
LIMA,PE-1S,70.0,DESPISTE,17.0,3.0,MONDAY,0,0
LAMBAYEQUE,PE-06A,155.0,DESPISTE,17.0,3.0,MONDAY,0,0
APURIMAC,PE-30A,167.0,CHOQUE,13.0,3.0,MONDAY,0,0
MOQUEGUA,PE-1SD,203.0,DESPISTE,17.0,3.0,MONDAY,0,0
PUNO,PE-36A,295.0,DESPISTE,21.0,3.0,MONDAY,1,0
MADRE DE DIOS,PE-30C,324.0,CHOQUE,21.0,3.0,MONDAY,1,0
ANCASH,PE-1N,337.0,DESPISTE,13.0,3.0,MONDAY,0,0
MADRE DE DIOS,PE-30C,375.0,CHOQUE,1.0,3.0,MONDAY,0,0
HUANUCO,PE-5N,462.0,CHOQUE,15.0,3.0,MONDAY,0,0
AREQUIPA,PE-1S,733.0,CHOQUE,16.0,3.0,MONDAY,0,1
AREQUIPA,PE-1S,859.0,DESPISTE,6.0,3.0,MONDAY,0,0
CUSCO,PE-3S,999.0,CHOQUE,23.0,3.0,MONDAY,1,0
PUNO,PE-3S,1355.0,CHOQUE,21.0,3.0,MONDAY,1,0
ANCASH,PE-16,4.0,CHOQUE,13.0,3.0,TUESDAY,0,0
LAMBAYEQUE,PE-5N,17.0,CHOQUE,23.0,3.0,TUESDAY,1,0
ANCASH,AN-107,74.0,DESPISTE,10.0,3.0,TUESDAY,0,0
AREQUIPA,PE-34A,96.0,CHOQUE,15.0,3.0,TUESDAY,0,0
ICA,PE-28A,163.0,DESPISTE,9.0,3.0,TUESDAY,0,1
JUNIN,PE-3S,25.0,DESPISTE,15.0,3.0,WEDNESDAY,0,0
AREQUIPA,PE-34A,87.0,DESPISTE,15.0,3.0,WEDNESDAY,0,0
AYACUCHO,PE-3N,162.0,CHOQUE,17.0,3.0,WEDNESDAY,0,0
AYACUCHO,PE-3S,416.0,DESPISTE,9.0,3.0,WEDNESDAY,0,0
SAN MARTIN,PE-5N,575.0,DESPISTE,15.0,3.0,WEDNESDAY,0,0
LIMA,PE-24,22.0,DESPISTE,19.0,3.0,THURSDAY,1,0
JUNIN,PE-3N,56.0,DESPISTE,13.0,3.0,THURSDAY,0,0
TACNA,PE-1SD,9.0,ESPECIAL,17.0,3.0,FRIDAY,0,1
AREQUIPA,PE-34A,87.0,DESPISTE,18.0,3.0,FRIDAY,1,0
PASCO,PE-3N,143.0,CHOQUE,10.0,3.0,FRIDAY,0,0
LIMA,PE-1N,154.0,DESPISTE,0.0,3.0,FRIDAY,0,0
PUNO,PE-3S,1400.0,CHOQUE,18.0,3.0,FRIDAY,1,1
ICA,PE-1S,203.0,CHOQUE,7.0,3.0,SATURDAY,0,0
TACNA,PE-36A,23.0,DESPISTE,10.0,3.0,SUNDAY,0,0
ANCASH,PE-1N,279.0,DESPISTE,15.0,3.0,SUNDAY,0,0
HUANUCO,PE-5N,478.0,DESPISTE,10.0,3.0,SUNDAY,0,0
CUSCO,PE-34G,29.0,DESPISTE,0.0,3.0,MONDAY,0,0
HUANCAVELICA,PE-28A,95.0,DESPISTE,4.0,3.0,MONDAY,0,0
LIMA,PE-1S,126.0,ATROPELLO,6.0,3.0,MONDAY,0,1
AREQUIPA,PE-1S,863.0,DESPISTE,7.0,3.0,MONDAY,0,0
LIMA,PE-1S,102.0,DESPISTE,6.0,3.0,TUESDAY,0,0
LIMA,PE-1N,202.0,ESPECIAL,22.0,3.0,TUESDAY,1,0
ANCASH,PE-1N,263.0,DESPISTE,6.0,3.0,TUESDAY,0,0
AREQUIPA,PE-1S,686.0,DESPISTE,4.0,3.0,TUESDAY,0,0
LA LIBERTAD,PE-1N,698.0,CHOQUE,19.0,3.0,TUESDAY,1,0
LIMA,PE-22,107.0,DESPISTE,11.0,3.0,WEDNESDAY,0,0
LIMA,PE-1S,41.0,DESPISTE,6.0,3.0,THURSDAY,0,0
LIMA,PE-1S,98.0,DESPISTE,2.0,3.0,THURSDAY,0,0
LIMA,PE-1S,135.0,DESPISTE,6.0,3.0,THURSDAY,0,0
CUSCO,PE-28B,204.0,DESPISTE,20.0,3.0,THURSDAY,1,0
AREQUIPA,PE-1S,860.0,DESPISTE,11.0,3.0,THURSDAY,0,0
PUNO,PE-1S,1354.0,ESPECIAL,16.0,3.0,THURSDAY,0,0
LORETO,LO-103,3.0,DESPISTE,19.0,3.0,FRIDAY,1,0
TACNA,PE-36A,70.0,CHOQUE,9.0,3.0,FRIDAY,0,1
JUNIN,PE-3S,75.0,DESPISTE,0.0,3.0,FRIDAY,0,0
LIMA,PE-1S,90.0,CHOQUE,19.0,3.0,FRIDAY,1,0
HUANCAVELICA,PE-28A,168.0,DESPISTE,14.0,3.0,FRIDAY,0,0
PIURA,PE-1N,6.0,CHOQUE,16.0,3.0,SATURDAY,0,0
JUNIN,PE-22,29.0,DESPISTE,16.0,3.0,SATURDAY,0,0
PASCO,PE-3N,138.0,CHOQUE,18.0,3.0,SATURDAY,1,0
PUNO,PE-34A,227.0,DESPISTE,12.0,3.0,SATURDAY,0,1
LAMBAYEQUE,PE-1N,828.0,DESPISTE,0.0,3.0,SATURDAY,0,0
AREQUIPA,PE-1SE,24.0,DESPISTE,5.0,3.0,SUNDAY,0,0
HUANCAVELICA,PE-28A,144.0,DESPISTE,19.0,3.0,SUNDAY,1,0
JUNIN,PE-22,154.0,DESPISTE,22.0,3.0,SUNDAY,1,0
LIMA,PE-1N,199.0,DESPISTE,6.0,3.0,SUNDAY,0,0
APURIMAC,PE-3S,771.0,CHOQUE,8.0,3.0,SUNDAY,0,0
SAN MARTIN,PE-5N,810.0,DESPISTE,12.0,3.0,SUNDAY,0,0
PUNO,PE-3S,1308.0,CHOQUE,11.0,3.0,SUNDAY,0,0
CUSCO,PE-3SY,60.0,DESPISTE,18.0,3.0,MONDAY,1,0
APURIMAC,PE-30A,141.0,DESPISTE,8.0,3.0,MONDAY,0,0
LIMA,PE-1N,4.0,DESPISTE,18.0,3.0,TUESDAY,1,0
HUANUCO,PE-5N,521.0,DESPISTE,10.0,3.0,TUESDAY,0,0
ANCASH,PE-3N,589.0,CHOQUE,14.0,3.0,TUESDAY,0,0
LAMBAYEQUE,PE-1N,766.0,CHOQUE,21.0,3.0,TUESDAY,1,0
JUNIN,PE-3S,,DESPISTE,15.0,3.0,TUESDAY,0,0
JUNIN,PE-3N,8.0,DESPISTE,11.0,4.0,WEDNESDAY,0,0
JUNIN,PE-3N,27.0,DESPISTE,18.0,4.0,WEDNESDAY,1,0
LAMBAYEQUE,PE-5N,33.0,DESPISTE,10.0,4.0,WEDNESDAY,0,0
CAJAMARCA,PE-08B,37.0,DESPISTE,21.0,4.0,WEDNESDAY,1,0
JUNIN,PE-22,133.0,CHOQUE,17.0,4.0,WEDNESDAY,0,0
ANCASH,PE-1N,384.0,CHOQUE,6.0,4.0,WEDNESDAY,0,0
APURIMAC,PE-3S,752.0,DESPISTE,16.0,4.0,WEDNESDAY,0,1
TACNA,PE-1SD,69.0,DESPISTE,19.0,4.0,THURSDAY,1,0
JUNIN,PE-1N,126.0,DESPISTE,9.0,4.0,THURSDAY,0,0
LIMA,PE-1N,185.0,CHOQUE,7.0,4.0,THURSDAY,0,0
ANCASH,PE-1N,247.0,CHOQUE,22.0,4.0,THURSDAY,1,1
LIMA,PE-1N,64.0,CHOQUE,18.0,4.0,FRIDAY,1,0
TACNA,PE-1SD,197.0,DESPISTE,17.0,4.0,FRIDAY,0,0
ICA,PE-1S,225.0,DESPISTE,21.0,4.0,FRIDAY,1,0
ICA,PE-1S,225.0,DESPISTE,21.0,4.0,FRIDAY,1,0
PUNO,PE-36A,254.0,DESPISTE,12.0,4.0,FRIDAY,0,0
LAMBAYEQUE,PE-1N,844.0,DESPISTE,9.0,4.0,FRIDAY,0,0
AREQUIPA,PE-1S,908.0,DESPISTE,9.0,4.0,FRIDAY,0,0
LORETO,LO-103,57.0,DESPISTE,9.0,4.0,SATURDAY,0,0
APURIMAC,PE-3S,398.0,DESPISTE,18.0,4.0,SUNDAY,1,0
LORETO,LO-103,3.0,CHOQUE,7.0,4.0,MONDAY,0,0
PIURA,PE-1N,21.0,DESPISTE,1.0,4.0,MONDAY,0,0
ANCASH,AN-110,34.0,DESPISTE,18.0,4.0,MONDAY,1,0
JUNIN,PE-3SB,82.0,DESPISTE,17.0,4.0,MONDAY,0,0
LIMA,PE-1S,147.0,DESPISTE,14.0,4.0,MONDAY,0,0
PIURA,PE-1N,920.0,DESPISTE,16.0,4.0,MONDAY,0,0
MOQUEGUA,PE-1S,1121.0,DESPISTE,8.0,4.0,MONDAY,0,0
LIMA,PE-1N,123.0,CHOQUE,23.0,4.0,TUESDAY,1,0
ANCASH,PE-1N,264.0,DESPISTE,17.0,4.0,TUESDAY,0,0
LAMBAYEQUE,PE-1N,755.0,DESPISTE,16.0,4.0,TUESDAY,0,0
LIMA,PE-22,69.0,CHOQUE,14.0,4.0,WEDNESDAY,0,0
ICA,PE-1S,199.0,CHOQUE,16.0,4.0,WEDNESDAY,0,0
PUNO,PE-34H,,CHOQUE,12.0,4.0,WEDNESDAY,0,0
JUNIN,PE-3S,0.0,DESPISTE,13.0,4.0,THURSDAY,0,0
AYACUCHO,PE-3N,116.0,DESPISTE,10.0,4.0,THURSDAY,0,0
LIMA,PE-1S,20.0,DESPISTE,4.0,4.0,FRIDAY,0,0
LIMA,PE-1N,149.0,CHOQUE,23.0,4.0,FRIDAY,1,0
ICA,N.I.,253.0,DESPISTE,6.0,4.0,FRIDAY,0,0
ANCASH,PE-1N,256.0,DESPISTE,4.0,4.0,FRIDAY,0,0
CUSCO,PE-28B,,ESPECIAL,21.0,4.0,FRIDAY,1,0
AYACUCHO,PE-30A,200.0,DESPISTE,13.0,4.0,SATURDAY,0,0
UCAYALI,PE-18C,12.0,DESPISTE,7.0,4.0,SUNDAY,0,0
LIMA,PE-1N,108.0,DESPISTE,16.0,4.0,SUNDAY,0,0
LIMA,PE-1N,129.0,DESPISTE,14.0,4.0,SUNDAY,0,0
LIMA,PE-1N,186.0,ATROPELLO,22.0,4.0,MONDAY,1,1
LA LIBERTAD,PE-1N,585.0,CHOQUE,6.0,4.0,MONDAY,0,0
PUNO,PE-34H,53.0,CHOQUE,17.0,4.0,TUESDAY,0,0
APURIMAC,PE-30A,173.0,DESPISTE,8.0,4.0,TUESDAY,0,0
ICA,PE-1S,314.0,DESPISTE,11.0,4.0,TUESDAY,0,0
JUNIN,PE-3N,15.0,CHOQUE,23.0,4.0,WEDNESDAY,1,1
AREQUIPA,PE-34A,52.0,DESPISTE,14.0,4.0,WEDNESDAY,0,0
AREQUIPA,PE-34E,80.0,DESPISTE,9.0,4.0,WEDNESDAY,0,0
ANCASH,PE-1N,264.0,DESPISTE,19.0,4.0,WEDNESDAY,1,0
AYACUCHO,PE-28A,295.0,DESPISTE,5.0,4.0,WEDNESDAY,0,0
LIMA,PE-1S,67.0,DESPISTE,19.0,4.0,THURSDAY,1,0
PUNO,PE-34A,227.0,DESPISTE,4.0,4.0,THURSDAY,0,0
JUNIN,PE-3N,48.0,ATROPELLO,19.0,4.0,FRIDAY,1,0
PIURA,PE-1N,1084.0,DESPISTE,1.0,4.0,FRIDAY,0,0
JUNIN,PE-22B,48.0,DESPISTE,5.0,4.0,SATURDAY,0,0
LIMA,PE-1S,59.0,DESPISTE,21.0,4.0,SATURDAY,1,0
LIMA,PE-22,102.0,DESPISTE,17.0,4.0,SATURDAY,0,0
LIMA,PE-1S,117.0,DESPISTE,4.0,4.0,SATURDAY,0,0
LIMA,PE-1S,118.0,DESPISTE,5.0,4.0,SATURDAY,0,0
LA LIBERTAD,PE-1N,572.0,DESPISTE,12.0,4.0,SATURDAY,0,0
AREQUIPA,PE-1S,807.0,DESPISTE,0.0,4.0,SATURDAY,0,0
LIMA,PE-1S,28.0,DESPISTE,5.0,4.0,SUNDAY,0,0
JUNIN,PE-3S,57.0,VOLCADURA,4.0,4.0,SUNDAY,0,0
AREQUIPA,PE-1S,630.0,DESPISTE,16.0,4.0,SUNDAY,0,0
JUNIN,PE-3SA,539.0,DESPISTE,19.0,4.0,MONDAY,1,0
ICA,PE-30,9.0,DESPISTE,0.0,4.0,TUESDAY,0,0
CAJAMARCA,PE-3NB,71.0,DESPISTE,15.0,4.0,TUESDAY,0,0
ANCASH,PE-1N,371.0,DESPISTE,18.0,4.0,WEDNESDAY,1,0
ICA,PE-1S,458.0,ESPECIAL,20.0,4.0,WEDNESDAY,1,0
CUSCO,PE-3S,925.0,DESPISTE,13.0,4.0,WEDNESDAY,0,0
LIMA,PE-1S,29.0,DESPISTE,6.0,4.0,THURSDAY,0,0
CUSCO,PE-3S,913.0,DESPISTE,17.0,4.0,THURSDAY,0,1
CUSCO,PE-3S,934.0,DESPISTE,17.0,4.0,THURSDAY,0,0
LIMA,PE-22,58.0,DESPISTE,19.0,4.0,FRIDAY,1,0
PUNO,PE-3S,65.0,DESPISTE,22.0,4.0,FRIDAY,1,0
LIMA,PE-1S,153.0,CHOQUE,14.0,4.0,FRIDAY,0,1
ANCASH,PE-1N,247.0,CHOQUE,6.0,4.0,FRIDAY,0,0
ICA,PE-1S,450.0,DESPISTE,1.0,4.0,FRIDAY,0,0
AREQUIPA,PE-1S,603.0,DESPISTE,12.0,4.0,FRIDAY,0,0
AREQUIPA,PE-1S,620.0,DESPISTE,6.0,4.0,FRIDAY,0,0
LIMA,PE-1N,16.0,DESPISTE,9.0,4.0,SATURDAY,0,0
PIURA,PE-1N,76.0,DESPISTE,6.0,4.0,SATURDAY,0,0
ICA,PE-1S,183.0,DESPISTE,10.0,4.0,SATURDAY,0,0
ANCASH,PE-1N,386.0,ATROPELLO,5.0,4.0,SATURDAY,0,1
PUNO,PE-3S,,CHOQUE,17.0,4.0,SATURDAY,0,0
APURIMAC,PE-3S,837.0,DESPISTE,15.0,4.0,SUNDAY,0,0
JUNIN,PE-3S,20.0,DESPISTE,17.0,4.0,MONDAY,0,0
JUNIN,PE-22,138.0,DESPISTE,11.0,4.0,MONDAY,0,0
HUANUCO,PE-3N,250.0,CHOQUE,18.0,4.0,MONDAY,1,0
JUNIN,PE-22,0.0,DESPISTE,6.0,4.0,TUESDAY,0,0
LIMA,PE-1NA,16.0,DESPISTE,20.0,4.0,TUESDAY,1,0
LIMA,PE-1N,83.0,ESPECIAL,7.0,4.0,TUESDAY,0,0
LIMA,PE-22,100.0,CHOQUE,18.0,4.0,TUESDAY,1,0
MOQUEGUA,PE-36A,28.0,DESPISTE,5.0,4.0,WEDNESDAY,0,0
AMAZONAS,PE-5N,266.0,DESPISTE,5.0,4.0,WEDNESDAY,0,0
LIMA,PE-1N,16.0,DESPISTE,19.0,4.0,THURSDAY,1,0
LIMA,PE-1S,55.0,DESPISTE,6.0,4.0,THURSDAY,0,0
LIMA,PE-1N,76.0,DESPISTE,13.0,4.0,THURSDAY,0,0
LIMA,PE-22,114.0,DESPISTE,0.0,4.0,THURSDAY,0,0
LIMA,PE-1N,115.0,ESPECIAL,6.0,4.0,THURSDAY,0,0
HUANUCO,PE-3N,126.0,DESPISTE,16.0,4.0,THURSDAY,0,0
MOQUEGUA,PE-1S,1202.0,DESPISTE,7.0,4.0,THURSDAY,0,0
JUNIN,PE-3N,15.0,DESPISTE,2.0,5.0,FRIDAY,0,0
LIMA,PE-1N,215.0,ATROPELLO,5.0,5.0,FRIDAY,0,1
ICA,PE-1S,252.0,ATROPELLO,13.0,5.0,FRIDAY,0,1
SAN MARTIN,PE-5N,81.0,DESPISTE,22.0,5.0,SATURDAY,1,0
LIMA,PE-1S,93.0,DESPISTE,10.0,5.0,SATURDAY,0,0
ICA,PE-1S,175.0,DESPISTE,11.0,5.0,SATURDAY,0,0
LIMA,PE-1S,30.0,CHOQUE,1.0,5.0,SUNDAY,0,0
LIMA,PE-1NA,16.0,DESPISTE,4.0,5.0,MONDAY,0,0
JUNIN,PE-3SA,19.0,DESPISTE,20.0,5.0,MONDAY,1,0
LIMA,PE-1S,73.0,DESPISTE,7.0,5.0,MONDAY,0,0
ANCASH,PE-16,141.0,DESPISTE,17.0,5.0,MONDAY,0,0
MADRE DE DIOS,PE-30C,300.0,DESPISTE,20.0,5.0,MONDAY,1,0
MADRE DE DIOS,PE-30C,419.0,DESPISTE,15.0,5.0,MONDAY,0,0
PIURA,PE-1N,985.0,CHOQUE,7.0,5.0,MONDAY,0,1
CUSCO,PE-28B,104.0,DESPISTE,7.0,5.0,TUESDAY,0,0
LIMA,PE-22,105.0,DESPISTE,19.0,5.0,TUESDAY,1,0
ANCASH,PE-1N,235.0,CHOQUE,5.0,5.0,TUESDAY,0,0
LIMA,PE-1N,98.0,DESPISTE,7.0,5.0,WEDNESDAY,0,0
ANCASH,PE-12A,100.0,DESPISTE,21.0,5.0,WEDNESDAY,1,1
AREQUIPA,PE-1S,671.0,DESPISTE,12.0,5.0,WEDNESDAY,0,0
TACNA,PE-1S,1246.0,DESPISTE,7.0,5.0,WEDNESDAY,0,0
AREQUIPA,PE-34A,38.0,CHOQUE,14.0,5.0,THURSDAY,0,0
JUNIN,PE-3N,56.0,DESPISTE,17.0,5.0,THURSDAY,0,0
TUMBES,PE-1N,193.0,CHOQUE,7.0,5.0,THURSDAY,0,1
LA LIBERTAD,PE-08,34.0,DESPISTE,7.0,5.0,FRIDAY,0,0
PIURA,PE-1N,126.0,DESPISTE,18.0,5.0,FRIDAY,1,0
AYACUCHO,PE-3N,144.0,DESPISTE,11.0,5.0,FRIDAY,0,0
UCAYALI,PE-18C,17.0,CHOQUE,17.0,5.0,SATURDAY,0,0
JUNIN,PE-3S,62.0,DESPISTE,9.0,5.0,SATURDAY,0,1
ANCASH,PE-1N,274.0,VOLCADURA,23.0,5.0,SATURDAY,1,0
SAN MARTIN,PE-5N,585.0,DESPISTE,8.0,5.0,SATURDAY,0,0
APURIMAC,PE-3S,766.0,ATROPELLO,14.0,5.0,SATURDAY,0,0
MOQUEGUA,PE-36A,62.0,DESPISTE,2.0,5.0,SUNDAY,0,0
LIMA,PE-1N,108.0,DESPISTE,5.0,5.0,SUNDAY,0,0
ANCASH,PE-1N,403.0,ESPECIAL,20.0,5.0,SUNDAY,1,0
PIURA,PE-1N,42.0,DESPISTE,14.0,5.0,MONDAY,0,0
ICA,PE-1SJ,198.0,CHOQUE,7.0,5.0,MONDAY,0,0
APURIMAC,PE-3S,753.0,VOLCADURA,19.0,5.0,MONDAY,1,0
ANCASH,PE-3N,845.0,DESPISTE,20.0,5.0,MONDAY,1,0
LIMA,PE-1NA,20.0,DESPISTE,6.0,5.0,TUESDAY,0,0
JUNIN,PE-22B,46.0,DESPISTE,17.0,5.0,TUESDAY,0,0
JUNIN,PE-5S,55.0,DESPISTE,16.0,5.0,TUESDAY,0,1
AMAZONAS,PE-5N,220.0,CHOQUE,12.0,5.0,TUESDAY,0,0
AREQUIPA,PE-1S,578.0,DESPISTE,23.0,5.0,TUESDAY,1,0
PIURA,PE-1NL,1048.0,DESPISTE,5.0,5.0,TUESDAY,0,0
LIMA,PE-1S,73.0,CHOQUE,6.0,5.0,WEDNESDAY,0,1
AYACUCHO,PE-30A,102.0,DESPISTE,8.0,5.0,WEDNESDAY,0,0
APURIMAC,PE-30A,391.0,VOLCADURA,21.0,5.0,WEDNESDAY,1,0
AREQUIPA,PE-1S,569.0,DESPISTE,18.0,5.0,WEDNESDAY,1,0
APURIMAC,PE-3S,766.0,DESPISTE,17.0,5.0,WEDNESDAY,0,0
AREQUIPA,PE-1S,862.0,DESPISTE,10.0,5.0,WEDNESDAY,0,0
LIMA,PE-1N,111.0,CHOQUE,7.0,5.0,THURSDAY,0,1
LAMBAYEQUE,PE-06A,181.0,DESPISTE,12.0,5.0,THURSDAY,0,0
LA LIBERTAD,PE-1N,476.0,CHOQUE,1.0,5.0,THURSDAY,0,0
AREQUIPA,PE-1S,603.0,DESPISTE,13.0,5.0,THURSDAY,0,0
AREQUIPA,PE-1S,729.0,CHOQUE,19.0,5.0,THURSDAY,1,0
TACNA,PE-36A,30.0,DESPISTE,22.0,5.0,FRIDAY,1,0
JUNIN,PE-3S,31.0,DESPISTE,15.0,5.0,FRIDAY,0,0
LIMA,PE-1N,52.0,CHOQUE,9.0,5.0,FRIDAY,0,0
JUNIN,PE-22,70.0,DESPISTE,4.0,5.0,FRIDAY,0,0
ICA,PE-1S,275.0,CHOQUE,18.0,5.0,FRIDAY,1,1
JUNIN,PE-22,38.0,DESPISTE,9.0,5.0,SATURDAY,0,0
HUANUCO,PE-18A,49.0,DESPISTE,10.0,5.0,SATURDAY,0,0
JUNIN,PE-3N,47.0,DESPISTE,1.0,5.0,SUNDAY,0,0
JUNIN,PE-22B,65.0,DESPISTE,14.0,5.0,SUNDAY,0,0
PUNO,PE-34A,204.0,DESPISTE,16.0,5.0,SUNDAY,0,0
AREQUIPA,AR-115,3.0,DESPISTE,11.0,5.0,MONDAY,0,0
LIMA,PE-1S,50.0,DESPISTE,9.0,5.0,MONDAY,0,0
CAJAMARCA,PE-08,89.0,DESPISTE,4.0,5.0,TUESDAY,0,0
JUNIN,PE-3S,106.0,CHOQUE,18.0,5.0,TUESDAY,1,0
JUNIN,PE-5S,76.0,CHOQUE,6.0,5.0,WEDNESDAY,0,0
LIMA,PE-1S,149.0,CHOQUE,6.0,5.0,WEDNESDAY,0,0
ICA,PE-1S,184.0,DESPISTE,16.0,5.0,WEDNESDAY,0,0
MADRE DE DIOS,PE-30A,416.0,DESPISTE,4.0,5.0,WEDNESDAY,0,0
AREQUIPA,AR-109,3.0,DESPISTE,10.0,5.0,THURSDAY,0,0
LAMBAYEQUE,PE-1NJ,126.0,DESPISTE,5.0,5.0,THURSDAY,0,0
HUANCAVELICA,PE-3S,156.0,CHOQUE,11.0,5.0,THURSDAY,0,1
LIMA,PE-1N,169.0,DESPISTE,4.0,5.0,THURSDAY,0,0
PUNO,PE-30A,247.0,DESPISTE,9.0,5.0,THURSDAY,0,0
ANCASH,PE-1N,417.0,CHOQUE,7.0,5.0,THURSDAY,0,1
LIMA,PE-1S,68.0,DESPISTE,14.0,5.0,FRIDAY,0,0
LIMA,PE-1N,90.0,DESPISTE,6.0,5.0,FRIDAY,0,0
AREQUIPA,PE-34A,137.0,DESPISTE,6.0,5.0,FRIDAY,0,0
CUSCO,PE-28B,170.0,DESPISTE,21.0,5.0,FRIDAY,1,0
PIURA,PE-1N,3.0,CHOQUE,12.0,5.0,SATURDAY,0,0
LORETO,LO-103,14.0,ATROPELLO,17.0,5.0,SATURDAY,0,0
LA LIBERTAD,PE-08,32.0,ATROPELLO,4.0,5.0,SATURDAY,0,0
LIMA,PE-22,111.0,DESPISTE,11.0,5.0,SATURDAY,0,0
LIMA,PE-1N,192.0,DESPISTE,21.0,5.0,SATURDAY,1,0
AREQUIPA,PE-1S,776.0,DESPISTE,7.0,5.0,SATURDAY,0,0
PUNO,PE-3S,1352.0,CHOQUE,7.0,5.0,SATURDAY,0,0
LIMA,PE-22,107.0,CHOQUE,15.0,5.0,SUNDAY,0,0
JUNIN,PE-3N,135.0,DESPISTE,7.0,5.0,SUNDAY,0,0
AREQUIPA,PE-1S,770.0,CHOQUE,23.0,5.0,SUNDAY,1,0
PUNO,PE-3S,1289.0,DESPISTE,22.0,5.0,SUNDAY,1,0
LIMA,PE-1N,7.0,DESPISTE,3.0,5.0,MONDAY,0,0
LIMA,PE-1N,53.0,CHOQUE,7.0,5.0,MONDAY,0,0
LIMA,PE-22,96.0,DESPISTE,11.0,5.0,MONDAY,0,0
LIMA,PE-22,128.0,DESPISTE,8.0,5.0,MONDAY,0,0
AREQUIPA,PE-34A,151.0,DESPISTE,8.0,5.0,MONDAY,0,0
PUNO,PE-34A,187.0,DESPISTE,9.0,5.0,MONDAY,0,0
UCAYALI,PE-18C,8.0,CHOQUE,10.0,5.0,TUESDAY,0,0
LIMA,PE-1N,46.0,DESPISTE,10.0,5.0,TUESDAY,0,0
LIMA,PE-22,111.0,DESPISTE,7.0,5.0,TUESDAY,0,0
JUNIN,PE-22B,113.0,DESPISTE,7.0,5.0,TUESDAY,0,0
LIMA,PE-1S,133.0,CHOQUE,17.0,5.0,TUESDAY,0,1
ANCASH,PE-1N,301.0,DESPISTE,0.0,5.0,TUESDAY,0,0
ANCASH,PE-1N,336.0,DESPISTE,21.0,5.0,TUESDAY,1,1
SAN MARTIN,PE-5N,485.0,CHOQUE,6.0,5.0,TUESDAY,0,0
ICA,PE-1S,194.0,CHOQUE,7.0,5.0,WEDNESDAY,0,0
APURIMAC,PE-30A,282.0,DESPISTE,12.0,5.0,WEDNESDAY,0,0
ANCASH,PE-1N,371.0,ATROPELLO,23.0,5.0,WEDNESDAY,1,1
LA LIBERTAD,PE-1N,486.0,VOLCADURA,12.0,5.0,WEDNESDAY,0,0
AREQUIPA,PE-1S,777.0,DESPISTE,1.0,5.0,WEDNESDAY,0,0
HUANCAVELICA,HV-101,3.0,DESPISTE,14.0,5.0,THURSDAY,0,1
PUNO,PE-34H,6.0,CHOQUE,14.0,5.0,THURSDAY,0,1
LIMA,PE-1S,90.0,DESPISTE,11.0,5.0,THURSDAY,0,0
LIMA,PE-22,94.0,ESPECIAL,21.0,5.0,THURSDAY,1,0
HUANUCO,PE-3N,270.0,DESPISTE,4.0,5.0,THURSDAY,0,0
APURIMAC,PE-30A,432.0,DESPISTE,20.0,5.0,THURSDAY,1,1
LIMA,PE-1S,24.0,DESPISTE,4.0,5.0,FRIDAY,0,0
JUNIN,PE-3S,101.0,DESPISTE,12.0,5.0,FRIDAY,0,0
ANCASH,PE-1N,335.0,DESPISTE,17.0,5.0,FRIDAY,0,0
ANCASH,PE-1N,337.0,ESPECIAL,10.0,5.0,FRIDAY,0,0
LA LIBERTAD,PE-1N,600.0,ESPECIAL,18.0,5.0,FRIDAY,1,0
LA LIBERTAD,PE-1N,656.0,ATROPELLO,21.0,5.0,FRIDAY,1,1
CUSCO,PE-34G,10.0,CHOQUE,20.0,5.0,SATURDAY,1,0
PIURA,PE-1N,66.0,CHOQUE,10.0,5.0,SATURDAY,0,0
ANCASH,PE-14,113.0,DESPISTE,4.0,5.0,SATURDAY,0,0
JUNIN,PE-22,155.0,ATROPELLO,17.0,5.0,SATURDAY,0,0
LIMA,PE-1N,178.0,DESPISTE,23.0,5.0,SATURDAY,1,0
ICA,PE-1S,281.0,ATROPELLO,16.0,5.0,SATURDAY,0,0
ICA,PE-1S,434.0,DESPISTE,11.0,5.0,SATURDAY,0,0
MADRE DE DIOS,PE-30C,454.0,DESPISTE,20.0,5.0,SATURDAY,1,1
PUNO,PE-3S,,DESPISTE,15.0,5.0,SATURDAY,0,0
ANCASH,PE-1N,335.0,ESPECIAL,22.0,5.0,SUNDAY,1,0
APURIMAC,PE-30,370.0,DESPISTE,21.0,5.0,SUNDAY,1,0
AYACUCHO,PE-3S,411.0,DESPISTE,4.0,5.0,SUNDAY,0,1
SAN MARTIN,PE-5N,471.0,DESPISTE,18.0,5.0,SUNDAY,1,0
MOQUEGUA,PE-36A,55.0,DESPISTE,13.0,6.0,MONDAY,0,0
JUNIN,PE-22,141.0,CHOQUE,4.0,6.0,MONDAY,0,0
LIMA,PE-1S,153.0,DESPISTE,13.0,6.0,MONDAY,0,0
JUNIN,PE-3S,46.0,DESPISTE,17.0,6.0,TUESDAY,0,0
LAMBAYEQUE,PE-1NJ,150.0,DESPISTE,15.0,6.0,TUESDAY,0,0
ANCASH,PE-1N,237.0,DESPISTE,9.0,6.0,TUESDAY,0,0
APURIMAC,PE-30A,254.0,DESPISTE,16.0,6.0,TUESDAY,0,0
ANCASH,PE-1N,343.0,DESPISTE,11.0,6.0,TUESDAY,0,0
CUSCO,PE-3S,1083.0,CHOQUE,11.0,6.0,TUESDAY,0,0
LA LIBERTAD,PE-10A,18.0,DESPISTE,7.0,6.0,WEDNESDAY,0,0
PUNO,PE-34H,38.0,CHOQUE,20.0,6.0,WEDNESDAY,1,1
LAMBAYEQUE,PE-1NJ,40.0,CHOQUE,8.0,6.0,WEDNESDAY,0,0
UCAYALI,PE-18C,54.0,CHOQUE,6.0,6.0,WEDNESDAY,0,1
CAJAMARCA,PE-08,60.0,DESPISTE,21.0,6.0,WEDNESDAY,1,0
LIMA,PE-1N,103.0,DESPISTE,0.0,6.0,WEDNESDAY,0,0
PIURA,PE-1NJ,196.0,CHOQUE,9.0,6.0,WEDNESDAY,0,0
ICA,PE-1S,379.0,CHOQUE,18.0,6.0,WEDNESDAY,1,0
AREQUIPA,PE-1S,522.0,DESPISTE,23.0,6.0,WEDNESDAY,1,0
LAMBAYEQUE,PE-1N,704.0,CHOQUE,16.0,6.0,WEDNESDAY,0,0
PUNO,PE-3S,7.0,DESPISTE,21.0,6.0,THURSDAY,1,0
AREQUIPA,PE-1SD,32.0,DESPISTE,3.0,6.0,THURSDAY,0,1
TACNA,PE-36A,47.0,CHOQUE,5.0,6.0,THURSDAY,0,1
JUNIN,PE-22B,74.0,CHOQUE,17.0,6.0,THURSDAY,0,0
LIMA,PE-1S,99.0,CHOQUE,11.0,6.0,THURSDAY,0,0
MADRE DE DIOS,PE-30C,324.0,DESPISTE,13.0,6.0,THURSDAY,0,0
ANCASH,PE-1N,404.0,DESPISTE,12.0,6.0,THURSDAY,0,0
AREQUIPA,PE-1S,775.0,DESPISTE,17.0,6.0,THURSDAY,0,0
AREQUIPA,PE-1S,811.0,DESPISTE,11.0,6.0,THURSDAY,0,0
PIURA,PI-102,18.0,CHOQUE,9.0,6.0,FRIDAY,0,0
LIMA,PE-1NE,27.0,DESPISTE,6.0,6.0,FRIDAY,0,1
LIMA,PE-1S,56.0,DESPISTE,7.0,6.0,FRIDAY,0,0
LIMA,PE-22,97.0,CHOQUE,15.0,6.0,FRIDAY,0,0
JUNIN,PE-22B,101.0,CHOQUE,7.0,6.0,FRIDAY,0,0
JUNIN,PE-3N,138.0,CHOQUE,11.0,6.0,FRIDAY,0,0
LAMBAYEQUE,PE-1NJ,148.0,CHOQUE,15.0,6.0,FRIDAY,0,0
LIMA,PE-1N,157.0,CHOQUE,7.0,6.0,FRIDAY,0,0
AMAZONAS,PE-5N,304.0,CHOQUE,17.0,6.0,FRIDAY,0,0
ANCASH,PE-1N,402.0,CHOQUE,4.0,6.0,FRIDAY,0,0
LA LIBERTAD,PE-1N,530.0,DESPISTE,4.0,6.0,FRIDAY,0,0
LAMBAYEQUE,PE-1N,817.0,CHOQUE,2.0,6.0,FRIDAY,0,0
CAJAMARCA,PE-08,126.0,DESPISTE,17.0,6.0,SATURDAY,0,0
CUSCO,PE-28B,204.0,DESPISTE,23.0,6.0,SATURDAY,1,0
PUNO,PE-34A,245.0,DESPISTE,4.0,6.0,SATURDAY,0,0
AYACUCHO,PE-3S,444.0,DESPISTE,8.0,6.0,SATURDAY,0,0
AREQUIPA,PE-1S,541.0,DESPISTE,21.0,6.0,SATURDAY,1,0
AREQUIPA,PE-1S,633.0,DESPISTE,18.0,6.0,SATURDAY,1,0
LIMA,PE-22,121.0,DESPISTE,19.0,6.0,SUNDAY,1,0
LIMA,PE-1S,124.0,ESPECIAL,3.0,6.0,SUNDAY,0,0
LIMA,PE-1S,125.0,DESPISTE,14.0,6.0,SUNDAY,0,0
JUNIN,PE-22,141.0,DESPISTE,1.0,6.0,SUNDAY,0,0
AREQUIPA,PE-1S,763.0,DESPISTE,22.0,6.0,SUNDAY,1,0
PIURA,PE-1N,47.0,DESPISTE,1.0,6.0,MONDAY,0,0
PUNO,PE-34H,48.0,CHOQUE,19.0,6.0,MONDAY,1,0
LIMA,PE-1S,131.0,DESPISTE,23.0,6.0,MONDAY,1,0
LIMA,PE-1N,168.0,CHOQUE,5.0,6.0,MONDAY,0,0
LIMA,PE-1N,204.0,CHOQUE,11.0,6.0,MONDAY,0,0
ANCASH,PE-1N,246.0,DESPISTE,14.0,6.0,MONDAY,0,0
AYACUCHO,PE-3S,441.0,ESPECIAL,5.0,6.0,MONDAY,0,0
PIURA,PE-1N,928.0,CHOQUE,0.0,6.0,MONDAY,0,0
PUNO,PE-3S,1230.0,DESPISTE,17.0,6.0,MONDAY,0,1
PUNO,PE-3S,1284.0,CHOQUE,19.0,6.0,MONDAY,1,0
CUSCO,PE-34F,8.0,CHOQUE,14.0,6.0,TUESDAY,0,0
JUNIN,PE-3N,25.0,DESPISTE,5.0,6.0,TUESDAY,0,0
LAMBAYEQUE,PE-1NJ,64.0,DESPISTE,19.0,6.0,TUESDAY,1,0
JUNIN,PE-3S,73.0,DESPISTE,15.0,6.0,TUESDAY,0,0
LIMA,PE-22,99.0,ESPECIAL,9.0,6.0,TUESDAY,0,0
PASCO,PE-3N,139.0,CHOQUE,20.0,6.0,TUESDAY,1,0
AYACUCHO,PE-3N,139.0,CHOQUE,15.0,6.0,TUESDAY,0,0
AREQUIPA,PE-34A,145.0,CHOQUE,16.0,6.0,TUESDAY,0,0
ICA,PE-1S,209.0,ATROPELLO,18.0,6.0,TUESDAY,1,1
ANCASH,PE-1N,313.0,CHOQUE,5.0,6.0,TUESDAY,0,0
MADRE DE DIOS,PE-30C,314.0,ATROPELLO,14.0,6.0,TUESDAY,0,0
APURIMAC,PE-3S,797.0,DESPISTE,3.0,6.0,TUESDAY,0,0
LA LIBERTAD,PE-10A,20.0,ATROPELLO,20.0,6.0,WEDNESDAY,1,0
LIMA,PE-1S,57.0,DESPISTE,4.0,6.0,WEDNESDAY,0,0
LIMA,PE-22,65.0,ESPECIAL,15.0,6.0,WEDNESDAY,0,0
HUANUCO,PE-18A,90.0,DESPISTE,11.0,6.0,WEDNESDAY,0,0
AYACUCHO,PE-30A,102.0,DESPISTE,17.0,6.0,WEDNESDAY,0,0
JUNIN,PE-22,149.0,CHOQUE,4.0,6.0,WEDNESDAY,0,0
JUNIN,PE-22,166.0,DESPISTE,7.0,6.0,WEDNESDAY,0,0
APURIMAC,PE-30A,182.0,DESPISTE,16.0,6.0,WEDNESDAY,0,0
ICA,PE-1S,207.0,CHOQUE,16.0,6.0,WEDNESDAY,0,0
ANCASH,PE-3N,221.0,CHOQUE,16.0,6.0,WEDNESDAY,0,0
LA LIBERTAD,PE-1N,515.0,CHOQUE,7.0,6.0,WEDNESDAY,0,1
PUNO,PE-3S,1284.0,DESPISTE,6.0,6.0,WEDNESDAY,0,0
LIMA,PE-1N,16.0,DESPISTE,14.0,6.0,THURSDAY,0,0
LIMA,PE-1NE,27.0,DESPISTE,3.0,6.0,THURSDAY,0,0
JUNIN,PE-5S,34.0,CHOQUE,21.0,6.0,THURSDAY,1,1
LIMA,PE-1S,48.0,CHOQUE,5.0,6.0,THURSDAY,0,0
LIMA,PE-1N,62.0,DESPISTE,16.0,6.0,THURSDAY,0,0
APURIMAC,PE-30A,306.0,DESPISTE,16.0,6.0,THURSDAY,0,1
AYACUCHO,PE-3S,450.0,DESPISTE,14.0,6.0,THURSDAY,0,0
LAMBAYEQUE,PE-1N,787.0,CHOQUE,16.0,6.0,THURSDAY,0,0
LAMBAYEQUE,PE-1N,829.0,DESPISTE,6.0,6.0,THURSDAY,0,0
JUNIN,PE-3N,13.0,CHOQUE,18.0,6.0,FRIDAY,1,0
LIMA,PE-1S,32.0,ATROPELLO,20.0,6.0,FRIDAY,1,1
LIMA,PE-22,65.0,DESPISTE,11.0,6.0,FRIDAY,0,0
LIMA,PE-1S,141.0,CHOQUE,11.0,6.0,FRIDAY,0,0
LIMA,PE-1N,158.0,CHOQUE,15.0,6.0,FRIDAY,0,1
AMAZONAS,PE-5N,286.0,DESPISTE,5.0,6.0,FRIDAY,0,0
PUNO,PE-3S,1284.0,DESPISTE,16.0,6.0,FRIDAY,0,0
ANCASH,PE-16,12.0,ESPECIAL,10.0,6.0,SATURDAY,0,0
LIMA,PE-1N,16.0,DESPISTE,14.0,6.0,SATURDAY,0,0
LIMA,PE-1N,104.0,ATROPELLO,9.0,6.0,SATURDAY,0,1
LIMA,PE-1N,155.0,ATROPELLO,11.0,6.0,SATURDAY,0,1
ICA,PE-1S,243.0,CHOQUE,20.0,6.0,SATURDAY,1,0
ICA,PE-1S,385.0,CHOQUE,8.0,6.0,SATURDAY,0,0
SAN MARTIN,PE-5N,471.0,DESPISTE,21.0,6.0,SATURDAY,1,0
AREQUIPA,PE-1S,608.0,DESPISTE,21.0,6.0,SATURDAY,1,0
ANCASH,PE-16,52.0,DESPISTE,12.0,6.0,SUNDAY,0,0
LIMA,PE-22,125.0,DESPISTE,17.0,6.0,SUNDAY,0,1
CUSCO,PE-28B,175.0,DESPISTE,11.0,6.0,SUNDAY,0,0
AREQUIPA,PE-34E,2.0,CHOQUE,17.0,6.0,MONDAY,0,0
CUSCO,PE-34G,8.0,DESPISTE,7.0,6.0,MONDAY,0,0
JUNIN,PE-3N,49.0,DESPISTE,1.0,6.0,MONDAY,0,0
CAJAMARCA,PE-3NB,51.0,DESPISTE,13.0,6.0,MONDAY,0,0
PUNO,PE-34A,245.0,DESPISTE,8.0,6.0,MONDAY,0,0
PUNO,PE-34A,290.0,CHOQUE,10.0,6.0,MONDAY,0,1
ANCASH,PE-1N,398.0,CHOQUE,8.0,6.0,MONDAY,0,0
PIURA,PE-1N,997.0,CHOQUE,5.0,6.0,MONDAY,0,0
PUNO,PE-3S,1353.0,DESPISTE,7.0,6.0,MONDAY,0,0
TACNA,PE-38,68.0,DESPISTE,16.0,6.0,TUESDAY,0,1
LIMA,PE-22,91.0,CHOQUE,0.0,6.0,TUESDAY,0,0
LIMA,PE-22,107.0,DESPISTE,3.0,6.0,TUESDAY,0,0
AREQUIPA,PE-34A,181.0,DESPISTE,21.0,6.0,TUESDAY,1,0
LIMA,PE-1N,182.0,CHOQUE,14.0,6.0,TUESDAY,0,0
ANCASH,PE-1N,237.0,DESPISTE,7.0,6.0,TUESDAY,0,0
SAN MARTIN,PE-5N,608.0,ATROPELLO,5.0,6.0,TUESDAY,0,1
HUANUCO,PE-18A,19.0,CHOQUE,13.0,6.0,WEDNESDAY,0,1
LIMA,PE-1S,84.0,DESPISTE,3.0,6.0,WEDNESDAY,0,0
LIMA,PE-1S,164.0,CHOQUE,9.0,6.0,WEDNESDAY,0,0
LIMA,PE-1N,203.0,DESPISTE,8.0,6.0,WEDNESDAY,0,0
LIMA,PE-1N,16.0,CHOQUE,4.0,6.0,THURSDAY,0,0
JUNIN,PE-22B,83.0,DESPISTE,6.0,6.0,THURSDAY,0,0
LIMA,PE-1S,125.0,DESPISTE,5.0,6.0,THURSDAY,0,0
LIMA,PE-1N,186.0,CHOQUE,14.0,6.0,THURSDAY,0,0
AMAZONAS,PE-5N,333.0,DESPISTE,8.0,6.0,THURSDAY,0,0
AYACUCHO,PE-3S,481.0,DESPISTE,6.0,6.0,THURSDAY,0,0
PUNO,PE-3S,1332.0,DESPISTE,9.0,6.0,THURSDAY,0,0
LIMA,PE-1S,126.0,ESPECIAL,21.0,6.0,FRIDAY,1,0
APURIMAC,PE-30A,335.0,DESPISTE,10.0,6.0,FRIDAY,0,0
AREQUIPA,PE-1S,730.0,DESPISTE,22.0,6.0,FRIDAY,1,0
PIURA,PE-1NL,1059.0,DESPISTE,16.0,6.0,FRIDAY,0,0
MOQUEGUA,PE-1S,1143.0,DESPISTE,3.0,6.0,FRIDAY,0,0
PUNO,PE-3S,1300.0,CHOQUE,15.0,6.0,FRIDAY,0,1
PUNO,PE-3S,1353.0,ATROPELLO,17.0,6.0,FRIDAY,0,0
JUNIN,PE-3S,5.0,DESPISTE,6.0,6.0,SATURDAY,0,0
CAJAMARCA,PE-3NB,37.0,DESPISTE,0.0,6.0,SATURDAY,0,0
LIMA,PE-1S,108.0,DESPISTE,7.0,6.0,SATURDAY,0,0
CAJAMARCA,PE-08,170.0,CHOQUE,14.0,6.0,SATURDAY,0,0
APURIMAC,PE-30A,367.0,DESPISTE,13.0,6.0,SATURDAY,0,0
AREQUIPA,PE-1S,865.0,CHOQUE,13.0,6.0,SATURDAY,0,0
PIURA,PE-1N,199.0,DESPISTE,22.0,6.0,SUNDAY,1,0
ANCASH,PE-1N,357.0,DESPISTE,6.0,6.0,SUNDAY,0,0
ANCASH,PE-1N,367.0,DESPISTE,8.0,6.0,SUNDAY,0,0
AREQUIPA,PE-1S,833.0,CHOQUE,13.0,6.0,SUNDAY,0,0
PIURA,PE-1N,987.0,DESPISTE,6.0,6.0,SUNDAY,0,0
TACNA,PE-1SD,12.0,CHOQUE,21.0,6.0,MONDAY,1,0
UCAYALI,PE-18C,15.0,DESPISTE,12.0,6.0,MONDAY,0,0
TACNA,PE-36,20.0,VOLCADURA,14.0,6.0,MONDAY,0,0
ANCASH,PE-16,51.0,DESPISTE,23.0,6.0,MONDAY,1,0
CAJAMARCA,PE-08,101.0,DESPISTE,17.0,6.0,MONDAY,0,0
LIMA,PE-1S,116.0,DESPISTE,20.0,6.0,MONDAY,1,0
CUSCO,PE-3S,1103.0,CHOQUE,16.0,6.0,MONDAY,0,0
UCAYALI,PE-18C,24.0,CHOQUE,16.0,6.0,TUESDAY,0,1
LIMA,PE-1S,83.0,DESPISTE,8.0,6.0,TUESDAY,0,0
ICA,PE-1S,277.0,ESPECIAL,10.0,6.0,TUESDAY,0,0
ANCASH,PE-1N,293.0,CHOQUE,22.0,6.0,TUESDAY,1,1
LA LIBERTAD,PE-1N,516.0,CHOQUE,16.0,6.0,TUESDAY,0,0
CUSCO,PE-28G,38.0,ATROPELLO,22.0,6.0,WEDNESDAY,1,0
PIURA,PI-102,39.0,DESPISTE,17.0,6.0,WEDNESDAY,0,0
UCAYALI,PE-18C,42.0,DESPISTE,20.0,6.0,WEDNESDAY,1,0
LIMA,PE-1N,44.0,DESPISTE,15.0,6.0,WEDNESDAY,0,0
JUNIN,PE-3S,65.0,DESPISTE,0.0,6.0,WEDNESDAY,0,0
JUNIN,PE-3N,137.0,CHOQUE,18.0,6.0,WEDNESDAY,1,0
AREQUIPA,PE-34A,178.0,CHOQUE,14.0,6.0,WEDNESDAY,0,0
AREQUIPA,PE-1S,608.0,DESPISTE,17.0,6.0,WEDNESDAY,0,0
LIMA,PE-1N,48.0,DESPISTE,8.0,6.0,THURSDAY,0,0
AMAZONAS,PE-5N,123.0,CHOQUE,22.0,6.0,THURSDAY,1,1
APURIMAC,PE-30A,198.0,DESPISTE,12.0,6.0,THURSDAY,0,0
LIMA,PE-1N,203.0,DESPISTE,7.0,6.0,THURSDAY,0,0
ANCASH,PE-1N,264.0,DESPISTE,6.0,6.0,THURSDAY,0,0
APURIMAC,PE-30A,302.0,CHOQUE,7.0,6.0,THURSDAY,0,0
TACNA,PE-1S,1303.0,CHOQUE,19.0,6.0,THURSDAY,1,0
PIURA,N.I.,,DESPISTE,22.0,6.0,THURSDAY,1,0
CAJAMARCA,PE-3NB,4.0,ATROPELLO,19.0,6.0,FRIDAY,1,1
CAJAMARCA,PE-3N,9.0,DESPISTE,13.0,6.0,FRIDAY,0,0
LIMA,PE-1S,119.0,DESPISTE,6.0,6.0,FRIDAY,0,0
LIMA,PE-22,128.0,DESPISTE,21.0,6.0,FRIDAY,1,0
LA LIBERTAD,PE-1N,639.0,DESPISTE,7.0,6.0,FRIDAY,0,1
CAJAMARCA,PE-3NB,34.0,DESPISTE,20.0,6.0,SATURDAY,1,0
UCAYALI,PE-18C,46.0,DESPISTE,13.0,6.0,SATURDAY,0,0
UCAYALI,PE-18C,51.0,CHOQUE,2.0,6.0,SATURDAY,0,0
CAJAMARCA,PE-08A,62.0,DESPISTE,12.0,6.0,SATURDAY,0,0
PUNO,PE-1S,,DESPISTE,0.0,6.0,SATURDAY,0,0
UCAYALI,PE-18C,13.0,CHOQUE,6.0,6.0,SUNDAY,0,0
PUNO,PE-34H,54.0,CHOQUE,18.0,6.0,SUNDAY,1,0
AREQUIPA,PE-34A,83.0,DESPISTE,10.0,6.0,SUNDAY,0,0
LIMA,PE-22,110.0,DESPISTE,12.0,6.0,SUNDAY,0,0
AREQUIPA,PE-1SD,10.0,DESPISTE,9.0,6.0,MONDAY,0,0
LIMA,PE-22,111.0,CHOQUE,20.0,6.0,MONDAY,1,0
LIMA,PE-1S,170.0,CHOQUE,19.0,6.0,MONDAY,1,0
MOQUEGUA,PE-1SD,197.0,DESPISTE,16.0,6.0,MONDAY,0,0
ANCASH,PE-1N,240.0,DESPISTE,6.0,6.0,MONDAY,0,0
AREQUIPA,PE-34A,4.0,ATROPELLO,7.0,6.0,TUESDAY,0,1
TACNA,PE-1SD,15.0,CHOQUE,22.0,6.0,TUESDAY,1,0
ICA,PE-1S,188.0,DESPISTE,10.0,6.0,TUESDAY,0,0
ANCASH,PE-1S,417.0,CHOQUE,6.0,6.0,TUESDAY,0,0
LA LIBERTAD,PE-1N,514.0,VOLCADURA,14.0,6.0,TUESDAY,0,0
LA LIBERTAD,PE-1N,678.0,CHOQUE,5.0,6.0,TUESDAY,0,1
CUSCO,PE-3S,999.0,CHOQUE,8.0,6.0,TUESDAY,0,0
PUNO,PE-3S,1284.0,CHOQUE,18.0,6.0,TUESDAY,1,0
JUNIN,PE-22,20.0,DESPISTE,8.0,7.0,WEDNESDAY,0,0
LIMA,PE-1S,23.0,CHOQUE,6.0,7.0,WEDNESDAY,0,0
ANCASH,PE-3N,75.0,CHOQUE,17.0,7.0,WEDNESDAY,0,0
CAJAMARCA,PE-06B,152.0,CHOQUE,17.0,7.0,WEDNESDAY,0,0
AMAZONAS,PE-04A,185.0,DESPISTE,18.0,7.0,WEDNESDAY,1,0
ANCASH,PE-1N,226.0,DESPISTE,6.0,7.0,WEDNESDAY,0,0
PIURA,PE-1N,252.0,CHOQUE,17.0,7.0,WEDNESDAY,0,0
PUNO,PE-36A,303.0,CHOQUE,15.0,7.0,WEDNESDAY,0,0
AYACUCHO,PE-3S,327.0,CHOQUE,14.0,7.0,WEDNESDAY,0,0
ANCASH,PE-1N,444.0,CHOQUE,0.0,7.0,WEDNESDAY,0,0
LA LIBERTAD,PE-1N,705.0,DESPISTE,9.0,7.0,WEDNESDAY,0,0
LAMBAYEQUE,PE-1N,793.0,CHOQUE,20.0,7.0,WEDNESDAY,1,0
CAJAMARCA,PE-08A,47.0,DESPISTE,1.0,7.0,THURSDAY,0,0
LIMA,PE-1N,123.0,DESPISTE,16.0,7.0,THURSDAY,0,0
MOQUEGUA,PE-1S,127.0,DESPISTE,19.0,7.0,THURSDAY,1,0
ANCASH,PE-16,154.0,DESPISTE,14.0,7.0,THURSDAY,0,0
AREQUIPA,PE-1S,167.0,CHOQUE,5.0,7.0,THURSDAY,0,1
ICA,PE-1S,182.0,CHOQUE,4.0,7.0,THURSDAY,0,0
ANCASH,PE-1N,275.0,DESPISTE,9.0,7.0,THURSDAY,0,0
MOQUEGUA,PE-1S,1279.0,DESPISTE,9.0,7.0,THURSDAY,0,1
UCAYALI,PE-18C,108.0,DESPISTE,2.0,7.0,FRIDAY,0,0
LAMBAYEQUE,PE-1N,119.0,ESPECIAL,21.0,7.0,FRIDAY,1,0
LIMA,PE-22,122.0,DESPISTE,2.0,7.0,FRIDAY,0,1
AYACUCHO,PE-3S,130.0,DESPISTE,16.0,7.0,FRIDAY,0,0
AMAZONAS,PE-04A,234.0,CHOQUE,19.0,7.0,FRIDAY,1,0
ANCASH,PE-3N,693.0,DESPISTE,3.0,7.0,FRIDAY,0,0
JUNIN,PE-22,70.0,DESPISTE,21.0,7.0,SATURDAY,1,0
AYACUCHO,PE-28B,79.0,CHOQUE,17.0,7.0,SATURDAY,0,0
CAJAMARCA,PE-08,110.0,DESPISTE,16.0,7.0,SATURDAY,0,1
LIMA,PE-1N,110.0,CHOQUE,7.0,7.0,SATURDAY,0,0
ICA,PE-30A,144.0,CHOQUE,22.0,7.0,SATURDAY,1,0
LA LIBERTAD,PE-1N,596.0,DESPISTE,19.0,7.0,SATURDAY,1,1
AMAZONAS,PE-5N,9.0,CHOQUE,23.0,7.0,SUNDAY,1,0
APURIMAC,PE-04A,12.0,CHOQUE,21.0,7.0,SUNDAY,1,0
LIMA,PE-1N,147.0,DESPISTE,2.0,7.0,SUNDAY,0,0
APURIMAC,PE-30A,254.0,DESPISTE,10.0,7.0,SUNDAY,0,1
AREQUIPA,PE-1S,592.0,DESPISTE,0.0,7.0,SUNDAY,0,0
PIURA,PE-02A,1.0,CHOQUE,19.0,7.0,MONDAY,1,0
LORETO,LO-103,3.0,ATROPELLO,14.0,7.0,MONDAY,0,0
PIURA,PE-1N,102.0,DESPISTE,18.0,7.0,MONDAY,1,0
LIMA,PE-1S,108.0,CHOQUE,6.0,7.0,MONDAY,0,1
LIMA,PE-1S,163.0,CHOQUE,5.0,7.0,MONDAY,0,0
PIURA,PE-1N,260.0,DESPISTE,15.0,7.0,MONDAY,0,0
LA LIBERTAD,PE-1N,558.0,ATROPELLO,19.0,7.0,MONDAY,1,1
PUNO,PE-3S,1219.0,CHOQUE,21.0,7.0,MONDAY,1,1
CAJAMARCA,PE-3N,1378.0,DESPISTE,16.0,7.0,MONDAY,0,1
PUNO,PE-1S,1467.0,CHOQUE,19.0,7.0,MONDAY,1,0
ANCASH,PE-16,12.0,CHOQUE,23.0,7.0,TUESDAY,1,0
ANCASH,PE-1N,34.0,DESPISTE,10.0,7.0,TUESDAY,0,0
HUANUCO,PE-18A,103.0,DESPISTE,9.0,7.0,TUESDAY,0,0
AYACUCHO,PE-22,129.0,CHOQUE,18.0,7.0,TUESDAY,1,0
LIMA,PE-1N,142.0,DESPISTE,17.0,7.0,TUESDAY,0,0
AREQUIPA,PE-34A,179.0,DESPISTE,10.0,7.0,TUESDAY,0,0
HUANUCO,PE-5N,452.0,CHOQUE,8.0,7.0,TUESDAY,0,0
LAMBAYEQUE,PE-1N,727.0,CHOQUE,20.0,7.0,TUESDAY,1,1
CUSCO,PE-3S,1142.0,DESPISTE,5.0,7.0,TUESDAY,0,0
MOQUEGUA,PE-1S,1219.0,CHOQUE,10.0,7.0,TUESDAY,0,0
LAMBAYEQUE,PE-1N,13.0,CHOQUE,13.0,7.0,WEDNESDAY,0,1
PIURA,PE-1N,48.0,DESPISTE,17.0,7.0,WEDNESDAY,0,0
HUANUCO,PE-18A,50.0,DESPISTE,18.0,7.0,WEDNESDAY,1,0
AYACUCHO,PE-30A,101.0,DESPISTE,19.0,7.0,WEDNESDAY,1,0
ICA,PE-30A,101.0,DESPISTE,20.0,7.0,WEDNESDAY,1,0
ANCASH,PE-1N,329.0,DESPISTE,19.0,7.0,WEDNESDAY,1,0
ANCASH,PE-1N,399.0,DESPISTE,13.0,7.0,WEDNESDAY,0,0
MADRE DE DIOS,PE-30C,403.0,DESPISTE,12.0,7.0,WEDNESDAY,0,0
ANCASH,PE-3N,571.0,CHOQUE,21.0,7.0,WEDNESDAY,1,0
AREQUIPA,PE-1S,728.0,DESPISTE,17.0,7.0,WEDNESDAY,0,0
LAMBAYEQUE,PE-1N,842.0,CHOQUE,15.0,7.0,WEDNESDAY,0,1
PIURA,PE-1N,31.0,CHOQUE,20.0,7.0,THURSDAY,1,1
CAJAMARCA,PE-08B,45.0,ATROPELLO,11.0,7.0,THURSDAY,0,0
AREQUIPA,PE-34A,55.0,CHOQUE,12.0,7.0,THURSDAY,0,0
LIMA,PE-1N,136.0,ATROPELLO,23.0,7.0,THURSDAY,1,1
MADRE DE DIOS,PE-30C,324.0,CHOQUE,16.0,7.0,THURSDAY,0,0
LA LIBERTAD,PE-1N,518.0,CHOQUE,8.0,7.0,THURSDAY,0,0
LA LIBERTAD,PE-1N,525.0,ATROPELLO,20.0,7.0,THURSDAY,1,1
APURIMAC,PE-3S,645.0,ATROPELLO,18.0,7.0,THURSDAY,1,1
AREQUIPA,PE-1S,732.0,CHOQUE,3.0,7.0,THURSDAY,0,0
TUMBES,PE-1N,1298.0,CHOQUE,7.0,7.0,THURSDAY,0,0
PUNO,PE-36B,12.0,DESPISTE,19.0,7.0,FRIDAY,1,0
LIMA,PE-1NA,16.0,DESPISTE,14.0,7.0,FRIDAY,0,0
LIMA,PE-1S,142.0,CHOQUE,7.0,7.0,FRIDAY,0,1
CUSCO,PE-28B,243.0,DESPISTE,5.0,7.0,FRIDAY,0,0
PUNO,PE-30A,290.0,DESPISTE,10.0,7.0,FRIDAY,0,0
ANCASH,PE-16,654.0,DESPISTE,18.0,7.0,FRIDAY,1,0
SAN MARTIN,PE-04A,750.0,CHOQUE,9.0,7.0,FRIDAY,0,0
AREQUIPA,PE-1S,830.0,CHOQUE,4.0,7.0,FRIDAY,0,1
PIURA,PE-02D,0.0,CHOQUE,6.0,7.0,SATURDAY,0,0
LIMA,PE-1NA,16.0,DESPISTE,5.0,7.0,SATURDAY,0,0
TACNA,PE-36A,31.0,DESPISTE,2.0,7.0,SATURDAY,0,0
LIMA,PE-1S,35.0,DESPISTE,5.0,7.0,SATURDAY,0,0
TACNA,PE-1SD,47.0,CHOQUE,19.0,7.0,SATURDAY,1,0
JUNIN,PE-3N,56.0,CHOQUE,14.0,7.0,SATURDAY,0,1
CUSCO,PE-3SG,69.0,ESPECIAL,6.0,7.0,SATURDAY,0,1
LIMA,PE-1S,82.0,DESPISTE,15.0,7.0,SATURDAY,0,0
ANCASH,AN-100,86.0,DESPISTE,7.0,7.0,SATURDAY,0,0
UCAYALI,PE-04A,178.0,CHOQUE,22.0,7.0,SATURDAY,1,1
ICA,PE-1S,182.0,CHOQUE,18.0,7.0,SATURDAY,1,0
ANCASH,PE-1N,240.0,DESPISTE,17.0,7.0,SATURDAY,0,0
ANCASH,PE-1N,338.0,DESPISTE,8.0,7.0,SATURDAY,0,0
APURIMAC,PE-30A,384.0,DESPISTE,13.0,7.0,SATURDAY,0,0
AREQUIPA,PE-1S,1025.0,CHOQUE,9.0,7.0,SATURDAY,0,0
LA LIBERTAD,PE-3N,1052.0,DESPISTE,7.0,7.0,SATURDAY,0,0
AREQUIPA,AR-109,6.0,CHOQUE,13.0,7.0,SUNDAY,0,0
LIMA,PE-1N,19.0,DESPISTE,11.0,7.0,SUNDAY,0,0
LIMA,PE-22,29.0,CHOQUE,10.0,7.0,SUNDAY,0,0
CUSCO,PE-28B,105.0,DESPISTE,14.0,7.0,SUNDAY,0,1
LIMA,PE-16,137.0,DESPISTE,17.0,7.0,SUNDAY,0,0
AREQUIPA,PE-34A,179.0,DESPISTE,12.0,7.0,SUNDAY,0,0
AYACUCHO,PE-28A,442.0,DESPISTE,5.0,7.0,SUNDAY,0,0
CAJAMARCA,PE-06B,3.0,DESPISTE,8.0,7.0,MONDAY,0,0
LAMBAYEQUE,PE-1NJ,42.0,CHOQUE,23.0,7.0,MONDAY,1,0
LIMA,PE-1N,110.0,DESPISTE,22.0,7.0,MONDAY,1,0
SAN MARTIN,PE-04A,587.0,DESPISTE,18.0,7.0,MONDAY,1,0
LIMA,PE-16,8.0,DESPISTE,11.0,7.0,TUESDAY,0,0
LIMA,PE-16,55.0,DESPISTE,18.0,7.0,TUESDAY,1,0
LIMA,PE-1N,102.0,DESPISTE,11.0,7.0,TUESDAY,0,0
LIMA,PE-1N,107.0,VOLCADURA,18.0,7.0,TUESDAY,1,1
LIMA,PE-1N,164.0,CHOQUE,19.0,7.0,TUESDAY,1,0
ANCASH,PE-1N,248.0,ESPECIAL,6.0,7.0,TUESDAY,0,0
LA LIBERTAD,PE-1N,519.0,CHOQUE,5.0,7.0,TUESDAY,0,1
JUNIN,PE-24,0.0,CHOQUE,17.0,7.0,WEDNESDAY,0,0
AREQUIPA,PE-34A,122.0,CHOQUE,0.0,7.0,WEDNESDAY,0,1
PUNO,PE-34B,176.0,CHOQUE,17.0,7.0,WEDNESDAY,0,0
PUNO,PE-34A,260.0,DESPISTE,22.0,7.0,WEDNESDAY,1,0
LIMA,PE-1N,332.0,DESPISTE,13.0,7.0,WEDNESDAY,0,0
MADRE DE DIOS,PE-30C,498.0,DESPISTE,14.0,7.0,WEDNESDAY,0,0
HUANCAVELICA,PE-3SD,28.0,DESPISTE,17.0,7.0,THURSDAY,0,0
LIMA,PE-1N,63.0,CHOQUE,7.0,7.0,THURSDAY,0,0
LIMA,PE-22,87.0,DESPISTE,19.0,7.0,THURSDAY,1,0
LIMA,PE-1S,89.0,CHOQUE,9.0,7.0,THURSDAY,0,0
AREQUIPA,PE-34A,124.0,DESPISTE,10.0,7.0,THURSDAY,0,0
ICA,PE-1S,184.0,DESPISTE,10.0,7.0,THURSDAY,0,0
LIMA,PE-1N,214.0,DESPISTE,7.0,7.0,THURSDAY,0,0
MADRE DE DIOS,PE-30C,283.0,CHOQUE,17.0,7.0,THURSDAY,0,0
APURIMAC,PE-30A,383.0,DESPISTE,15.0,7.0,THURSDAY,0,0
SAN MARTIN,PE-04A,402.0,CHOQUE,15.0,7.0,THURSDAY,0,0
LA LIBERTAD,PE-1N,495.0,CHOQUE,7.0,7.0,THURSDAY,0,0
PIURA,PE-1N,1015.0,DESPISTE,19.0,7.0,THURSDAY,1,0
AYACUCHO,AY-100,4.0,DESPISTE,12.0,7.0,FRIDAY,0,0
LA LIBERTAD,PE-10A,54.0,CHOQUE,16.0,7.0,FRIDAY,0,0
LIMA,PE-1N,83.0,DESPISTE,5.0,7.0,FRIDAY,0,0
ICA,PE-1S,283.0,CHOQUE,6.0,7.0,FRIDAY,0,0
ICA,PE-1S,284.0,CHOQUE,6.0,7.0,FRIDAY,0,0
MADRE DE DIOS,PE-30C,412.0,DESPISTE,7.0,7.0,FRIDAY,0,0
PIURA,PE-1N,954.0,DESPISTE,14.0,7.0,FRIDAY,0,0
CUSCO,PE-3S,999.0,CHOQUE,19.0,7.0,FRIDAY,1,0
LIMA,PE-1N,103.0,DESPISTE,13.0,7.0,SATURDAY,0,0
JUNIN,PE-22,161.0,DESPISTE,19.0,7.0,SATURDAY,1,0
CUSCO,PE-28B,205.0,DESPISTE,16.0,7.0,SATURDAY,0,0
LIMA,PE-1N,230.0,N.I.,17.0,7.0,SATURDAY,0,0
ANCASH,PE-1N,280.0,DESPISTE,9.0,7.0,SATURDAY,0,0
MADRE DE DIOS,PE-30C,326.0,DESPISTE,3.0,7.0,SATURDAY,0,0
AREQUIPA,PE-1S,1040.0,CHOQUE,17.0,7.0,SATURDAY,0,0
LORETO,LO-103,33.0,ATROPELLO,23.0,7.0,SUNDAY,1,0
LIMA,PE-1S,34.0,DESPISTE,18.0,7.0,SUNDAY,1,0
LIMA,PE-1N,64.0,DESPISTE,10.0,7.0,SUNDAY,0,0
LIMA,PE-1S,119.0,CHOQUE,20.0,7.0,SUNDAY,1,0
LIMA,PE-1S,135.0,CHOQUE,12.0,7.0,SUNDAY,0,0
LA LIBERTAD,PE-1N,592.0,ATROPELLO,23.0,7.0,SUNDAY,1,0
TACNA,PE-1S,,ATROPELLO,14.0,7.0,SUNDAY,0,0
LIMA,PE-1S,42.0,DESPISTE,17.0,7.0,MONDAY,0,0
LIMA,PE-1S,139.0,ESPECIAL,22.0,7.0,MONDAY,1,0
LIMA,PE-1N,155.0,DESPISTE,11.0,7.0,MONDAY,0,0
LIMA,PE-30A,254.0,DESPISTE,4.0,7.0,MONDAY,0,0
PIURA,PE-1N,265.0,N.I.,21.0,7.0,MONDAY,1,0
ANCASH,PE-1N,390.0,CHOQUE,4.0,7.0,MONDAY,0,0
ICA,PE-1S,465.0,CHOQUE,20.0,7.0,MONDAY,1,0
PUNO,PE-34A,800.0,CHOQUE,15.0,7.0,MONDAY,0,1
AREQUIPA,PE-1S,849.0,CHOQUE,18.0,7.0,MONDAY,1,0
CUSCO,PE-3S,1092.0,CHOQUE,16.0,7.0,MONDAY,0,0
PUNO,PE-3S,1202.0,DESPISTE,19.0,7.0,MONDAY,1,1
CAJAMARCA,PE-08B,9.0,CHOQUE,15.0,7.0,TUESDAY,0,0
LIMA,PE-1N,119.0,CHOQUE,6.0,7.0,TUESDAY,0,1
JUNIN,PE-22,132.0,CHOQUE,10.0,7.0,TUESDAY,0,0
ANCASH,PE-1N,398.0,DESPISTE,1.0,7.0,TUESDAY,0,0
SAN MARTIN,PE-04A,810.0,CHOQUE,19.0,7.0,TUESDAY,1,0
AREQUIPA,PE-1S,861.0,DESPISTE,8.0,7.0,TUESDAY,0,0
AREQUIPA,PE-1S,988.0,ATROPELLO,11.0,7.0,TUESDAY,0,1
PUNO,PE-3S,1304.0,DESPISTE,0.0,7.0,TUESDAY,0,0
TACNA,PE-1SD,2.0,CHOQUE,6.0,7.0,WEDNESDAY,0,0
JUNIN,PE-5S,30.0,DESPISTE,13.0,7.0,WEDNESDAY,0,0
LIMA,PE-22,120.0,CHOQUE,2.0,7.0,WEDNESDAY,0,0
PUNO,PE-34A,199.0,DESPISTE,8.0,7.0,WEDNESDAY,0,0
MADRE DE DIOS,PE-30C,277.0,CHOQUE,14.0,7.0,WEDNESDAY,0,0
PUNO,PE-34A,292.0,DESPISTE,19.0,7.0,WEDNESDAY,1,0
MADRE DE DIOS,PE-30C,334.0,ATROPELLO,18.0,7.0,WEDNESDAY,1,0
AREQUIPA,PE-1S,603.0,DESPISTE,10.0,7.0,WEDNESDAY,0,0
AREQUIPA,PE-1S,764.0,VOLCADURA,10.0,7.0,WEDNESDAY,0,0
AREQUIPA,PE-34E,6.0,DESPISTE,3.0,7.0,THURSDAY,0,0
JUNIN,PE-3N,11.0,DESPISTE,17.0,7.0,THURSDAY,0,0
CAJAMARCA,PE-06B,33.0,CHOQUE,15.0,7.0,THURSDAY,0,0
UCAYALI,PE-18C,40.0,DESPISTE,0.0,7.0,THURSDAY,0,0
TACNA,PE-1SD,56.0,CHOQUE,20.0,7.0,THURSDAY,1,0
AREQUIPA,PE-34E,69.0,DESPISTE,15.0,7.0,THURSDAY,0,0
LAMBAYEQUE,PE-1NJ,82.0,DESPISTE,20.0,7.0,THURSDAY,1,0
JUNIN,PE-3N,86.0,CHOQUE,16.0,7.0,THURSDAY,0,0
TACNA,PE-1SD,100.0,ESPECIAL,4.0,7.0,THURSDAY,0,0
JUNIN,PE-22,133.0,DESPISTE,19.0,7.0,THURSDAY,1,1
PUNO,PE-34A,241.0,DESPISTE,9.0,7.0,THURSDAY,0,0
PUNO,PE-30A,280.0,DESPISTE,21.0,7.0,THURSDAY,1,0
ICA,PE-1S,325.0,CHOQUE,19.0,7.0,THURSDAY,1,0
ANCASH,PE-1N,345.0,DESPISTE,8.0,7.0,THURSDAY,0,0
ICA,PE-1S,456.0,CHOQUE,3.0,7.0,THURSDAY,0,1
AREQUIPA,PE-1S,499.0,CHOQUE,15.0,7.0,THURSDAY,0,0
APURIMAC,PE-3S,779.0,DESPISTE,6.0,7.0,THURSDAY,0,0
CUSCO,PE-3S,1026.0,DESPISTE,11.0,7.0,THURSDAY,0,1
PUNO,PE-1S,1472.0,DESPISTE,18.0,7.0,THURSDAY,1,0
JUNIN,PE-22,2.0,DESPISTE,19.0,7.0,FRIDAY,1,0
LIMA,LM-108,5.0,N.I.,14.0,7.0,FRIDAY,0,0
LAMBAYEQUE,PE-04A,20.0,DESPISTE,19.0,7.0,FRIDAY,1,1
PIURA,PE-1N,53.0,DESPISTE,16.0,7.0,FRIDAY,0,0
LIMA,PE-1N,85.0,CHOQUE,20.0,7.0,FRIDAY,1,0
CAJAMARCA,PE-08B,129.0,DESPISTE,20.0,7.0,FRIDAY,1,0
CUSCO,PE-28B,202.0,DESPISTE,19.0,7.0,FRIDAY,1,0
PIURA,PE-1NJ,251.0,CHOQUE,21.0,7.0,FRIDAY,1,0
LA LIBERTAD,PE-1N,466.0,ESPECIAL,5.0,7.0,FRIDAY,0,0
AREQUIPA,PE-1S,860.0,DESPISTE,7.0,7.0,FRIDAY,0,1
AREQUIPA,PE-1S,863.0,DESPISTE,13.0,7.0,FRIDAY,0,0
PIURA,PE-1N,1121.0,DESPISTE,21.0,7.0,FRIDAY,1,0
TACNA,PE-1S,1259.0,CHOQUE,19.0,7.0,FRIDAY,1,1
AMAZONAS,PE-04A,,DESPISTE,12.0,7.0,FRIDAY,0,1
JUNIN,PE-22,60.0,CHOQUE,21.0,7.0,SATURDAY,1,0
LIMA,PE-1N,65.0,CHOQUE,12.0,7.0,SATURDAY,0,0
LIMA,PE-1N,85.0,CHOQUE,13.0,7.0,SATURDAY,0,1
PUNO,PE-30A,303.0,CHOQUE,19.0,7.0,SATURDAY,1,0
AREQUIPA,PE-1S,495.0,DESPISTE,13.0,7.0,SATURDAY,0,0
SAN MARTIN,PE-5N,645.0,DESPISTE,23.0,7.0,SATURDAY,1,0
AREQUIPA,PE-1S,724.0,DESPISTE,1.0,7.0,SATURDAY,0,0
APURIMAC,PE-3S,769.0,CHOQUE,11.0,7.0,SATURDAY,0,0
AREQUIPA,PE-1S,862.0,DESPISTE,7.0,7.0,SATURDAY,0,0
CUSCO,PE-3S,902.0,DESPISTE,6.0,7.0,SATURDAY,0,0
AREQUIPA,PE-1S,970.0,ATROPELLO,20.0,7.0,SATURDAY,1,0
LIMA,PE-20A,28.0,CHOQUE,13.0,7.0,SUNDAY,0,1
HUANUCO,PE-18A,29.0,DESPISTE,5.0,7.0,SUNDAY,0,0
PIURA,PE-1N,65.0,DESPISTE,3.0,7.0,SUNDAY,0,0
ICA,PE-30A,79.0,DESPISTE,3.0,7.0,SUNDAY,0,1
LA LIBERTAD,LI-122,86.0,DESPISTE,17.0,7.0,SUNDAY,0,1
LAMBAYEQUE,PE-1NJ,102.0,DESPISTE,2.0,7.0,SUNDAY,0,1
JUNIN,PE-22,159.0,DESPISTE,20.0,7.0,SUNDAY,1,0
LIMA,PE-1S,163.0,DESPISTE,3.0,7.0,SUNDAY,0,0
ANCASH,PE-1N,245.0,CHOQUE,6.0,7.0,SUNDAY,0,0
ICA,PE-1S,451.0,DESPISTE,20.0,7.0,SUNDAY,1,0
PIURA,PE-1NL,1037.0,CHOQUE,14.0,7.0,SUNDAY,0,0
PIURA,PE-1N,1114.0,DESPISTE,19.0,7.0,SUNDAY,1,0
PIURA,PE-1N,1118.0,DESPISTE,21.0,7.0,SUNDAY,1,0
LORETO,LO-103,5.0,DESPISTE,17.0,7.0,MONDAY,0,0
LORETO,LO-103,9.0,CHOQUE,22.0,7.0,MONDAY,1,0
LORETO,LO-103,32.0,CHOQUE,18.0,7.0,MONDAY,1,0
CAJAMARCA,PE-08B,50.0,CHOQUE,10.0,7.0,MONDAY,0,0
LIMA,PE-1S,82.0,DESPISTE,6.0,7.0,MONDAY,0,1
AREQUIPA,PE-34A,84.0,DESPISTE,19.0,7.0,MONDAY,1,0
JUNIN,PE-3S,89.0,DESPISTE,7.0,7.0,MONDAY,0,0
JUNIN,PE-22,168.0,CHOQUE,21.0,7.0,MONDAY,1,0
PIURA,PE-1NJ,187.0,CHOQUE,19.0,7.0,MONDAY,1,0
PUNO,PE-34A,237.0,CHOQUE,6.0,7.0,MONDAY,0,0
PUNO,PE-34A,247.0,CHOQUE,17.0,7.0,MONDAY,0,0
AYACUCHO,PE-3S,365.0,DESPISTE,10.0,7.0,MONDAY,0,0
APURIMAC,PE-30A,366.0,DESPISTE,22.0,7.0,MONDAY,1,0
APURIMAC,PE-30A,384.0,CHOQUE,12.0,7.0,MONDAY,0,1
LA LIBERTAD,PE-1N,555.0,ESPECIAL,15.0,7.0,MONDAY,0,0
LA LIBERTAD,PE-1N,669.0,CHOQUE,21.0,7.0,MONDAY,1,1
PIURA,PE-1NL,1055.0,CHOQUE,22.0,7.0,MONDAY,1,0
LORETO,LO-103,10.0,CHOQUE,4.0,7.0,TUESDAY,0,0
JUNIN,PE-3S,29.0,DESPISTE,18.0,7.0,TUESDAY,1,0
MOQUEGUA,PE-36A,45.0,DESPISTE,10.0,7.0,TUESDAY,0,0
JUNIN,PE-3S,56.0,DESPISTE,6.0,7.0,TUESDAY,0,0
JUNIN,PE-22,138.0,CHOQUE,5.0,7.0,TUESDAY,0,0
SAN MARTIN,PE-04A,368.0,CHOQUE,19.0,7.0,TUESDAY,1,0
LAMBAYEQUE,PE-1N,841.0,CHOQUE,14.0,7.0,TUESDAY,0,1
TACNA,PE-1SD,15.0,DESPISTE,16.0,7.0,WEDNESDAY,0,0
AYACUCHO,PE-30A,77.0,DESPISTE,9.0,7.0,WEDNESDAY,0,0
LAMBAYEQUE,PE-06A,100.0,DESPISTE,4.0,7.0,WEDNESDAY,0,0
JUNIN,PE-22,159.0,DESPISTE,5.0,7.0,WEDNESDAY,0,0
LAMBAYEQUE,PE-06A,168.0,CHOQUE,15.0,7.0,WEDNESDAY,0,0
AMAZONAS,PE-04A,333.0,DESPISTE,0.0,7.0,WEDNESDAY,0,0
ICA,PE-1S,349.0,CHOQUE,7.0,7.0,WEDNESDAY,0,0
SAN MARTIN,PE-04A,364.0,CHOQUE,18.0,7.0,WEDNESDAY,1,0
ANCASH,PE-1N,421.0,DESPISTE,22.0,7.0,WEDNESDAY,1,0
CUSCO,PE-3S,1005.0,DESPISTE,6.0,7.0,WEDNESDAY,0,0
JUNIN,PE-22,40.0,CHOQUE,16.0,7.0,THURSDAY,0,0
CUSCO,CU-117,43.0,DESPISTE,18.0,7.0,THURSDAY,1,0
AMAZONAS,AM-108,44.0,CHOQUE,14.0,7.0,THURSDAY,0,0
TACNA,PE-1SD,54.0,DESPISTE,15.0,7.0,THURSDAY,0,0
AREQUIPA,PE-34A,84.0,DESPISTE,19.0,7.0,THURSDAY,1,0
AREQUIPA,PE-1SE,89.0,DESPISTE,23.0,7.0,THURSDAY,1,0
LIMA,PE-22,94.0,CHOQUE,4.0,7.0,THURSDAY,0,0
LIMA,PE-22,106.0,CHOQUE,20.0,7.0,THURSDAY,1,0
JUNIN,PE-22,138.0,CHOQUE,17.0,7.0,THURSDAY,0,0
JUNIN,PE-22,140.0,CHOQUE,3.0,7.0,THURSDAY,0,0
ANCASH,PE-16,176.0,DESPISTE,11.0,7.0,THURSDAY,0,0
JUNIN,PE-24,264.0,CHOQUE,19.0,7.0,THURSDAY,1,0
AMAZONAS,PE-04A,342.0,DESPISTE,21.0,7.0,THURSDAY,1,0
ANCASH,PE-1N,410.0,DESPISTE,7.0,7.0,THURSDAY,0,0
ANCASH,PE-1N,423.0,ESPECIAL,21.0,7.0,THURSDAY,1,0
LAMBAYEQUE,PE-1N,876.0,DESPISTE,10.0,7.0,THURSDAY,0,0
LORETO,LO-103,6.0,DESPISTE,17.0,7.0,FRIDAY,0,0
LAMBAYEQUE,PE-04A,14.0,DESPISTE,14.0,7.0,FRIDAY,0,0
JUNIN,PE-3S,83.0,DESPISTE,22.0,7.0,FRIDAY,1,0
LIMA,PE-1S,130.0,DESPISTE,9.0,7.0,FRIDAY,0,0
PUNO,PE-34A,188.0,DESPISTE,7.0,7.0,FRIDAY,0,0
LA LIBERTAD,PE-1N,702.0,DESPISTE,4.0,7.0,FRIDAY,0,0
CUSCO,PE-3S,1090.0,DESPISTE,15.0,7.0,FRIDAY,0,0
TACNA,PE-1S,1185.0,ATROPELLO,3.0,7.0,FRIDAY,0,1
PUNO,PE-34I,3.0,DESPISTE,8.0,8.0,SATURDAY,0,0
PIURA,PI-102,55.0,CHOQUE,21.0,8.0,SATURDAY,1,0
LIMA,PE-22,90.0,DESPISTE,15.0,8.0,SATURDAY,0,0
LIMA,PE-22,101.0,CHOQUE,2.0,8.0,SATURDAY,0,0
LAMBAYEQUE,PE-06A,139.0,DESPISTE,3.0,8.0,SATURDAY,0,0
PUNO,PE-1S,1404.0,DESPISTE,12.0,8.0,SATURDAY,0,1
CAJAMARCA,PE-06B,7.0,ATROPELLO,10.0,8.0,SUNDAY,0,0
APURIMAC,PE-30A,306.0,DESPISTE,20.0,8.0,SUNDAY,1,0
LORETO,LO-103,8.0,CHOQUE,14.0,8.0,MONDAY,0,0
CUSCO,PE-28F,52.0,VOLCADURA,15.0,8.0,MONDAY,0,0
LIMA,PE-1N,63.0,DESPISTE,7.0,8.0,MONDAY,0,0
JUNIN,PE-3S,73.0,DESPISTE,22.0,8.0,MONDAY,1,0
JUNIN,PE-5S,78.0,CHOQUE,16.0,8.0,MONDAY,0,0
PUNO,PE-1S,1372.0,DESPISTE,15.0,8.0,MONDAY,0,0
LORETO,LO-103,9.0,CHOQUE,15.0,8.0,TUESDAY,0,0
LIMA,PE-1S,109.0,ESPECIAL,8.0,8.0,TUESDAY,0,0
LIMA,PE-22,111.0,CHOQUE,8.0,8.0,TUESDAY,0,0
ANCASH,PE-3N,115.0,DESPISTE,16.0,8.0,TUESDAY,0,0
JUNIN,PE-22,152.0,DESPISTE,21.0,8.0,TUESDAY,1,0
JUNIN,PE-22,157.0,CHOQUE,15.0,8.0,TUESDAY,0,0
AMAZONAS,PE-04A,268.0,DESPISTE,15.0,8.0,TUESDAY,0,0
ANCASH,PE-1N,360.0,CHOQUE,23.0,8.0,TUESDAY,1,0
LA LIBERTAD,PE-1S,513.0,CHOQUE,6.0,8.0,TUESDAY,0,0
AREQUIPA,PE-1S,660.0,DESPISTE,11.0,8.0,TUESDAY,0,0
AREQUIPA,PE-1S,722.0,DESPISTE,5.0,8.0,TUESDAY,0,0
PIURA,PE-1N,5.0,CHOQUE,12.0,8.0,WEDNESDAY,0,0
JUNIN,PE-3N,15.0,DESPISTE,10.0,8.0,WEDNESDAY,0,0
LIMA,PE-20A,33.0,CHOQUE,19.0,8.0,WEDNESDAY,1,1
SAN MARTIN,PE-04A,374.0,CHOQUE,18.0,8.0,WEDNESDAY,1,0
PUNO,PE-1S,1386.0,CHOQUE,9.0,8.0,WEDNESDAY,0,1
PIURA,PE-1N,2.0,DESPISTE,21.0,8.0,THURSDAY,1,0
PUNO,PE-36B,20.0,DESPISTE,10.0,8.0,THURSDAY,0,0
AYACUCHO,PE-3S,138.0,DESPISTE,12.0,8.0,THURSDAY,0,0
CAJAMARCA,PE-08,165.0,VOLCADURA,11.0,8.0,THURSDAY,0,0
LIMA,PE-1N,195.0,CHOQUE,21.0,8.0,THURSDAY,1,0
ANCASH,PE-1N,247.0,CHOQUE,4.0,8.0,THURSDAY,0,0
ICA,PE-1S,296.0,CHOQUE,15.0,8.0,THURSDAY,0,0
MADRE DE DIOS,PE-30C,325.0,DESPISTE,0.0,8.0,THURSDAY,0,0
ICA,PE-1S,331.0,CHOQUE,18.0,8.0,THURSDAY,1,0
ICA,PE-1S,421.0,CHOQUE,7.0,8.0,THURSDAY,0,0
AREQUIPA,PE-1SD,22.0,CHOQUE,9.0,8.0,FRIDAY,0,0
JUNIN,PE-22B,93.0,DESPISTE,15.0,8.0,FRIDAY,0,0
LIMA,PE-1N,107.0,DESPISTE,9.0,8.0,FRIDAY,0,0
LIMA,PE-1N,107.0,DESPISTE,4.0,8.0,FRIDAY,0,0
PUNO,PE-36A,235.0,CHOQUE,1.0,8.0,FRIDAY,0,0
ANCASH,PE-1N,268.0,CHOQUE,6.0,8.0,FRIDAY,0,0
LA LIBERTAD,PE-1N,707.0,ESPECIAL,9.0,8.0,FRIDAY,0,0
LA LIBERTAD,PE-1N,724.0,CHOQUE,6.0,8.0,FRIDAY,0,0
LORETO,LO-103,3.0,CHOQUE,20.0,8.0,SATURDAY,1,0
PIURA,PE-1N,118.0,DESPISTE,3.0,8.0,SATURDAY,0,0
LIMA,PE-22,125.0,CHOQUE,18.0,8.0,SATURDAY,1,0
LIMA,PE-1N,129.0,ATROPELLO,19.0,8.0,SATURDAY,1,1
JUNIN,PE-22,142.0,DESPISTE,16.0,8.0,SATURDAY,0,0
LIMA,PE-1N,143.0,DESPISTE,5.0,8.0,SATURDAY,0,0
LIMA,PE-1N,169.0,CHOQUE,14.0,8.0,SATURDAY,0,0
AMAZONAS,PE-04A,221.0,CHOQUE,11.0,8.0,SATURDAY,0,0
PIURA,PE-1NJ,244.0,CHOQUE,7.0,8.0,SATURDAY,0,0
LA LIBERTAD,PE-1N,523.0,CHOQUE,3.0,8.0,SATURDAY,0,1
SAN MARTIN,PE-04A,551.0,DESPISTE,14.0,8.0,SATURDAY,0,0
AREQUIPA,PE-1S,641.0,DESPISTE,16.0,8.0,SATURDAY,0,0
LORETO,LO-103,1.0,CHOQUE,6.0,8.0,SUNDAY,0,0
ANCASH,AN-110,4.0,DESPISTE,8.0,8.0,SUNDAY,0,0
ANCASH,AN-111,54.0,VOLCADURA,6.0,8.0,SUNDAY,0,0
AREQUIPA,PE-34A,65.0,ESPECIAL,8.0,8.0,SUNDAY,0,0
LIMA,PE-1S,117.0,DESPISTE,17.0,8.0,SUNDAY,0,0
AREQUIPA,PE-34A,122.0,DESPISTE,6.0,8.0,SUNDAY,0,0
ICA,PE-1S,397.0,DESPISTE,14.0,8.0,SUNDAY,0,0
ANCASH,PE-3N,527.0,CHOQUE,8.0,8.0,SUNDAY,0,0
ICA,PE-1S,589.0,DESPISTE,9.0,8.0,SUNDAY,0,0
LA LIBERTAD,PE-1N,806.0,CHOQUE,11.0,8.0,SUNDAY,0,0
PIURA,PE-1N,1027.0,CHOQUE,23.0,8.0,SUNDAY,1,1
JUNIN,PE-3N,10.0,DESPISTE,22.0,8.0,MONDAY,1,0
LIMA,PE-1S,28.0,DESPISTE,8.0,8.0,MONDAY,0,0
LIMA,PE-1S,59.0,DESPISTE,7.0,8.0,MONDAY,0,0
LIMA,PE-1N,95.0,DESPISTE,7.0,8.0,MONDAY,0,0
LIMA,PE-1S,149.0,DESPISTE,6.0,8.0,MONDAY,0,0
JUNIN,PE-22,163.0,CHOQUE,22.0,8.0,MONDAY,1,0
PUNO,PE-34A,243.0,DESPISTE,7.0,8.0,MONDAY,0,0
ANCASH,PE-1N,368.0,CHOQUE,19.0,8.0,MONDAY,1,0
ANCASH,PE-1N,422.0,CHOQUE,6.0,8.0,MONDAY,0,0
SAN MARTIN,PE-04A,555.0,CHOQUE,5.0,8.0,MONDAY,0,0
PIURA,PE-1N,953.0,CHOQUE,1.0,8.0,MONDAY,0,0
UCAYALI,PE-04A,17.0,ATROPELLO,16.0,8.0,TUESDAY,0,0
UCAYALI,PE-04A,50.0,CHOQUE,14.0,8.0,TUESDAY,0,0
PIURA,PE-1N,54.0,DESPISTE,11.0,8.0,TUESDAY,0,0
LAMBAYEQUE,PE-1N,80.0,DESPISTE,17.0,8.0,TUESDAY,0,0
LIMA,PE-22,81.0,DESPISTE,2.0,8.0,TUESDAY,0,0
CUSCO,PE-28B,128.0,DESPISTE,23.0,8.0,TUESDAY,1,0
LIMA,PE-1N,237.0,DESPISTE,18.0,8.0,TUESDAY,1,0
PUNO,PE-36A,302.0,DESPISTE,0.0,8.0,TUESDAY,0,0
MADRE DE DIOS,PE-30C,378.0,CHOQUE,19.0,8.0,TUESDAY,1,1
CUSCO,PE-3S,1038.0,DESPISTE,10.0,8.0,TUESDAY,0,0
LIMA,PE-22,11.0,DESPISTE,4.0,8.0,WEDNESDAY,0,0
LIMA,PE-20,14.0,ATROPELLO,19.0,8.0,WEDNESDAY,1,1
LIMA,PE-1S,123.0,CHOQUE,20.0,8.0,WEDNESDAY,1,0
JUNIN,PE-22,152.0,DESPISTE,14.0,8.0,WEDNESDAY,0,0
TUMBES,PE-1N,268.0,DESPISTE,16.0,8.0,WEDNESDAY,0,0
ANCASH,PE-1N,272.0,CHOQUE,0.0,8.0,WEDNESDAY,0,0
AMAZONAS,PE-08B,306.0,ATROPELLO,23.0,8.0,WEDNESDAY,1,1
APURIMAC,PE-30A,383.0,DESPISTE,17.0,8.0,WEDNESDAY,0,0
AREQUIPA,PE-1S,885.0,CHOQUE,8.0,8.0,WEDNESDAY,0,0
PIURA,PE-1N,1024.0,CHOQUE,8.0,8.0,WEDNESDAY,0,0
CUSCO,PE-3S,1088.0,CHOQUE,13.0,8.0,WEDNESDAY,0,0
LIMA,PE-22,7.0,DESPISTE,10.0,8.0,THURSDAY,0,0
CAJAMARCA,PE-08A,25.0,DESPISTE,23.0,8.0,THURSDAY,1,0
JUNIN,PE-3S,35.0,CHOQUE,6.0,8.0,THURSDAY,0,0
AREQUIPA,PE-1SE,89.0,DESPISTE,3.0,8.0,THURSDAY,0,0
CAJAMARCA,PE-08,167.0,DESPISTE,2.0,8.0,THURSDAY,0,0
HUANCAVELICA,PE-18C,180.0,CHOQUE,7.0,8.0,THURSDAY,0,0
PUNO,PE-36A,193.0,DESPISTE,12.0,8.0,THURSDAY,0,0
ANCASH,PE-1N,287.0,DESPISTE,9.0,8.0,THURSDAY,0,0
AREQUIPA,PE-1S,506.0,DESPISTE,21.0,8.0,THURSDAY,1,0
LA LIBERTAD,PE-1N,634.0,CHOQUE,20.0,8.0,THURSDAY,1,0
PIURA,PE-1NN,15.0,CHOQUE,10.0,8.0,FRIDAY,0,0
LIMA,PE-1NA,21.0,CHOQUE,10.0,8.0,FRIDAY,0,0
LORETO,LO-103,33.0,CHOQUE,16.0,8.0,FRIDAY,0,1
LIMA,PE-1S,85.0,DESPISTE,14.0,8.0,FRIDAY,0,0
LIMA,PE-1SJ,145.0,ATROPELLO,23.0,8.0,FRIDAY,1,0
LIMA,PE-1S,150.0,CHOQUE,19.0,8.0,FRIDAY,1,0
ICA,PE-1S,253.0,CHOQUE,18.0,8.0,FRIDAY,1,1
ANCASH,PE-1N,307.0,DESPISTE,5.0,8.0,FRIDAY,0,0
LAMBAYEQUE,PE-1N,755.0,DESPISTE,16.0,8.0,FRIDAY,0,0
LORETO,LO-103,16.0,DESPISTE,14.0,8.0,SATURDAY,0,0
UCAYALI,PE-04A,44.0,DESPISTE,9.0,8.0,SATURDAY,0,0
CAJAMARCA,PE-08,130.0,DESPISTE,15.0,8.0,SATURDAY,0,0
LIMA,PE-1N,132.0,ESPECIAL,5.0,8.0,SATURDAY,0,0
LIMA,PE-1N,132.0,CHOQUE,6.0,8.0,SATURDAY,0,0
AMAZONAS,PE-3N,132.0,CHOQUE,7.0,8.0,SATURDAY,0,1
LIMA,PE-1N,139.0,CHOQUE,9.0,8.0,SATURDAY,0,0
PUNO,PE-34B,335.0,DESPISTE,13.0,8.0,SATURDAY,0,0
SAN MARTIN,PE-04A,418.0,DESPISTE,8.0,8.0,SATURDAY,0,0
JUNIN,PE-22,74.0,DESPISTE,21.0,8.0,SUNDAY,1,0
LIMA,PE-1N,104.0,DESPISTE,5.0,8.0,SUNDAY,0,0
PUNO,PE-34A,231.0,DESPISTE,15.0,8.0,SUNDAY,0,0
ICA,PE-1S,332.0,CHOQUE,19.0,8.0,SUNDAY,1,1
ANCASH,PE-1N,433.0,VOLCADURA,15.0,8.0,SUNDAY,0,0
LA LIBERTAD,PE-1N,453.0,CHOQUE,2.0,8.0,SUNDAY,0,1
PIURA,PE-1N,1019.0,CHOQUE,23.0,8.0,SUNDAY,1,1
LA LIBERTAD,PE-3N,1078.0,CHOQUE,1.0,8.0,SUNDAY,0,0
LIMA,PE-1S,14.0,CHOQUE,22.0,8.0,MONDAY,1,0
PIURA,PE-02,33.0,DESPISTE,18.0,8.0,MONDAY,1,0
LIMA,PE-1N,34.0,CHOQUE,0.0,8.0,MONDAY,0,0
LIMA,PE-1N,46.0,DESPISTE,12.0,8.0,MONDAY,0,0
UCAYALI,PE-18C,56.0,CHOQUE,6.0,8.0,MONDAY,0,1
CAJAMARCA,PE-08,157.0,CHOQUE,6.0,8.0,MONDAY,0,0
LIMA,PE-1N,190.0,CHOQUE,20.0,8.0,MONDAY,1,1
MADRE DE DIOS,PE-30C,277.0,ATROPELLO,16.0,8.0,MONDAY,0,1
APURIMAC,PE-30A,358.0,DESPISTE,17.0,8.0,MONDAY,0,0
ANCASH,PE-3N,594.0,DESPISTE,22.0,8.0,MONDAY,1,0
AREQUIPA,PE-1S,804.0,CHOQUE,16.0,8.0,MONDAY,0,0
JUNIN,PE-3SA,4.0,CHOQUE,18.0,8.0,TUESDAY,1,0
LAMBAYEQUE,PE-08,9.0,CHOQUE,17.0,8.0,TUESDAY,0,0
JUNIN,PE-3N,19.0,DESPISTE,7.0,8.0,TUESDAY,0,0
CAJAMARCA,PE-08B,28.0,CHOQUE,21.0,8.0,TUESDAY,1,0
JUNIN,PE-3S,35.0,DESPISTE,8.0,8.0,TUESDAY,0,0
LAMBAYEQUE,PE-1NJ,64.0,CHOQUE,16.0,8.0,TUESDAY,0,0
LIMA,PE-1N,191.0,CHOQUE,20.0,8.0,TUESDAY,1,1
LIMA,PE-1NA,17.0,ESPECIAL,13.0,8.0,WEDNESDAY,0,0
LIMA,PE-1S,28.0,ATROPELLO,10.0,8.0,WEDNESDAY,0,1
JUNIN,PE-3S,52.0,CHOQUE,5.0,8.0,WEDNESDAY,0,1
LIMA,PE-1S,136.0,DESPISTE,1.0,8.0,WEDNESDAY,0,0
AREQUIPA,PE-1SD,163.0,DESPISTE,7.0,8.0,WEDNESDAY,0,0
PUNO,PE-34A,208.0,DESPISTE,7.0,8.0,WEDNESDAY,0,1
ANCASH,PE-1N,254.0,DESPISTE,7.0,8.0,WEDNESDAY,0,0
AYACUCHO,PE-28A,315.0,CHOQUE,22.0,8.0,WEDNESDAY,1,0
APURIMAC,PE-3S,672.0,DESPISTE,5.0,8.0,WEDNESDAY,0,0
LA LIBERTAD,PE-1N,690.0,CHOQUE,16.0,8.0,WEDNESDAY,0,0
PUNO,PE-34B,1.0,DESPISTE,12.0,8.0,THURSDAY,0,0
AREQUIPA,AR-105,11.0,CHOQUE,8.0,8.0,THURSDAY,0,1
UCAYALI,PE-18C,19.0,CHOQUE,0.0,8.0,THURSDAY,0,0
AREQUIPA,PE-34E,31.0,DESPISTE,8.0,8.0,THURSDAY,0,0
PIURA,PE-1N,69.0,CHOQUE,20.0,8.0,THURSDAY,1,0
LAMBAYEQUE,PE-1NJ,89.0,CHOQUE,4.0,8.0,THURSDAY,0,0
CAJAMARCA,PE-06A,104.0,DESPISTE,23.0,8.0,THURSDAY,1,0
HUANUCO,N.I.,135.0,DESPISTE,16.0,8.0,THURSDAY,0,0
UCAYALI,PE-18C,159.0,DESPISTE,11.0,8.0,THURSDAY,0,0
CAJAMARCA,PE-08,161.0,CHOQUE,6.0,8.0,THURSDAY,0,0
AYACUCHO,PE-3S,163.0,DESPISTE,15.0,8.0,THURSDAY,0,0
ICA,PE-1S,183.0,CHOQUE,23.0,8.0,THURSDAY,1,0
AMAZONAS,PE-08B,319.0,DESPISTE,22.0,8.0,THURSDAY,1,0
ANCASH,PE-1N,358.0,CHOQUE,21.0,8.0,THURSDAY,1,0
MADRE DE DIOS,PE-30C,410.0,DESPISTE,19.0,8.0,THURSDAY,1,0
LA LIBERTAD,PE-1N,550.0,CHOQUE,20.0,8.0,THURSDAY,1,0
CAJAMARCA,PE-3N,1293.0,DESPISTE,10.0,8.0,THURSDAY,0,0
CAJAMARCA,PE-3N,34.0,DESPISTE,17.0,8.0,FRIDAY,0,0
APURIMAC,AP-769,43.0,VOLCADURA,11.0,8.0,FRIDAY,0,0
TACNA,PE-1SD,62.0,DESPISTE,5.0,8.0,FRIDAY,0,0
ICA,PE-30A,69.0,DESPISTE,12.0,8.0,FRIDAY,0,1
JUNIN,PE-22B,77.0,DESPISTE,8.0,8.0,FRIDAY,0,0
LIMA,PE-22,127.0,VOLCADURA,21.0,8.0,FRIDAY,1,0
LIMA,PE-1N,136.0,DESPISTE,12.0,8.0,FRIDAY,0,1
CUSCO,PE-28B,144.0,DESPISTE,14.0,8.0,FRIDAY,0,0
LIMA,PE-1S,150.0,DESPISTE,19.0,8.0,FRIDAY,1,0
ANCASH,PE-3N,155.0,DESPISTE,5.0,8.0,FRIDAY,0,0
LIMA,PE-1N,234.0,CHOQUE,12.0,8.0,FRIDAY,0,0
ANCASH,PE-1N,368.0,DESPISTE,3.0,8.0,FRIDAY,0,0
AYACUCHO,PE-3S,433.0,CHOQUE,11.0,8.0,FRIDAY,0,0
PIURA,PE-1N,1005.0,CHOQUE,15.0,8.0,FRIDAY,0,1
PIURA,PE-1N,1023.0,ATROPELLO,21.0,8.0,FRIDAY,1,1
PUNO,PE-3S,1320.0,ATROPELLO,17.0,8.0,FRIDAY,0,0
AREQUIPA,PE-34E,4.0,CHOQUE,6.0,8.0,SATURDAY,0,0
LIMA,PE-1S,24.0,CHOQUE,16.0,8.0,SATURDAY,0,0
LIMA,PE-1N,28.0,CHOQUE,10.0,8.0,SATURDAY,0,0
LAMBAYEQUE,PE-1NJ,61.0,DESPISTE,16.0,8.0,SATURDAY,0,0
LAMBAYEQUE,PE-1NJ,80.0,DESPISTE,22.0,8.0,SATURDAY,1,0
JUNIN,PE-22B,80.0,DESPISTE,14.0,8.0,SATURDAY,0,0
LIMA,PE-1S,160.0,DESPISTE,13.0,8.0,SATURDAY,0,0
SAN MARTIN,PE-04A,438.0,ATROPELLO,18.0,8.0,SATURDAY,1,0
AREQUIPA,PE-1S,688.0,ESPECIAL,23.0,8.0,SATURDAY,1,0
CUSCO,PE-3S,916.0,VOLCADURA,7.0,8.0,SATURDAY,0,0
TACNA,PE-1S,1156.0,DESPISTE,10.0,8.0,SATURDAY,0,0
LIMA,PE-1N,6.0,CHOQUE,5.0,8.0,SUNDAY,0,0
LIMA,PE-1N,45.0,CHOQUE,7.0,8.0,SUNDAY,0,0
CAJAMARCA,PE-08A,49.0,CHOQUE,20.0,8.0,SUNDAY,1,0
HUANUCO,PE-3N,241.0,ATROPELLO,19.0,8.0,SUNDAY,1,0
MADRE DE DIOS,PE-30C,322.0,ATROPELLO,20.0,8.0,SUNDAY,1,0
PIURA,PE-1NL,1042.0,CHOQUE,17.0,8.0,SUNDAY,0,0
CAJAMARCA,PE-08A,5.0,DESPISTE,10.0,8.0,MONDAY,0,0
JUNIN,PE-22,24.0,CHOQUE,19.0,8.0,MONDAY,1,0
LA LIBERTAD,PE-1N,41.0,N.I.,14.0,8.0,MONDAY,0,1
HUANUCO,PE-5N,61.0,DESPISTE,13.0,8.0,MONDAY,0,1
LIMA,PE-22,86.0,DESPISTE,12.0,8.0,MONDAY,0,0
APURIMAC,PE-30A,228.0,N.I.,7.0,8.0,MONDAY,0,0
HUANUCO,PE-3N,240.0,CHOQUE,20.0,8.0,MONDAY,1,0
PUNO,PE-36A,301.0,DESPISTE,19.0,8.0,MONDAY,1,0
HUANUCO,PE-5N,480.0,DESPISTE,0.0,8.0,MONDAY,0,0
LA LIBERTAD,PE-1N,519.0,ATROPELLO,7.0,8.0,MONDAY,0,0
AREQUIPA,PE-1S,1075.0,DESPISTE,9.0,8.0,MONDAY,0,0
LA LIBERTAD,PE-08,8.0,CHOQUE,16.0,8.0,TUESDAY,0,0
CAJAMARCA,PE-08A,13.0,DESPISTE,8.0,8.0,TUESDAY,0,0
PIURA,PE-02,17.0,DESPISTE,6.0,8.0,TUESDAY,0,0
LIMA,PE-1S,19.0,CHOQUE,22.0,8.0,TUESDAY,1,0
PUNO,PE-34H,44.0,CHOQUE,9.0,8.0,TUESDAY,0,0
LORETO,PE-06A,54.0,CHOQUE,7.0,8.0,TUESDAY,0,0
ANCASH,PE-1N,256.0,DESPISTE,7.0,8.0,TUESDAY,0,0
ANCASH,PE-1N,392.0,CHOQUE,20.0,8.0,TUESDAY,1,0
MADRE DE DIOS,PE-30C,418.0,DESPISTE,11.0,8.0,TUESDAY,0,0
ICA,PE-1S,422.0,DESPISTE,23.0,8.0,TUESDAY,1,1
LA LIBERTAD,PE-1N,588.0,CHOQUE,18.0,8.0,TUESDAY,1,0
SAN MARTIN,PE-5N,,N.I.,13.0,8.0,TUESDAY,0,0
AREQUIPA,PE-34E,4.0,CHOQUE,21.0,8.0,WEDNESDAY,1,0
CAJAMARCA,PE-06B,5.0,CHOQUE,16.0,8.0,WEDNESDAY,0,0
JUNIN,PE-22,5.0,DESPISTE,8.0,8.0,WEDNESDAY,0,0
PIURA,PE-04B,21.0,DESPISTE,0.0,8.0,WEDNESDAY,0,1
LIMA,PE-22,88.0,DESPISTE,22.0,8.0,WEDNESDAY,1,0
LIMA,PE-1S,97.0,DESPISTE,22.0,8.0,WEDNESDAY,1,0
ANCASH,PE-3N,110.0,ATROPELLO,10.0,8.0,WEDNESDAY,0,0
LIMA,PE-1S,118.0,DESPISTE,10.0,8.0,WEDNESDAY,0,0
LIMA,PE-1N,130.0,ESPECIAL,5.0,8.0,WEDNESDAY,0,0
JUNIN,PE-22,152.0,CHOQUE,16.0,8.0,WEDNESDAY,0,0
ICA,PE-1S,184.0,ATROPELLO,22.0,8.0,WEDNESDAY,1,0
PIURA,PE-1NJ,186.0,DESPISTE,8.0,8.0,WEDNESDAY,0,1
AREQUIPA,PE-1S,502.0,CHOQUE,18.0,8.0,WEDNESDAY,1,0
SAN MARTIN,PE-5N,545.0,DESPISTE,15.0,8.0,WEDNESDAY,0,0
AREQUIPA,PE-1S,704.0,CHOQUE,22.0,8.0,WEDNESDAY,1,0
SAN MARTIN,SM-114,3.0,CHOQUE,15.0,8.0,THURSDAY,0,1
JUNIN,PE-22,152.0,DESPISTE,5.0,8.0,THURSDAY,0,0
JUNIN,PE-22,153.0,CHOQUE,6.0,8.0,THURSDAY,0,0
LIMA,PE-1N,210.0,DESPISTE,9.0,8.0,THURSDAY,0,0
HUANUCO,PE-3N,231.0,CHOQUE,11.0,8.0,THURSDAY,0,0
ANCASH,PE-1N,250.0,CHOQUE,6.0,8.0,THURSDAY,0,0
ICA,PE-1S,264.0,CHOQUE,5.0,8.0,THURSDAY,0,0
MADRE DE DIOS,PE-30C,402.0,CHOQUE,23.0,8.0,THURSDAY,1,0
SAN MARTIN,PE-5N,615.0,CHOQUE,6.0,8.0,THURSDAY,0,0
CUSCO,PE-3S,946.0,CHOQUE,23.0,8.0,THURSDAY,1,0
LIMA,PE-1S,35.0,CHOQUE,8.0,8.0,FRIDAY,0,0
LA LIBERTAD,PE-10A,60.0,CHOQUE,19.0,8.0,FRIDAY,1,1
PUNO,PE-34A,291.0,DESPISTE,17.0,8.0,FRIDAY,0,0
ICA,PE-1S,381.0,CHOQUE,4.0,8.0,FRIDAY,0,0
AREQUIPA,PE-1S,994.0,CHOQUE,21.0,8.0,FRIDAY,1,1
LIMA,PE-1N,39.0,CHOQUE,8.0,8.0,SATURDAY,0,0
JUNIN,PE-3N,70.0,CHOQUE,6.0,8.0,SATURDAY,0,0
JUNIN,PE-3SB,81.0,CHOQUE,12.0,8.0,SATURDAY,0,0
LIMA,PE-1N,202.0,ATROPELLO,17.0,8.0,SATURDAY,0,0
HUANUCO,PE-3N,260.0,DESPISTE,20.0,8.0,SATURDAY,1,0
MADRE DE DIOS,PE-30C,407.0,CHOQUE,18.0,8.0,SATURDAY,1,0
AREQUIPA,PE-1S,619.0,CHOQUE,9.0,8.0,SATURDAY,0,0
APURIMAC,PE-3S,817.0,ATROPELLO,1.0,8.0,SATURDAY,0,1
AREQUIPA,PE-1S,853.0,CHOQUE,16.0,8.0,SATURDAY,0,0
PIURA,PE-1N,1090.0,CHOQUE,6.0,8.0,SATURDAY,0,1
CUSCO,PE-3S,,ATROPELLO,6.0,8.0,SATURDAY,0,0
LIMA,PE-1NA,21.0,CHOQUE,23.0,8.0,SUNDAY,1,0
AYACUCHO,PE-22,122.0,CHOQUE,6.0,8.0,SUNDAY,0,0
HUANUCO,PE-3S,219.0,DESPISTE,5.0,8.0,SUNDAY,0,0
PUNO,PE-34H,14.0,CHOQUE,17.0,8.0,MONDAY,0,0
UCAYALI,PE-04A,17.0,CHOQUE,19.0,8.0,MONDAY,1,0
LIMA,PE-1N,53.0,CHOQUE,6.0,8.0,MONDAY,0,0
LIMA,PE-1S,58.0,CHOQUE,12.0,8.0,MONDAY,0,0
CAJAMARCA,PE-08A,64.0,DESPISTE,18.0,8.0,MONDAY,1,0
HUANUCO,PE-18A,73.0,CHOQUE,16.0,8.0,MONDAY,0,0
LIMA,PE-22,107.0,DESPISTE,1.0,8.0,MONDAY,0,0
LIMA,PE-1S,146.0,DESPISTE,12.0,8.0,MONDAY,0,0
JUNIN,PE-22,147.0,DESPISTE,17.0,8.0,MONDAY,0,0
MADRE DE DIOS,PE-30C,400.0,CHOQUE,13.0,8.0,MONDAY,0,0
LA LIBERTAD,PE-1N,579.0,DESPISTE,21.0,8.0,MONDAY,1,0
LORETO,LO-103,20.0,CHOQUE,17.0,9.0,TUESDAY,0,0
LIMA,PE-1S,39.0,CHOQUE,23.0,9.0,TUESDAY,1,0
HUANUCO,PE-18A,73.0,CHOQUE,1.0,9.0,TUESDAY,0,0
LIMA,PE-1S,73.0,CHOQUE,22.0,9.0,TUESDAY,1,0
LIMA,PE-1S,79.0,DESPISTE,0.0,9.0,TUESDAY,0,0
LIMA,PE-1S,79.0,DESPISTE,0.0,9.0,TUESDAY,0,0
LAMBAYEQUE,PE-1NJ,109.0,CHOQUE,21.0,9.0,TUESDAY,1,0
CUSCO,PE-28B,135.0,DESPISTE,16.0,9.0,TUESDAY,0,0
ANCASH,PE-1N,396.0,DESPISTE,7.0,9.0,TUESDAY,0,0
ANCASH,PE-1N,441.0,DESPISTE,8.0,9.0,TUESDAY,0,0
ICA,PE-1S,471.0,CHOQUE,18.0,9.0,TUESDAY,1,0
LA LIBERTAD,PE-1N,587.0,CHOQUE,17.0,9.0,TUESDAY,0,1
AREQUIPA,PE-1S,862.0,DESPISTE,6.0,9.0,TUESDAY,0,0
PIURA,PE-1NL,1045.0,CHOQUE,7.0,9.0,TUESDAY,0,0
PUNO,PE-3S,1194.0,DESPISTE,15.0,9.0,TUESDAY,0,0
CAJAMARCA,PE-06B,12.0,DESPISTE,8.0,9.0,WEDNESDAY,0,0
MOQUEGUA,MO-107,25.0,DESPISTE,11.0,9.0,WEDNESDAY,0,0
LAMBAYEQUE,PE-04A,45.0,ESPECIAL,21.0,9.0,WEDNESDAY,1,0
LIMA,PE-1S,56.0,CHOQUE,18.0,9.0,WEDNESDAY,1,0
LIMA,PE-22,75.0,VOLCADURA,13.0,9.0,WEDNESDAY,0,0
AREQUIPA,PE-34A,84.0,DESPISTE,21.0,9.0,WEDNESDAY,1,0
LIMA,PE-1S,98.0,CHOQUE,23.0,9.0,WEDNESDAY,1,1
JUNIN,PE-5S,106.0,CHOQUE,21.0,9.0,WEDNESDAY,1,0
AYACUCHO,PE-3S,304.0,DESPISTE,22.0,9.0,WEDNESDAY,1,0
MADRE DE DIOS,PE-30C,416.0,CHOQUE,14.0,9.0,WEDNESDAY,0,0
AREQUIPA,PE-1S,521.0,DESPISTE,10.0,9.0,WEDNESDAY,0,0
AREQUIPA,PE-1S,861.0,DESPISTE,11.0,9.0,WEDNESDAY,0,1
LIMA,PE-1N,91.0,CHOQUE,20.0,9.0,THURSDAY,1,0
HUANUCO,PE-18A,108.0,DESPISTE,6.0,9.0,THURSDAY,0,0
SAN MARTIN,PE-04A,466.0,DESPISTE,16.0,9.0,THURSDAY,0,0
LA LIBERTAD,PE-1N,535.0,CHOQUE,23.0,9.0,THURSDAY,1,0
JUNIN,PE-22,73.0,CHOQUE,14.0,9.0,FRIDAY,0,0
AREQUIPA,PE-34E,80.0,VOLCADURA,23.0,9.0,FRIDAY,1,0
JUNIN,PE-22,143.0,CHOQUE,18.0,9.0,FRIDAY,1,0
LA LIBERTAD,PE-1N,532.0,CHOQUE,7.0,9.0,FRIDAY,0,0
SAN MARTIN,PE-5N,578.0,VOLCADURA,13.0,9.0,FRIDAY,0,0
PIURA,PE-1N,1094.0,CHOQUE,19.0,9.0,FRIDAY,1,0
CUSCO,PE-3S,1099.0,CHOQUE,18.0,9.0,FRIDAY,1,1
LORETO,LO-103,2.0,DESPISTE,22.0,9.0,SATURDAY,1,0
TACNA,PE-1SD,11.0,CHOQUE,9.0,9.0,SATURDAY,0,0
LIMA,PE-22,42.0,DESPISTE,3.0,9.0,SATURDAY,0,0
LIMA,PE-1S,56.0,CHOQUE,18.0,9.0,SATURDAY,1,0
JUNIN,PE-22,62.0,DESPISTE,19.0,9.0,SATURDAY,1,0
JUNIN,PE-22,87.0,ATROPELLO,13.0,9.0,SATURDAY,0,0
JUNIN,PE-22,152.0,CHOQUE,11.0,9.0,SATURDAY,0,0
LIMA,PE-1N,154.0,DESPISTE,7.0,9.0,SATURDAY,0,0
PIURA,PE-1NJ,196.0,CHOQUE,17.0,9.0,SATURDAY,0,0
AYACUCHO,PE-28A,204.0,DESPISTE,12.0,9.0,SATURDAY,0,0
PIURA,PE-30A,244.0,CHOQUE,8.0,9.0,SATURDAY,0,0
LA LIBERTAD,PE-1N,555.0,DESPISTE,19.0,9.0,SATURDAY,1,0
TACNA,PE-1S,1107.0,DESPISTE,9.0,9.0,SATURDAY,0,0
TACNA,PE-1S,1280.0,CHOQUE,21.0,9.0,SATURDAY,1,0
AREQUIPA,PE-1SD,22.0,DESPISTE,7.0,9.0,SUNDAY,0,0
JUNIN,PE-3N,78.0,DESPISTE,23.0,9.0,SUNDAY,1,0
LIMA,PE-22,82.0,DESPISTE,5.0,9.0,SUNDAY,0,0
PIURA,PE-1NL,1044.0,CHOQUE,11.0,9.0,SUNDAY,0,0
LORETO,LO-103,3.0,ATROPELLO,18.0,9.0,MONDAY,1,0
PIURA,PE-02A,17.0,DESPISTE,5.0,9.0,MONDAY,0,0
LIMA,PE-1S,30.0,CHOQUE,16.0,9.0,MONDAY,0,0
CUSCO,PE-28G,33.0,CHOQUE,12.0,9.0,MONDAY,0,0
JUNIN,PE-3S,33.0,ATROPELLO,7.0,9.0,MONDAY,0,1
JUNIN,PE-3SA,36.0,CHOQUE,17.0,9.0,MONDAY,0,0
CAJAMARCA,PE-08A,37.0,DESPISTE,9.0,9.0,MONDAY,0,0
PUNO,PE-1N,52.0,DESPISTE,18.0,9.0,MONDAY,1,0
JUNIN,PE-22,137.0,DESPISTE,11.0,9.0,MONDAY,0,0
JUNIN,PE-22,140.0,CHOQUE,16.0,9.0,MONDAY,0,0
HUANUCO,PE-3N,207.0,ESPECIAL,13.0,9.0,MONDAY,0,0
ANCASH,PE-1N,247.0,DESPISTE,8.0,9.0,MONDAY,0,0
ANCASH,PE-1N,274.0,DESPISTE,9.0,9.0,MONDAY,0,0
AYACUCHO,PE-28A,310.0,CHOQUE,17.0,9.0,MONDAY,0,0
MADRE DE DIOS,PE-30C,327.0,DESPISTE,19.0,9.0,MONDAY,1,0
ICA,PE-1S,377.0,CHOQUE,15.0,9.0,MONDAY,0,0
LAMBAYEQUE,PE-1N,742.0,DESPISTE,10.0,9.0,MONDAY,0,0
JUNIN,PE-3N,0.0,DESPISTE,19.0,9.0,TUESDAY,1,0
ANCASH,AN-111,22.0,DESPISTE,4.0,9.0,TUESDAY,0,0
LA LIBERTAD,PE-10A,26.0,CHOQUE,22.0,9.0,TUESDAY,1,0
JUNIN,PE-3S,78.0,CHOQUE,5.0,9.0,TUESDAY,0,0
PIURA,PE-1N,88.0,DESPISTE,3.0,9.0,TUESDAY,0,0
JUNIN,PE-3N,103.0,DESPISTE,12.0,9.0,TUESDAY,0,1
JUNIN,PE-22,152.0,CHOQUE,17.0,9.0,TUESDAY,0,0
PUNO,PE-3S,,DESPISTE,19.0,9.0,TUESDAY,1,0
LIMA,PE-1S,48.0,DESPISTE,18.0,9.0,WEDNESDAY,1,0
HUANUCO,PE-18A,69.0,DESPISTE,1.0,9.0,WEDNESDAY,0,0
PUNO,PE-38A,72.0,DESPISTE,17.0,9.0,WEDNESDAY,0,1
LAMBAYEQUE,PE-1N,86.0,CHOQUE,13.0,9.0,WEDNESDAY,0,1
AYACUCHO,PE-3S,128.0,DESPISTE,13.0,9.0,WEDNESDAY,0,0
AYACUCHO,PE-3S,133.0,CHOQUE,13.0,9.0,WEDNESDAY,0,0
JUNIN,PE-22,154.0,DESPISTE,12.0,9.0,WEDNESDAY,0,0
ICA,PE-1S,377.0,CHOQUE,22.0,9.0,WEDNESDAY,1,0
LA LIBERTAD,PE-1N,522.0,ATROPELLO,7.0,9.0,WEDNESDAY,0,0
PIURA,PI-107,1.0,ATROPELLO,15.0,9.0,THURSDAY,0,1
AREQUIPA,PE-34A,47.0,CHOQUE,15.0,9.0,THURSDAY,0,0
CAJAMARCA,PE-3N,105.0,DESPISTE,13.0,9.0,THURSDAY,0,0
LIMA,PE-1N,207.0,DESPISTE,10.0,9.0,THURSDAY,0,0
LA LIBERTAD,PE-1N,541.0,ATROPELLO,3.0,9.0,THURSDAY,0,1
LA LIBERTAD,PE-1N,615.0,DESPISTE,6.0,9.0,THURSDAY,0,0
TACNA,PE-1N,1152.0,CHOQUE,16.0,9.0,THURSDAY,0,0
PUNO,PE-3S,1337.0,CHOQUE,10.0,9.0,THURSDAY,0,1
CAJAMARCA,PE-5N,5.0,CHOQUE,19.0,9.0,FRIDAY,1,0
LIMA,PE-1NA,6.0,CHOQUE,9.0,9.0,FRIDAY,0,0
LIMA,PE-22,43.0,CHOQUE,6.0,9.0,FRIDAY,0,0
AREQUIPA,PE-34,47.0,DESPISTE,3.0,9.0,FRIDAY,0,0
ANCASH,AN-107,68.0,DESPISTE,18.0,9.0,FRIDAY,1,0
JUNIN,PE-22B,81.0,DESPISTE,7.0,9.0,FRIDAY,0,0
LIMA,PE-1S,131.0,ESPECIAL,16.0,9.0,FRIDAY,0,0
PUNO,PE-34A,237.0,DESPISTE,8.0,9.0,FRIDAY,0,0
ANCASH,PE-1N,311.0,CHOQUE,17.0,9.0,FRIDAY,0,0
ANCASH,PE-1N,344.0,DESPISTE,3.0,9.0,FRIDAY,0,0
ICA,PE-1S,370.0,DESPISTE,22.0,9.0,FRIDAY,1,0
AREQUIPA,PE-1S,524.0,DESPISTE,8.0,9.0,FRIDAY,0,0
APURIMAC,PE-3S,716.0,DESPISTE,20.0,9.0,FRIDAY,1,0
LA LIBERTAD,PE-1N,726.0,CHOQUE,7.0,9.0,FRIDAY,0,1
LORETO,LO-103,9.0,CHOQUE,12.0,9.0,SATURDAY,0,0
LIMA,PE-1NA,18.0,DESPISTE,11.0,9.0,SATURDAY,0,0
JUNIN,PE-3S,40.0,DESPISTE,7.0,9.0,SATURDAY,0,0
AREQUIPA,PE-34A,76.0,DESPISTE,19.0,9.0,SATURDAY,1,0
JUNIN,PE-3S,108.0,CHOQUE,13.0,9.0,SATURDAY,0,0
MADRE DE DIOS,PE-34A,200.0,DESPISTE,7.0,9.0,SATURDAY,0,0
HUANUCO,PE-3N,207.0,CHOQUE,21.0,9.0,SATURDAY,1,0
PUNO,PE-34A,213.0,CHOQUE,18.0,9.0,SATURDAY,1,0
MADRE DE DIOS,PE-30C,276.0,DESPISTE,23.0,9.0,SATURDAY,1,0
PUNO,PE-34A,293.0,CHOQUE,14.0,9.0,SATURDAY,0,0
LA LIBERTAD,PE-1N,467.0,CHOQUE,0.0,9.0,SATURDAY,0,0
ANCASH,PE-3N,618.0,CHOQUE,18.0,9.0,SATURDAY,1,0
ANCASH,AN-110,760.0,DESPISTE,15.0,9.0,SATURDAY,0,0
PUNO,PE-3S,1224.0,DESPISTE,6.0,9.0,SATURDAY,0,0
CAJAMARCA,PE-3N,1270.0,CHOQUE,8.0,9.0,SATURDAY,0,1
PUNO,PE-3S,1303.0,ATROPELLO,21.0,9.0,SATURDAY,1,1
PUNO,PE-36B,4.0,DESPISTE,20.0,9.0,SUNDAY,1,0
JUNIN,PE-22B,48.0,DESPISTE,15.0,9.0,SUNDAY,0,0
AYACUCHO,PE-3S,245.0,CHOQUE,0.0,9.0,SUNDAY,0,0
ICA,PE-1S,377.0,CHOQUE,23.0,9.0,SUNDAY,1,0
AREQUIPA,PE-1S,600.0,DESPISTE,7.0,9.0,SUNDAY,0,0
PIURA,PE-02A,7.0,CHOQUE,10.0,9.0,MONDAY,0,0
PIURA,PE-1N,15.0,CHOQUE,10.0,9.0,MONDAY,0,0
LAMBAYEQUE,PE-1NJ,72.0,DESPISTE,22.0,9.0,MONDAY,1,0
TACNA,PE-36A,73.0,DESPISTE,16.0,9.0,MONDAY,0,0
LAMBAYEQUE,PE-1NJ,76.0,CHOQUE,22.0,9.0,MONDAY,1,0
AREQUIPA,PE-34A,83.0,DESPISTE,10.0,9.0,MONDAY,0,0
LIMA,PE-1S,165.0,CHOQUE,7.0,9.0,MONDAY,0,1
LIMA,PE-1N,183.0,DESPISTE,6.0,9.0,MONDAY,0,0
JUNIN,PE-24,267.0,CHOQUE,12.0,9.0,MONDAY,0,0
ANCASH,PE-1N,412.0,DESPISTE,15.0,9.0,MONDAY,0,0
AREQUIPA,PE-1S,940.0,DESPISTE,5.0,9.0,MONDAY,0,0
TACNA,PE-1S,1150.0,DESPISTE,15.0,9.0,MONDAY,0,0
PUNO,PE-3S,1266.0,DESPISTE,15.0,9.0,MONDAY,0,0
CUSCO,PE-34F,10.0,CHOQUE,15.0,9.0,TUESDAY,0,0
LAMBAYEQUE,PE-08,12.0,ATROPELLO,20.0,9.0,TUESDAY,1,0
JUNIN,PE-22B,82.0,DESPISTE,15.0,9.0,TUESDAY,0,0
JUNIN,PE-3S,124.0,CHOQUE,8.0,9.0,TUESDAY,0,1
AYACUCHO,PE-30A,181.0,DESPISTE,17.0,9.0,TUESDAY,0,0
LIMA,PE-1N,192.0,CHOQUE,5.0,9.0,TUESDAY,0,0
PUNO,PE-34A,220.0,DESPISTE,17.0,9.0,TUESDAY,0,0
PUNO,PE-34A,226.0,DESPISTE,13.0,9.0,TUESDAY,0,0
MADRE DE DIOS,PE-30C,438.0,DESPISTE,5.0,9.0,TUESDAY,0,1
LAMBAYEQUE,PE-1N,732.0,CHOQUE,10.0,9.0,TUESDAY,0,0
PIURA,PE-1NL,1048.0,CHOQUE,17.0,9.0,TUESDAY,0,0
LA LIBERTAD,PE-1S,13.0,DESPISTE,13.0,9.0,WEDNESDAY,0,0
JUNIN,PE-3N,37.0,CHOQUE,6.0,9.0,WEDNESDAY,0,0
LAMBAYEQUE,PE-06A,43.0,DESPISTE,10.0,9.0,WEDNESDAY,0,0
HUANUCO,PE-5N,52.0,DESPISTE,12.0,9.0,WEDNESDAY,0,0
MOQUEGUA,PE-36A,57.0,DESPISTE,6.0,9.0,WEDNESDAY,0,0
AMAZONAS,PE-04A,236.0,CHOQUE,19.0,9.0,WEDNESDAY,1,0
LIMA,PE-1N,315.0,DESPISTE,16.0,9.0,WEDNESDAY,0,0
ANCASH,PE-1N,405.0,CHOQUE,22.0,9.0,WEDNESDAY,1,0
AREQUIPA,PE-1S,858.0,DESPISTE,10.0,9.0,WEDNESDAY,0,0
AREQUIPA,AR-106,22.0,CHOQUE,16.0,9.0,THURSDAY,0,0
LIMA,PE-1N,159.0,CHOQUE,8.0,9.0,THURSDAY,0,0
ICA,PE-1S,276.0,CHOQUE,11.0,9.0,THURSDAY,0,0
PUNO,PE-34A,299.0,CHOQUE,8.0,9.0,THURSDAY,0,0
ANCASH,PE-1N,374.0,DESPISTE,3.0,9.0,THURSDAY,0,0
ICA,PE-1S,422.0,DESPISTE,6.0,9.0,THURSDAY,0,0
AREQUIPA,PE-1S,731.0,DESPISTE,8.0,9.0,THURSDAY,0,0
AREQUIPA,PE-1S,884.0,CHOQUE,7.0,9.0,THURSDAY,0,0
PIURA,PE-1N,988.0,CHOQUE,11.0,9.0,THURSDAY,0,1
PUNO,PE-34B,6.0,CHOQUE,12.0,9.0,FRIDAY,0,0
UCAYALI,PE-04A,19.0,CHOQUE,9.0,9.0,FRIDAY,0,0
PUNO,PE-34B,41.0,CHOQUE,18.0,9.0,FRIDAY,1,1
LAMBAYEQUE,PE-1NJ,44.0,DESPISTE,10.0,9.0,FRIDAY,0,0
LIMA,PE-22,129.0,DESPISTE,15.0,9.0,FRIDAY,0,0
JUNIN,PE-22,157.0,CHOQUE,6.0,9.0,FRIDAY,0,0
CAJAMARCA,PE-06A,169.0,CHOQUE,14.0,9.0,FRIDAY,0,0
AYACUCHO,PE-3S,321.0,CHOQUE,13.0,9.0,FRIDAY,0,0
APURIMAC,PE-3S,717.0,CHOQUE,6.0,9.0,FRIDAY,0,0
LIMA,PE-22,38.0,DESPISTE,21.0,9.0,SATURDAY,1,0
LIMA,PE-1S,57.0,ATROPELLO,10.0,9.0,SATURDAY,0,0
ANCASH,AN-107,62.0,DESPISTE,4.0,9.0,SATURDAY,0,0
JUNIN,PE-5S,74.0,CHOQUE,19.0,9.0,SATURDAY,1,0
CAJAMARCA,PE-06A,88.0,DESPISTE,20.0,9.0,SATURDAY,1,0
JUNIN,PE-3N,98.0,DESPISTE,13.0,9.0,SATURDAY,0,0
LIMA,PE-1N,116.0,DESPISTE,20.0,9.0,SATURDAY,1,1
PASCO,PE-3N,132.0,CHOQUE,9.0,9.0,SATURDAY,0,0
JUNIN,PE-22,144.0,CHOQUE,16.0,9.0,SATURDAY,0,0
AMAZONAS,PE-04A,164.0,N.I.,13.0,9.0,SATURDAY,0,0
PUNO,PE-34A,241.0,DESPISTE,4.0,9.0,SATURDAY,0,0
MADRE DE DIOS,PE-30C,326.0,DESPISTE,14.0,9.0,SATURDAY,0,1
MADRE DE DIOS,PE-30C,326.0,DESPISTE,14.0,9.0,SATURDAY,0,1
UCAYALI,PE-5N,372.0,CHOQUE,12.0,9.0,SATURDAY,0,0
LAMBAYEQUE,PE-1N,751.0,DESPISTE,1.0,9.0,SATURDAY,0,0
LIMA,PE-1NE,16.0,DESPISTE,11.0,9.0,SUNDAY,0,0
CAJAMARCA,PE-08B,21.0,DESPISTE,18.0,9.0,SUNDAY,1,0
PIURA,PE-02,27.0,CHOQUE,23.0,9.0,SUNDAY,1,1
HUANCAVELICA,PE-3SD,28.0,DESPISTE,16.0,9.0,SUNDAY,0,0
LIMA,PE-1S,40.0,CHOQUE,6.0,9.0,SUNDAY,0,0
LAMBAYEQUE,PE-06A,44.0,DESPISTE,17.0,9.0,SUNDAY,0,0
HUANUCO,PE-18A,46.0,DESPISTE,13.0,9.0,SUNDAY,0,0
ANCASH,PE-16,128.0,DESPISTE,15.0,9.0,SUNDAY,0,0
ICA,PE-1S,322.0,CHOQUE,18.0,9.0,SUNDAY,1,0
ANCASH,PE-1N,323.0,DESPISTE,8.0,9.0,SUNDAY,0,0
LA LIBERTAD,PE-1N,528.0,DESPISTE,6.0,9.0,SUNDAY,0,0
LAMBAYEQUE,PE-1N,845.0,DESPISTE,3.0,9.0,SUNDAY,0,0
AREQUIPA,PE-1S,920.0,DESPISTE,13.0,9.0,SUNDAY,0,1
PIURA,PE-1NL,1042.0,DESPISTE,19.0,9.0,SUNDAY,1,0
LA LIBERTAD,PE-10A,67.0,DESPISTE,18.0,9.0,MONDAY,1,0
AYACUCHO,PE-30A,168.0,VOLCADURA,8.0,9.0,MONDAY,0,0
LAMBAYEQUE,PE-1N,828.0,CHOQUE,6.0,9.0,MONDAY,0,0
SAN MARTIN,PE-5NB,9.0,CHOQUE,20.0,9.0,TUESDAY,1,0
ANCASH,AN-111,19.0,DESPISTE,15.0,9.0,TUESDAY,0,0
AREQUIPA,PE-1SE,26.0,CHOQUE,5.0,9.0,TUESDAY,0,0
LIMA,PE-1S,33.0,DESPISTE,12.0,9.0,TUESDAY,0,0
JUNIN,PE-22,52.0,DESPISTE,16.0,9.0,TUESDAY,0,0
JUNIN,PE-3S,77.0,DESPISTE,15.0,9.0,TUESDAY,0,0
LIMA,PE-22,83.0,ESPECIAL,2.0,9.0,TUESDAY,0,0
ICA,PE-30A,85.0,DESPISTE,14.0,9.0,TUESDAY,0,1
LIMA,PE-22,109.0,DESPISTE,19.0,9.0,TUESDAY,1,0
LIMA,PE-22,109.0,CHOQUE,14.0,9.0,TUESDAY,0,0
JUNIN,PE-3S,115.0,CHOQUE,20.0,9.0,TUESDAY,1,0
TACNA,PE-30A,121.0,VOLCADURA,19.0,9.0,TUESDAY,1,0
MOQUEGUA,PE-1SD,234.0,DESPISTE,15.0,9.0,TUESDAY,0,0
HUANUCO,PE-3N,262.0,DESPISTE,5.0,9.0,TUESDAY,0,1
ANCASH,PE-1N,381.0,DESPISTE,15.0,9.0,TUESDAY,0,0
AREQUIPA,PE-1S,507.0,CHOQUE,19.0,9.0,TUESDAY,1,0
LA LIBERTAD,PE-1N,544.0,N.I.,21.0,9.0,TUESDAY,1,1
LAMBAYEQUE,PE-1N,728.0,DESPISTE,16.0,9.0,TUESDAY,0,0
AREQUIPA,PE-1S,751.0,DESPISTE,17.0,9.0,TUESDAY,0,0
APURIMAC,PE-30A,862.0,DESPISTE,7.0,9.0,TUESDAY,0,1
PIURA,PE-1N,1023.0,DESPISTE,2.0,9.0,TUESDAY,0,0
PIURA,PE-1N,1149.0,DESPISTE,21.0,9.0,TUESDAY,1,1
PUNO,PE-1S,1375.0,CHOQUE,14.0,9.0,TUESDAY,0,0
AREQUIPA,PE-34F,15.0,CHOQUE,12.0,9.0,WEDNESDAY,0,0
LIMA,PE-22,89.0,DESPISTE,14.0,9.0,WEDNESDAY,0,0
UCAYALI,PE-18C,125.0,DESPISTE,16.0,9.0,WEDNESDAY,0,0
LIMA,PE-1N,137.0,CHOQUE,1.0,9.0,WEDNESDAY,0,0
JUNIN,PE-22,155.0,CHOQUE,9.0,9.0,WEDNESDAY,0,0
HUANUCO,PE-3N,243.0,CHOQUE,14.0,9.0,WEDNESDAY,0,0
PIURA,PE-1NJ,249.0,CHOQUE,7.0,9.0,WEDNESDAY,0,0
APURIMAC,PE-30A,287.0,DESPISTE,7.0,9.0,WEDNESDAY,0,0
APURIMAC,PE-30A,355.0,CHOQUE,10.0,9.0,WEDNESDAY,0,0
ICA,PE-1S,437.0,DESPISTE,9.0,9.0,WEDNESDAY,0,0
AREQUIPA,PE-1S,1040.0,CHOQUE,14.0,9.0,WEDNESDAY,0,0
AREQUIPA,PE-1S,8.0,DESPISTE,15.0,9.0,THURSDAY,0,0
JUNIN,PE-3N,11.0,DESPISTE,11.0,9.0,THURSDAY,0,0
PASCO,PE-3N,17.0,CHOQUE,12.0,9.0,THURSDAY,0,0
CAJAMARCA,PE-06B,35.0,DESPISTE,13.0,9.0,THURSDAY,0,0
HUANUCO,PE-18A,72.0,CHOQUE,16.0,9.0,THURSDAY,0,0
LIMA,PE-1N,80.0,CHOQUE,19.0,9.0,THURSDAY,1,0
LIMA,PE-22,81.0,CHOQUE,16.0,9.0,THURSDAY,0,0
LIMA,PE-1N,101.0,CHOQUE,6.0,9.0,THURSDAY,0,0
LIMA,PE-22,110.0,ESPECIAL,10.0,9.0,THURSDAY,0,0
ANCASH,PE-3N,198.0,CHOQUE,11.0,9.0,THURSDAY,0,0
MADRE DE DIOS,PE-30C,282.0,DESPISTE,11.0,9.0,THURSDAY,0,0
LA LIBERTAD,PE-1N,534.0,CHOQUE,17.0,9.0,THURSDAY,0,0
LA LIBERTAD,PE-1N,576.0,CHOQUE,12.0,9.0,THURSDAY,0,1
SAN MARTIN,PE-5N,634.0,DESPISTE,8.0,9.0,THURSDAY,0,0
CUSCO,PE-28B,29.0,DESPISTE,11.0,9.0,FRIDAY,0,0
LA LIBERTAD,PE-10A,51.0,CHOQUE,9.0,9.0,FRIDAY,0,0
CAJAMARCA,PE-06B,90.0,CHOQUE,17.0,9.0,FRIDAY,0,0
LIMA,PE-1N,108.0,DESPISTE,6.0,9.0,FRIDAY,0,0
LIMA,PE-1N,117.0,CHOQUE,21.0,9.0,FRIDAY,1,0
ANCASH,PE-3N,120.0,CHOQUE,17.0,9.0,FRIDAY,0,0
LIMA,PE-1N,135.0,DESPISTE,10.0,9.0,FRIDAY,0,0
PASCO,PE-3N,138.0,CHOQUE,16.0,9.0,FRIDAY,0,0
ICA,PE-1S,182.0,CHOQUE,7.0,9.0,FRIDAY,0,0
LIMA,PE-1N,183.0,DESPISTE,7.0,9.0,FRIDAY,0,0
HUANCAVELICA,PE-28A,208.0,CHOQUE,9.0,9.0,FRIDAY,0,1
ANCASH,PE-1N,286.0,CHOQUE,21.0,9.0,FRIDAY,1,0
APURIMAC,PE-30A,372.0,DESPISTE,7.0,9.0,FRIDAY,0,0
CAJAMARCA,PE-3N,14.0,DESPISTE,17.0,9.0,SATURDAY,0,0
LIMA,PE-1S,23.0,DESPISTE,1.0,9.0,SATURDAY,0,0
CAJAMARCA,PE-06B,46.0,DESPISTE,16.0,9.0,SATURDAY,0,0
HUANUCO,PE-18A,95.0,CHOQUE,11.0,9.0,SATURDAY,0,0
LIMA,PE-1S,115.0,ESPECIAL,22.0,9.0,SATURDAY,1,0
AREQUIPA,PE-34A,178.0,DESPISTE,17.0,9.0,SATURDAY,0,0
ANCASH,PE-16,519.0,DESPISTE,4.0,9.0,SATURDAY,0,0
MADRE DE DIOS,PE-30C,522.0,CHOQUE,17.0,9.0,SATURDAY,0,0
AREQUIPA,PE-1S,1027.0,DESPISTE,14.0,9.0,SATURDAY,0,1
JUNIN,PE-3S,5.0,CHOQUE,14.0,9.0,SUNDAY,0,0
JUNIN,PE-3S,9.0,DESPISTE,21.0,9.0,SUNDAY,1,0
LIMA,PE-1N,36.0,CHOQUE,9.0,9.0,SUNDAY,0,0
JUNIN,PE-3N,56.0,CHOQUE,6.0,9.0,SUNDAY,0,0
JUNIN,PE-22B,86.0,CHOQUE,11.0,9.0,SUNDAY,0,0
LIMA,PE-22,117.0,DESPISTE,17.0,9.0,SUNDAY,0,0
ICA,PE-1S,176.0,CHOQUE,17.0,9.0,SUNDAY,0,0
HUANUCO,PE-3N,209.0,DESPISTE,17.0,9.0,SUNDAY,0,0
AYACUCHO,PE-3S,295.0,DESPISTE,7.0,9.0,SUNDAY,0,1
APURIMAC,PE-30A,355.0,CHOQUE,5.0,9.0,SUNDAY,0,0
ANCASH,PE-3N,501.0,ESPECIAL,6.0,9.0,SUNDAY,0,0
LORETO,LO-103,5.0,DESPISTE,19.0,9.0,MONDAY,1,0
UCAYALI,PE-18C,58.0,CHOQUE,17.0,9.0,MONDAY,0,0
LIMA,PE-22,71.0,CHOQUE,21.0,9.0,MONDAY,1,0
LIMA,PE-22,76.0,CHOQUE,6.0,9.0,MONDAY,0,0
LAMBAYEQUE,PE-1N,93.0,DESPISTE,12.0,9.0,MONDAY,0,0
CUSCO,PE-28B,110.0,CHOQUE,19.0,9.0,MONDAY,1,0
PASCO,PE-3S,134.0,CHOQUE,18.0,9.0,MONDAY,1,0
ANCASH,PE-16,141.0,DESPISTE,8.0,9.0,MONDAY,0,0
UCAYALI,PE-18C,155.0,DESPISTE,1.0,9.0,MONDAY,0,0
PUNO,PE-34A,191.0,CHOQUE,11.0,9.0,MONDAY,0,0
MADRE DE DIOS,PE-30C,324.0,CHOQUE,17.0,9.0,MONDAY,0,0
ANCASH,PE-1N,447.0,CHOQUE,6.0,9.0,MONDAY,0,0
AREQUIPA,PE-1S,1036.0,DESPISTE,14.0,9.0,MONDAY,0,0
PUNO,PE-1S,1459.0,DESPISTE,7.0,9.0,MONDAY,0,0
CUSCO,PE-3S,,ATROPELLO,6.0,9.0,MONDAY,0,0
LAMBAYEQUE,PE-1N,49.0,CHOQUE,10.0,9.0,TUESDAY,0,0
LIMA,PE-1N,83.0,CHOQUE,9.0,9.0,TUESDAY,0,0
LIMA,PE-1S,91.0,CHOQUE,12.0,9.0,TUESDAY,0,0
PIURA,PE-1N,128.0,DESPISTE,18.0,9.0,TUESDAY,1,0
LIMA,PE-22,130.0,CHOQUE,0.0,9.0,TUESDAY,0,0
JUNIN,PE-22,132.0,CHOQUE,16.0,9.0,TUESDAY,0,0
JUNIN,PE-22,149.0,DESPISTE,6.0,9.0,TUESDAY,0,0
JUNIN,PE-22,154.0,CHOQUE,5.0,9.0,TUESDAY,0,0
ANCASH,PE-16,182.0,DESPISTE,15.0,9.0,TUESDAY,0,0
PUNO,PE-30A,205.0,CHOQUE,16.0,9.0,TUESDAY,0,0
AREQUIPA,PE-1S,603.0,DESPISTE,0.0,9.0,TUESDAY,0,0
PIURA,PE-1N,67.0,CHOQUE,18.0,9.0,WEDNESDAY,1,0
LAMBAYEQUE,PE-1NJ,97.0,DESPISTE,18.0,9.0,WEDNESDAY,1,0
ANCASH,PE-3N,100.0,DESPISTE,19.0,9.0,WEDNESDAY,1,0
CAJAMARCA,PE-08,160.0,DESPISTE,1.0,9.0,WEDNESDAY,0,0
HUANUCO,PE-3N,212.0,DESPISTE,0.0,9.0,WEDNESDAY,0,0
MADRE DE DIOS,PE-30C,405.0,CHOQUE,9.0,9.0,WEDNESDAY,0,0
SAN MARTIN,PE-5N,656.0,DESPISTE,14.0,9.0,WEDNESDAY,0,0
LAMBAYEQUE,PE-1N,836.0,CHOQUE,22.0,9.0,WEDNESDAY,1,0
APURIMAC,PE-30A,837.0,DESPISTE,8.0,9.0,WEDNESDAY,0,1
CAJAMARCA,PE-06B,7.0,DESPISTE,7.0,10.0,THURSDAY,0,0
PIURA,PE-02A,8.0,DESPISTE,6.0,10.0,THURSDAY,0,0
UCAYALI,PE-18C,19.0,DESPISTE,6.0,10.0,THURSDAY,0,0
JUNIN,PE-22B,91.0,DESPISTE,13.0,10.0,THURSDAY,0,0
LIMA,PE-1N,127.0,CHOQUE,19.0,10.0,THURSDAY,1,0
PUNO,PE-34A,242.0,DESPISTE,9.0,10.0,THURSDAY,0,0
MADRE DE DIOS,PE-30C,324.0,CHOQUE,3.0,10.0,THURSDAY,0,0
LA LIBERTAD,PE-1N,575.0,CHOQUE,18.0,10.0,THURSDAY,1,0
LAMBAYEQUE,PE-1NJ,42.0,CHOQUE,8.0,10.0,FRIDAY,0,1
LIMA,PE-1N,52.0,CHOQUE,16.0,10.0,FRIDAY,0,0
AREQUIPA,PE-34E,71.0,CHOQUE,7.0,10.0,FRIDAY,0,0
ANCASH,PE-3N,539.0,DESPISTE,13.0,10.0,FRIDAY,0,0
LA LIBERTAD,PE-1N,561.0,CHOQUE,11.0,10.0,FRIDAY,0,0
ANCASH,PE-3N,637.0,CHOQUE,10.0,10.0,FRIDAY,0,0
LAMBAYEQUE,PE-06A,47.0,DESPISTE,18.0,10.0,SATURDAY,1,0
LIMA,PE-1S,99.0,DESPISTE,14.0,10.0,SATURDAY,0,0
LIMA,PE-1N,160.0,CHOQUE,2.0,10.0,SATURDAY,0,0
ICA,PE-1S,203.0,CHOQUE,11.0,10.0,SATURDAY,0,0
LA LIBERTAD,PE-1N,545.0,CHOQUE,22.0,10.0,SATURDAY,1,1
AREQUIPA,PE-1S,609.0,DESPISTE,3.0,10.0,SATURDAY,0,0
AREQUIPA,PE-1S,701.0,DESPISTE,16.0,10.0,SATURDAY,0,0
AREQUIPA,PE-1S,733.0,CHOQUE,2.0,10.0,SATURDAY,0,0
LAMBAYEQUE,PE-1N,763.0,CHOQUE,9.0,10.0,SATURDAY,0,1
CUSCO,PE-3S,989.0,CHOQUE,19.0,10.0,SATURDAY,1,0
CUSCO,PE-3S,1076.0,CHOQUE,14.0,10.0,SATURDAY,0,0
AMAZONAS,PE-08B,27.0,DESPISTE,17.0,10.0,SUNDAY,0,0
LIMA,PE-1S,63.0,ATROPELLO,5.0,10.0,SUNDAY,0,1
ANCASH,PE-1N,78.0,DESPISTE,22.0,10.0,SUNDAY,1,0
LIMA,PE-1S,83.0,DESPISTE,6.0,10.0,SUNDAY,0,0
LIMA,PE-1S,122.0,ATROPELLO,22.0,10.0,SUNDAY,1,1
JUNIN,PE-3N,151.0,DESPISTE,10.0,10.0,SUNDAY,0,0
LIMA,PE-30A,433.0,DESPISTE,5.0,10.0,SUNDAY,0,0
SAN MARTIN,PE-04A,691.0,DESPISTE,16.0,10.0,SUNDAY,0,0
LIMA,PE-1S,5.0,DESPISTE,5.0,10.0,MONDAY,0,0
PUNO,PE-34H,26.0,CHOQUE,19.0,10.0,MONDAY,1,0
LIMA,PE-1S,31.0,CHOQUE,7.0,10.0,MONDAY,0,0
LA LIBERTAD,PE-1N,41.0,DESPISTE,13.0,10.0,MONDAY,0,0
JUNIN,PE-3S,56.0,CHOQUE,9.0,10.0,MONDAY,0,0
JUNIN,PE-3S,63.0,DESPISTE,3.0,10.0,MONDAY,0,0
JUNIN,PE-22,138.0,CHOQUE,7.0,10.0,MONDAY,0,0
LIMA,PE-1S,162.0,DESPISTE,15.0,10.0,MONDAY,0,0
UCAYALI,PE-18C,165.0,DESPISTE,22.0,10.0,MONDAY,1,0
MADRE DE DIOS,PE-30C,326.0,CHOQUE,14.0,10.0,MONDAY,0,0
SAN MARTIN,PE-5N,374.0,DESPISTE,14.0,10.0,MONDAY,0,0
CUSCO,PE-3S,1003.0,CHOQUE,8.0,10.0,MONDAY,0,0
CUSCO,PE-3S,1004.0,CHOQUE,6.0,10.0,MONDAY,0,0
JUNIN,PE-3N,36.0,DESPISTE,9.0,10.0,TUESDAY,0,0
JUNIN,PE-22,154.0,CHOQUE,7.0,10.0,TUESDAY,0,0
LIMA,PE-1N,164.0,ATROPELLO,22.0,10.0,TUESDAY,1,1
LIMA,PE-1N,232.0,CHOQUE,3.0,10.0,TUESDAY,0,1
ANCASH,PE-1N,274.0,CHOQUE,9.0,10.0,TUESDAY,0,0
LA LIBERTAD,PE-1N,602.0,ATROPELLO,6.0,10.0,TUESDAY,0,0
PIURA,PE-1NL,1045.0,CHOQUE,20.0,10.0,TUESDAY,1,0
HUANUCO,PE-3N,,CHOQUE,19.0,10.0,TUESDAY,1,0
AMAZONAS,PE-08B,0.0,CHOQUE,11.0,10.0,WEDNESDAY,0,0
JUNIN,PE-3SA,26.0,DESPISTE,17.0,10.0,WEDNESDAY,0,0
PIURA,PE-02A,50.0,CHOQUE,21.0,10.0,WEDNESDAY,1,0
AREQUIPA,PE-34A,148.0,ESPECIAL,5.0,10.0,WEDNESDAY,0,0
AREQUIPA,PE-34A,179.0,DESPISTE,15.0,10.0,WEDNESDAY,0,1
MADRE DE DIOS,PE-30C,326.0,CHOQUE,21.0,10.0,WEDNESDAY,1,0
JUNIN,PE-3S,6.0,DESPISTE,0.0,10.0,THURSDAY,0,0
TACNA,PE-36A,40.0,DESPISTE,14.0,10.0,THURSDAY,0,1
CUSCO,PE-3S,57.0,DESPISTE,0.0,10.0,THURSDAY,0,1
LIMA,PE-1S,59.0,ATROPELLO,22.0,10.0,THURSDAY,1,1
JUNIN,PE-3S,76.0,CHOQUE,10.0,10.0,THURSDAY,0,0
LIMA,PE-1N,85.0,CHOQUE,22.0,10.0,THURSDAY,1,0
LIMA,PE-22,88.0,CHOQUE,6.0,10.0,THURSDAY,0,0
JUNIN,PE-5S,109.0,CHOQUE,21.0,10.0,THURSDAY,1,1
LIMA,PE-22,112.0,CHOQUE,3.0,10.0,THURSDAY,0,0
PUNO,PE-36A,188.0,DESPISTE,8.0,10.0,THURSDAY,0,0
PUNO,PE-34A,192.0,DESPISTE,10.0,10.0,THURSDAY,0,0
LIMA,PE-1N,230.0,DESPISTE,6.0,10.0,THURSDAY,0,0
AMAZONAS,PE-04A,236.0,DESPISTE,0.0,10.0,THURSDAY,0,0
ANCASH,PE-1N,246.0,CHOQUE,11.0,10.0,THURSDAY,0,0
TACNA,PE-1SD,322.0,CHOQUE,7.0,10.0,THURSDAY,0,0
SAN MARTIN,PE-04A,546.0,DESPISTE,15.0,10.0,THURSDAY,0,0
SAN MARTIN,PE-04A,748.0,DESPISTE,18.0,10.0,THURSDAY,1,0
LIMA,PE-1S,27.0,ATROPELLO,8.0,10.0,FRIDAY,0,1
JUNIN,PE-22,116.0,CHOQUE,10.0,10.0,FRIDAY,0,1
LIMA,PE-1N,220.0,DESPISTE,10.0,10.0,FRIDAY,0,0
ICA,PE-1S,237.0,CHOQUE,21.0,10.0,FRIDAY,1,0
LAMBAYEQUE,PE-1N,729.0,CHOQUE,17.0,10.0,FRIDAY,0,1
PIURA,PE-1N,1090.0,CHOQUE,13.0,10.0,FRIDAY,0,0
ANCASH,PE-3N,5.0,CHOQUE,19.0,10.0,SATURDAY,1,0
AMAZONAS,LO-103,8.0,CHOQUE,14.0,10.0,SATURDAY,0,0
CAJAMARCA,PE-3N,10.0,CHOQUE,21.0,10.0,SATURDAY,1,0
CAJAMARCA,PE-08A,49.0,CHOQUE,6.0,10.0,SATURDAY,0,1
PUNO,PE-34H,49.0,CHOQUE,16.0,10.0,SATURDAY,0,0
LIMA,PE-1S,56.0,ESPECIAL,23.0,10.0,SATURDAY,1,0
CAJAMARCA,PE-08,59.0,DESPISTE,0.0,10.0,SATURDAY,0,1
ANCASH,AN-111,63.0,CHOQUE,16.0,10.0,SATURDAY,0,0
PUNO,PE-36B,66.0,DESPISTE,13.0,10.0,SATURDAY,0,0
LIMA,PE-1N,71.0,DESPISTE,6.0,10.0,SATURDAY,0,0
LIMA,PE-1S,80.0,CHOQUE,21.0,10.0,SATURDAY,1,0
LIMA,PE-1N,84.0,CHOQUE,16.0,10.0,SATURDAY,0,0
LIMA,PE-1S,116.0,CHOQUE,16.0,10.0,SATURDAY,0,0
LIMA,PE-1N,120.0,CHOQUE,22.0,10.0,SATURDAY,1,0
JUNIN,PE-22,160.0,DESPISTE,12.0,10.0,SATURDAY,0,0
AMAZONAS,PE-04A,191.0,DESPISTE,11.0,10.0,SATURDAY,0,0
PUNO,PE-34B,306.0,CHOQUE,17.0,10.0,SATURDAY,0,0
APURIMAC,PE-30A,355.0,DESPISTE,10.0,10.0,SATURDAY,0,0
APURIMAC,PE-3S,433.0,DESPISTE,12.0,10.0,SATURDAY,0,0
SAN MARTIN,PE-04A,452.0,CHOQUE,13.0,10.0,SATURDAY,0,0
APURIMAC,PE-3S,702.0,DESPISTE,15.0,10.0,SATURDAY,0,0
LAMBAYEQUE,PE-1N,725.0,N.I.,6.0,10.0,SATURDAY,0,0
SAN MARTIN,PE-5N,748.0,CHOQUE,12.0,10.0,SATURDAY,0,0
SAN MARTIN,PE-5N,751.0,ATROPELLO,17.0,10.0,SATURDAY,0,0
AMAZONAS,LO-103,2.0,CHOQUE,12.0,10.0,SUNDAY,0,0
LIMA,PE-1NA,8.0,CHOQUE,2.0,10.0,SUNDAY,0,0
CUSCO,PE-34E,10.0,VOLCADURA,16.0,10.0,SUNDAY,0,0
LA LIBERTAD,PE-10A,24.0,CHOQUE,11.0,10.0,SUNDAY,0,0
LIMA,PE-1NE,29.0,DESPISTE,1.0,10.0,SUNDAY,0,0
ICA,PE-1S,193.0,CHOQUE,10.0,10.0,SUNDAY,0,0
PUNO,PE-30A,210.0,DESPISTE,14.0,10.0,SUNDAY,0,0
PUNO,PE-34A,231.0,DESPISTE,4.0,10.0,SUNDAY,0,0
PUNO,PE-34A,246.0,DESPISTE,10.0,10.0,SUNDAY,0,0
AMAZONAS,PE-04A,283.0,DESPISTE,9.0,10.0,SUNDAY,0,0
PUNO,PE-34A,296.0,DESPISTE,18.0,10.0,SUNDAY,1,0
LA LIBERTAD,PE-1N,521.0,CHOQUE,2.0,10.0,SUNDAY,0,1
MOQUEGUA,PE-1S,1261.0,CHOQUE,10.0,10.0,SUNDAY,0,0
TACNA,PE-1S,1305.0,DESPISTE,22.0,10.0,SUNDAY,1,0
ANCASH,AN-106,5.0,DESPISTE,6.0,10.0,MONDAY,0,0
LAMBAYEQUE,PE-08,11.0,CHOQUE,16.0,10.0,MONDAY,0,1
LAMBAYEQUE,PE-1NJ,61.0,DESPISTE,21.0,10.0,MONDAY,1,0
JUNIN,PE-22B,62.0,DESPISTE,19.0,10.0,MONDAY,1,0
ICA,PE-30A,78.0,DESPISTE,13.0,10.0,MONDAY,0,0
LIMA,PE-22,87.0,DESPISTE,10.0,10.0,MONDAY,0,0
LIMA,PE-1S,98.0,DESPISTE,16.0,10.0,MONDAY,0,0
CAJAMARCA,PE-08B,107.0,CHOQUE,15.0,10.0,MONDAY,0,0
PUNO,PE-34B,279.0,DESPISTE,11.0,10.0,MONDAY,0,0
PUNO,PE-34B,280.0,DESPISTE,14.0,10.0,MONDAY,0,0
SAN MARTIN,PE-04A,527.0,CHOQUE,18.0,10.0,MONDAY,1,0
ANCASH,PE-3N,5.0,CHOQUE,16.0,10.0,TUESDAY,0,0
JUNIN,PE-3N,15.0,DESPISTE,12.0,10.0,TUESDAY,0,0
UCAYALI,PE-04A,20.0,CHOQUE,10.0,10.0,TUESDAY,0,0
CUSCO,CU-117,25.0,CHOQUE,13.0,10.0,TUESDAY,0,0
AYACUCHO,PE-30A,52.0,CHOQUE,11.0,10.0,TUESDAY,0,0
JUNIN,PE-22,143.0,DESPISTE,14.0,10.0,TUESDAY,0,0
ANCASH,PE-3N,543.0,ATROPELLO,10.0,10.0,TUESDAY,0,0
CAJAMARCA,PE-08,4.0,DESPISTE,9.0,10.0,WEDNESDAY,0,0
JUNIN,PE-3S,8.0,CHOQUE,7.0,10.0,WEDNESDAY,0,0
PUNO,PU-120,14.0,DESPISTE,5.0,10.0,WEDNESDAY,0,0
PIURA,PE-02,28.0,CHOQUE,18.0,10.0,WEDNESDAY,1,0
PIURA,PE-1N,61.0,DESPISTE,3.0,10.0,WEDNESDAY,0,0
JUNIN,PE-3S,72.0,DESPISTE,20.0,10.0,WEDNESDAY,1,0
TACNA,PE-1SD,73.0,DESPISTE,7.0,10.0,WEDNESDAY,0,0
JUNIN,PE-3N,138.0,DESPISTE,9.0,10.0,WEDNESDAY,0,0
AYACUCHO,PE-3S,209.0,DESPISTE,17.0,10.0,WEDNESDAY,0,0
LA LIBERTAD,PE-10C,216.0,DESPISTE,2.0,10.0,WEDNESDAY,0,0
ANCASH,PE-1N,394.0,DESPISTE,7.0,10.0,WEDNESDAY,0,0
ICA,PE-1S,397.0,CHOQUE,14.0,10.0,WEDNESDAY,0,0
AYACUCHO,PE-3S,444.0,DESPISTE,17.0,10.0,WEDNESDAY,0,0
LA LIBERTAD,PE-1N,479.0,DESPISTE,5.0,10.0,WEDNESDAY,0,0
MADRE DE DIOS,PE-30C,486.0,DESPISTE,11.0,10.0,WEDNESDAY,0,0
LA LIBERTAD,PE-1N,562.0,CHOQUE,10.0,10.0,WEDNESDAY,0,0
TACNA,PE-1S,1323.0,DESPISTE,7.0,10.0,WEDNESDAY,0,0
CAJAMARCA,PE-3N,7.0,DESPISTE,7.0,10.0,THURSDAY,0,0
AREQUIPA,PE-1SD,23.0,DESPISTE,9.0,10.0,THURSDAY,0,0
JUNIN,PE-3N,41.0,DESPISTE,5.0,10.0,THURSDAY,0,0
JUNIN,PE-3N,52.0,DESPISTE,12.0,10.0,THURSDAY,0,0
LA LIBERTAD,PE-10A,67.0,DESPISTE,8.0,10.0,THURSDAY,0,0
CUSCO,PE-3S,89.0,DESPISTE,19.0,10.0,THURSDAY,1,0
PASCO,PE-3N,125.0,DESPISTE,8.0,10.0,THURSDAY,0,0
LIMA,PE-1S,165.0,CHOQUE,17.0,10.0,THURSDAY,0,0
ICA,PE-1S,202.0,DESPISTE,12.0,10.0,THURSDAY,0,0
HUANUCO,PE-5N,463.0,DESPISTE,12.0,10.0,THURSDAY,0,0
SAN MARTIN,PE-5N,556.0,CHOQUE,14.0,10.0,THURSDAY,0,0
SAN MARTIN,PE-5N,557.0,CHOQUE,8.0,10.0,THURSDAY,0,0
APURIMAC,PE-3S,682.0,CHOQUE,12.0,10.0,THURSDAY,0,0
MOQUEGUA,PE-1S,1167.0,DESPISTE,5.0,10.0,THURSDAY,0,0
AMAZONAS,PE-5N,6.0,CHOQUE,19.0,10.0,FRIDAY,1,0
JUNIN,PE-3N,22.0,CHOQUE,4.0,10.0,FRIDAY,0,0
TACNA,PE-1SD,42.0,DESPISTE,10.0,10.0,FRIDAY,0,0
HUANUCO,PE-18A,46.0,CHOQUE,13.0,10.0,FRIDAY,0,0
JUNIN,PE-3N,57.0,DESPISTE,21.0,10.0,FRIDAY,1,1
CUSCO,PE-34J,62.0,DESPISTE,22.0,10.0,FRIDAY,1,0
LIMA,PE-1S,74.0,DESPISTE,12.0,10.0,FRIDAY,0,0
HUANUCO,PE-18A,90.0,DESPISTE,1.0,10.0,FRIDAY,0,0
PIURA,PE-1N,104.0,DESPISTE,6.0,10.0,FRIDAY,0,0
JUNIN,PE-3S,104.0,DESPISTE,5.0,10.0,FRIDAY,0,0
LIMA,PE-22,107.0,CHOQUE,21.0,10.0,FRIDAY,1,0
JUNIN,PE-22,154.0,DESPISTE,12.0,10.0,FRIDAY,0,0
ICA,PE-1S,223.0,DESPISTE,4.0,10.0,FRIDAY,0,0
MADRE DE DIOS,PE-30C,318.0,CHOQUE,21.0,10.0,FRIDAY,1,0
APURIMAC,PE-30A,430.0,ESPECIAL,8.0,10.0,FRIDAY,0,0
AREQUIPA,PE-1S,599.0,CHOQUE,17.0,10.0,FRIDAY,0,0
AREQUIPA,PE-1S,633.0,CHOQUE,17.0,10.0,FRIDAY,0,0
PUNO,PE-3S,1322.0,ATROPELLO,8.0,10.0,FRIDAY,0,1
TACNA,PE-22B,27.0,DESPISTE,15.0,10.0,SATURDAY,0,1
JUNIN,PE-22B,28.0,DESPISTE,15.0,10.0,SATURDAY,0,1
LAMBAYEQUE,PE-1N,43.0,ATROPELLO,5.0,10.0,SATURDAY,0,0
PIURA,PI-102,57.0,CHOQUE,22.0,10.0,SATURDAY,1,0
AREQUIPA,PE-34A,84.0,VOLCADURA,16.0,10.0,SATURDAY,0,0
ANCASH,PE-16,99.0,CHOQUE,13.0,10.0,SATURDAY,0,0
AREQUIPA,PE-34A,127.0,CHOQUE,6.0,10.0,SATURDAY,0,0
AREQUIPA,PE-34A,182.0,DESPISTE,16.0,10.0,SATURDAY,0,0
MADRE DE DIOS,PE-30C,396.0,CHOQUE,18.0,10.0,SATURDAY,1,1
ICA,PE-1S,433.0,DESPISTE,6.0,10.0,SATURDAY,0,0
AREQUIPA,PE-34A,523.0,CHOQUE,6.0,10.0,SATURDAY,0,0
AREQUIPA,PE-30,657.0,DESPISTE,16.0,10.0,SATURDAY,0,0
MOQUEGUA,PE-1S,712.0,CHOQUE,23.0,10.0,SATURDAY,1,0
LIMA,PE-1N,814.0,DESPISTE,6.0,10.0,SATURDAY,0,0
CUSCO,PE-3S,881.0,DESPISTE,6.0,10.0,SATURDAY,0,0
PIURA,PE-1N,1002.0,CHOQUE,15.0,10.0,SATURDAY,0,1
AMAZONAS,PE-5N,1285.0,DESPISTE,5.0,10.0,SATURDAY,0,0
CAJAMARCA,PE-5N,5.0,DESPISTE,11.0,10.0,SUNDAY,0,0
LORETO,LO-103,8.0,CHOQUE,10.0,10.0,SUNDAY,0,0
LIMA,PE-1NE,16.0,DESPISTE,20.0,10.0,SUNDAY,1,0
LIMA,PE-22,97.0,DESPISTE,8.0,10.0,SUNDAY,0,1
ANCASH,PE-3N,116.0,DESPISTE,18.0,10.0,SUNDAY,1,0
JUNIN,PE-3N,141.0,CHOQUE,18.0,10.0,SUNDAY,1,0
LIMA,PE-1N,164.0,DESPISTE,6.0,10.0,SUNDAY,0,0
CAJAMARCA,PE-04C,177.0,DESPISTE,6.0,10.0,SUNDAY,0,0
ICA,PE-1S,186.0,ATROPELLO,17.0,10.0,SUNDAY,0,0
ICA,PE-1S,203.0,DESPISTE,8.0,10.0,SUNDAY,0,0
PUNO,PE-34A,226.0,CHOQUE,4.0,10.0,SUNDAY,0,0
SAN MARTIN,PE-04A,379.0,CHOQUE,13.0,10.0,SUNDAY,0,0
MADRE DE DIOS,PE-30C,403.0,CHOQUE,17.0,10.0,SUNDAY,0,0
SAN MARTIN,PE-5N,648.0,DESPISTE,21.0,10.0,SUNDAY,1,0
MOQUEGUA,PE-1S,1233.0,VOLCADURA,16.0,10.0,SUNDAY,0,0
JUNIN,PE-3S,93.0,ATROPELLO,6.0,10.0,MONDAY,0,0
LIMA,PE-1S,99.0,CHOQUE,23.0,10.0,MONDAY,1,1
LAMBAYEQUE,PE-06A,133.0,CHOQUE,13.0,10.0,MONDAY,0,0
PIURA,PE-1NJ,191.0,CHOQUE,19.0,10.0,MONDAY,1,0
PIURA,PE-1NJ,199.0,CHOQUE,22.0,10.0,MONDAY,1,0
PUNO,PE-34A,217.0,CHOQUE,23.0,10.0,MONDAY,1,0
ICA,PE-1S,290.0,CHOQUE,12.0,10.0,MONDAY,0,0
APURIMAC,PE-30A,302.0,DESPISTE,5.0,10.0,MONDAY,0,0
MADRE DE DIOS,PE-30C,374.0,CHOQUE,6.0,10.0,MONDAY,0,1
LA LIBERTAD,PE-1N,475.0,DESPISTE,17.0,10.0,MONDAY,0,0
HUANUCO,PE-5N,541.0,DESPISTE,11.0,10.0,MONDAY,0,0
CUSCO,PE-3S,1018.0,CHOQUE,16.0,10.0,MONDAY,0,0
PUNO,PE-3S,1411.0,CHOQUE,11.0,10.0,MONDAY,0,0
PIURA,PE-1N,10.0,CHOQUE,13.0,10.0,TUESDAY,0,0
LIMA,PE-1N,45.0,CHOQUE,19.0,10.0,TUESDAY,1,0
CAJAMARCA,PE-08B,108.0,DESPISTE,18.0,10.0,TUESDAY,1,0
APURIMAC,PE-30B,134.0,DESPISTE,17.0,10.0,TUESDAY,0,0
CUSCO,PE-28B,157.0,DESPISTE,20.0,10.0,TUESDAY,1,0
JUNIN,PE-22,161.0,DESPISTE,23.0,10.0,TUESDAY,1,0
APURIMAC,PE-3S,853.0,CHOQUE,6.0,10.0,TUESDAY,0,0
CUSCO,PE-3S,915.0,CHOQUE,12.0,10.0,TUESDAY,0,0
AMAZONAS,PE-5N,1331.0,CHOQUE,14.0,10.0,TUESDAY,0,0
PUNO,PE-3S,1487.0,CHOQUE,1.0,10.0,TUESDAY,0,0
ICA,PE-28,20.0,CHOQUE,19.0,10.0,WEDNESDAY,1,1
PIURA,PI-102,51.0,CHOQUE,18.0,10.0,WEDNESDAY,1,0
JUNIN,PE-3S,83.0,CHOQUE,5.0,10.0,WEDNESDAY,0,0
LIMA,PE-22,110.0,DESPISTE,14.0,10.0,WEDNESDAY,0,0
ICA,PE-30A,117.0,CHOQUE,12.0,10.0,WEDNESDAY,0,0
LIMA,PE-1N,141.0,DESPISTE,18.0,10.0,WEDNESDAY,1,0
JUNIN,PE-22,154.0,DESPISTE,23.0,10.0,WEDNESDAY,1,0
CUSCO,CU-113,170.0,DESPISTE,4.0,10.0,WEDNESDAY,0,1
ICA,PE-1S,186.0,DESPISTE,6.0,10.0,WEDNESDAY,0,0
PUNO,PE-34B,265.0,DESPISTE,18.0,10.0,WEDNESDAY,1,0
LA LIBERTAD,PE-1N,513.0,CHOQUE,4.0,10.0,WEDNESDAY,0,0
ANCASH,PE-3N,587.0,DESPISTE,5.0,10.0,WEDNESDAY,0,0
LAMBAYEQUE,PE-1N,696.0,CHOQUE,17.0,10.0,WEDNESDAY,0,0
PIURA,PE-1N,917.0,CHOQUE,18.0,10.0,WEDNESDAY,1,1
PUNO,PE-3S,1152.0,DESPISTE,17.0,10.0,WEDNESDAY,0,0
PUNO,PE-3S,1455.0,VOLCADURA,10.0,10.0,WEDNESDAY,0,0
PIURA,PE-02A,7.0,CHOQUE,8.0,10.0,THURSDAY,0,0
AREQUIPA,PE-34F,7.0,VOLCADURA,10.0,10.0,THURSDAY,0,0
LIMA,PE-22,100.0,CHOQUE,9.0,10.0,THURSDAY,0,0
LIMA,PE-1N,124.0,DESPISTE,17.0,10.0,THURSDAY,0,0
LA LIBERTAD,PE-3N,156.0,DESPISTE,12.0,10.0,THURSDAY,0,0
UCAYALI,PE-04A,190.0,ESPECIAL,14.0,10.0,THURSDAY,0,1
ANCASH,PE-3N,193.0,DESPISTE,12.0,10.0,THURSDAY,0,0
LA LIBERTAD,PE-1N,464.0,DESPISTE,6.0,10.0,THURSDAY,0,0
LA LIBERTAD,PE-1N,648.0,CHOQUE,1.0,10.0,THURSDAY,0,0
SAN MARTIN,PE-5N,653.0,ESPECIAL,8.0,10.0,THURSDAY,0,0
AREQUIPA,PE-1S,698.0,ESPECIAL,11.0,10.0,THURSDAY,0,0
AREQUIPA,PE-1S,724.0,CHOQUE,21.0,10.0,THURSDAY,1,0
AREQUIPA,PE-1S,733.0,DESPISTE,21.0,10.0,THURSDAY,1,0
APURIMAC,PE-3S,858.0,DESPISTE,13.0,10.0,THURSDAY,0,1
PUNO,PE-3S,1369.0,CHOQUE,22.0,10.0,THURSDAY,1,0
TACNA,PE-1SD,15.0,DESPISTE,5.0,10.0,FRIDAY,0,0
PUNO,PE-34H,43.0,CHOQUE,12.0,10.0,FRIDAY,0,0
AREQUIPA,PE-34A,63.0,VOLCADURA,23.0,10.0,FRIDAY,1,1
CUSCO,PE-28B,102.0,CHOQUE,14.0,10.0,FRIDAY,0,0
ANCASH,PE-3N,115.0,CHOQUE,18.0,10.0,FRIDAY,1,0
ANCASH,PE-3N,117.0,CHOQUE,16.0,10.0,FRIDAY,0,0
CAJAMARCA,PE-08,159.0,DESPISTE,19.0,10.0,FRIDAY,1,0
JUNIN,PE-22,162.0,CHOQUE,16.0,10.0,FRIDAY,0,0
CAJAMARCA,PE-08,167.0,DESPISTE,1.0,10.0,FRIDAY,0,0
CUSCO,PE-28B,171.0,VOLCADURA,5.0,10.0,FRIDAY,0,0
ICA,PE-1S,189.0,DESPISTE,7.0,10.0,FRIDAY,0,0
AYACUCHO,PE-28A,238.0,DESPISTE,15.0,10.0,FRIDAY,0,0
SAN MARTIN,PE-04A,458.0,DESPISTE,22.0,10.0,FRIDAY,1,0
LA LIBERTAD,PE-1N,475.0,CHOQUE,21.0,10.0,FRIDAY,1,1
LA LIBERTAD,PE-1N,569.0,CHOQUE,13.0,10.0,FRIDAY,0,0
AREQUIPA,PE-1S,603.0,DESPISTE,6.0,10.0,FRIDAY,0,0
LAMBAYEQUE,PE-1N,717.0,DESPISTE,17.0,10.0,FRIDAY,0,0
JUNIN,PE-3S,5.0,DESPISTE,6.0,10.0,SATURDAY,0,0
ANCASH,PE-3N,20.0,DESPISTE,14.0,10.0,SATURDAY,0,0
PIURA,PI-102,53.0,CHOQUE,10.0,10.0,SATURDAY,0,1
JUNIN,PE-3S,57.0,CHOQUE,7.0,10.0,SATURDAY,0,0
LIMA,PE-1S,70.0,DESPISTE,12.0,10.0,SATURDAY,0,0
LAMBAYEQUE,PE-1NJ,80.0,DESPISTE,7.0,10.0,SATURDAY,0,0
LIMA,PE-1N,94.0,CHOQUE,20.0,10.0,SATURDAY,1,0
PIURA,PE-34B,247.0,CHOQUE,9.0,10.0,SATURDAY,0,0
ICA,PE-26,302.0,DESPISTE,10.0,10.0,SATURDAY,0,0
MADRE DE DIOS,PE-30C,624.0,DESPISTE,5.0,10.0,SATURDAY,0,0
APURIMAC,PE-3S,761.0,DESPISTE,11.0,10.0,SATURDAY,0,0
TACNA,PE-1S,1156.0,DESPISTE,5.0,10.0,SATURDAY,0,0
LORETO,LO-103,12.0,CHOQUE,17.0,10.0,SUNDAY,0,0
LIMA,PE-20,13.0,DESPISTE,5.0,10.0,SUNDAY,0,0
UCAYALI,PE-18C,19.0,CHOQUE,17.0,10.0,SUNDAY,0,0
LIMA,PE-20A,39.0,N.I.,16.0,10.0,SUNDAY,0,0
JUNIN,PE-22,152.0,VOLCADURA,21.0,10.0,SUNDAY,1,0
TUMBES,PE-1N,184.0,DESPISTE,8.0,10.0,SUNDAY,0,0
ICA,PE-1S,334.0,DESPISTE,7.0,10.0,SUNDAY,0,0
ANCASH,PE-1N,398.0,DESPISTE,17.0,10.0,SUNDAY,0,0
AREQUIPA,PE-1S,505.0,DESPISTE,18.0,10.0,SUNDAY,1,0
AREQUIPA,PE-1S,632.0,ESPECIAL,15.0,10.0,SUNDAY,0,0
JUNIN,PE-3N,7.0,DESPISTE,7.0,10.0,MONDAY,0,0
PUNO,PE-34H,56.0,DESPISTE,16.0,10.0,MONDAY,0,0
JUNIN,PE-3S,94.0,CHOQUE,19.0,10.0,MONDAY,1,0
LIMA,PE-1N,116.0,DESPISTE,19.0,10.0,MONDAY,1,0
LIMA,PE-1S,122.0,DESPISTE,16.0,10.0,MONDAY,0,0
CAJAMARCA,PE-06A,179.0,DESPISTE,8.0,10.0,MONDAY,0,0
ANCASH,PE-1N,267.0,DESPISTE,7.0,10.0,MONDAY,0,0
ANCASH,PE-1N,279.0,DESPISTE,6.0,10.0,MONDAY,0,0
HUANUCO,PE-5N,517.0,DESPISTE,16.0,10.0,MONDAY,0,0
CUSCO,PE-3S,1114.0,CHOQUE,4.0,10.0,MONDAY,0,1
PUNO,PE-1S,1478.0,DESPISTE,8.0,10.0,MONDAY,0,1
MOQUEGUA,PE-1SD,,ESPECIAL,17.0,10.0,MONDAY,0,0
JUNIN,PE-3N,10.0,CHOQUE,4.0,10.0,TUESDAY,0,0
TACNA,PE-1SD,11.0,CHOQUE,22.0,10.0,TUESDAY,1,0
JUNIN,PE-3SA,27.0,DESPISTE,18.0,10.0,TUESDAY,1,0
AMAZONAS,PE-08B,39.0,CHOQUE,18.0,10.0,TUESDAY,1,0
LIMA,PE-3N,47.0,CHOQUE,6.0,10.0,TUESDAY,0,0
LIMA,PE-22,62.0,CHOQUE,16.0,10.0,TUESDAY,0,0
LIMA,PE-1N,199.0,CHOQUE,22.0,10.0,TUESDAY,1,0
ICA,PE-1S,287.0,CHOQUE,5.0,10.0,TUESDAY,0,0
SAN MARTIN,PE-5N,391.0,CHOQUE,17.0,10.0,TUESDAY,0,0
PUNO,PE-36A,395.0,CHOQUE,6.0,10.0,TUESDAY,0,0
MADRE DE DIOS,PE-30C,410.0,DESPISTE,12.0,10.0,TUESDAY,0,0
CUSCO,PE-28B,450.0,CHOQUE,14.0,10.0,TUESDAY,0,0
SAN MARTIN,PE-04A,458.0,DESPISTE,22.0,10.0,TUESDAY,1,0
LA LIBERTAD,PE-1N,583.0,DESPISTE,21.0,10.0,TUESDAY,1,0
PIURA,PE-1N,969.0,CHOQUE,14.0,10.0,TUESDAY,0,0
PUNO,PE-1S,1383.0,DESPISTE,10.0,10.0,TUESDAY,0,0
ICA,PE-1S,,CHOQUE,13.0,10.0,TUESDAY,0,0
JUNIN,PE-3N,6.0,DESPISTE,16.0,10.0,WEDNESDAY,0,0
AMAZONAS,PE-5N,35.0,DESPISTE,11.0,10.0,WEDNESDAY,0,0
PIURA,PE-1N,64.0,CHOQUE,19.0,10.0,WEDNESDAY,1,0
JUNIN,PE-3N,175.0,CHOQUE,19.0,10.0,WEDNESDAY,1,1
ANCASH,PE-1N,396.0,DESPISTE,11.0,10.0,WEDNESDAY,0,0
APURIMAC,PE-30A,406.0,DESPISTE,4.0,10.0,WEDNESDAY,0,0
ANCASH,PE-1N,412.0,CHOQUE,5.0,10.0,WEDNESDAY,0,0
APURIMAC,PE-3S,770.0,DESPISTE,8.0,10.0,WEDNESDAY,0,0
CUSCO,PE-28G,,DESPISTE,20.0,10.0,WEDNESDAY,1,0
PIURA,PE-02,23.0,DESPISTE,18.0,10.0,THURSDAY,1,1
LIMA,PE-3N,42.0,DESPISTE,11.0,10.0,THURSDAY,0,0
LIMA,PE-20A,43.0,CHOQUE,17.0,10.0,THURSDAY,0,0
AREQUIPA,PE-34E,78.0,DESPISTE,10.0,10.0,THURSDAY,0,0
PUNO,PE-3S,124.0,DESPISTE,5.0,10.0,THURSDAY,0,0
LIMA,PE-1S,130.0,DESPISTE,17.0,10.0,THURSDAY,0,0
LIMA,PE-1N,133.0,DESPISTE,12.0,10.0,THURSDAY,0,0
UCAYALI,PE-5N,349.0,DESPISTE,2.0,10.0,THURSDAY,0,0
LAMBAYEQUE,PE-1N,771.0,CHOQUE,18.0,10.0,THURSDAY,1,0
PIURA,PE-1N,1005.0,DESPISTE,22.0,10.0,THURSDAY,1,0
TACNA,PE-1S,1264.0,CHOQUE,9.0,10.0,THURSDAY,0,0
LIMA,PE-20B,0.0,DESPISTE,3.0,10.0,FRIDAY,0,0
JUNIN,PE-22,25.0,CHOQUE,18.0,10.0,FRIDAY,1,1
LIMA,PE-1N,51.0,DESPISTE,7.0,10.0,FRIDAY,0,0
LIMA,PE-1S,112.0,DESPISTE,17.0,10.0,FRIDAY,0,0
CAJAMARCA,PE-08,150.0,DESPISTE,9.0,10.0,FRIDAY,0,0
JUNIN,PE-22,152.0,DESPISTE,11.0,10.0,FRIDAY,0,0
UCAYALI,PE-18C,171.0,CHOQUE,15.0,10.0,FRIDAY,0,0
LIMA,PE-1N,186.0,CHOQUE,16.0,10.0,FRIDAY,0,0
MADRE DE DIOS,PE-30C,255.0,DESPISTE,15.0,10.0,FRIDAY,0,1
ANCASH,PE-1N,371.0,DESPISTE,12.0,10.0,FRIDAY,0,0
TACNA,PE-1S,1290.0,DESPISTE,16.0,10.0,FRIDAY,0,0
CAJAMARCA,PE-06B,16.0,DESPISTE,2.0,10.0,SATURDAY,0,0
JUNIN,PE-3S,82.0,CHOQUE,12.0,10.0,SATURDAY,0,0
HUANUCO,PE-18A,91.0,ATROPELLO,13.0,10.0,SATURDAY,0,0
PASCO,PE-3N,121.0,CHOQUE,15.0,10.0,SATURDAY,0,0
CAJAMARCA,PE-06A,183.0,DESPISTE,18.0,10.0,SATURDAY,1,0
ICA,PE-1S,357.0,CHOQUE,21.0,10.0,SATURDAY,1,1
ICA,PE-1S,432.0,CHOQUE,1.0,10.0,SATURDAY,0,0
LA LIBERTAD,PE-3N,,CHOQUE,7.0,10.0,SATURDAY,0,0
UCAYALI,PE-18C,17.0,CHOQUE,19.0,11.0,SUNDAY,1,0
LIMA,PE-1S,22.0,DESPISTE,21.0,11.0,SUNDAY,1,0
PASCO,PE-3N,27.0,CHOQUE,11.0,11.0,SUNDAY,0,1
UCAYALI,PE-18C,30.0,DESPISTE,15.0,11.0,SUNDAY,0,0
AMAZONAS,PE-5N,42.0,DESPISTE,20.0,11.0,SUNDAY,1,0
ANCASH,AN-111,51.0,DESPISTE,13.0,11.0,SUNDAY,0,0
LAMBAYEQUE,PE-1NJ,88.0,CHOQUE,22.0,11.0,SUNDAY,1,0
LIMA,PE-1N,200.0,DESPISTE,20.0,11.0,SUNDAY,1,0
LA LIBERTAD,PE-1N,616.0,DESPISTE,13.0,11.0,SUNDAY,0,0
AREQUIPA,PE-34A,732.0,DESPISTE,16.0,11.0,SUNDAY,0,0
MOQUEGUA,PE-1S,1134.0,DESPISTE,10.0,11.0,SUNDAY,0,0
PUNO,PE-3S,1248.0,DESPISTE,9.0,11.0,SUNDAY,0,1
PUNO,PE-36B,40.0,CHOQUE,11.0,11.0,MONDAY,0,0
LIMA,PE-22,63.0,CHOQUE,6.0,11.0,MONDAY,0,0
LIMA,PE-1S,83.0,CHOQUE,20.0,11.0,MONDAY,1,0
JUNIN,PE-22,110.0,CHOQUE,7.0,11.0,MONDAY,0,0
AREQUIPA,PE-34A,154.0,VOLCADURA,7.0,11.0,MONDAY,0,0
MOQUEGUA,PE-36A,186.0,DESPISTE,7.0,11.0,MONDAY,0,0
PUNO,PE-34A,238.0,DESPISTE,13.0,11.0,MONDAY,0,0
MADRE DE DIOS,PE-30C,325.0,CHOQUE,21.0,11.0,MONDAY,1,0
PIURA,PE-1NL,900.0,CHOQUE,19.0,11.0,MONDAY,1,0
CUSCO,PE-30A,912.0,CHOQUE,6.0,11.0,MONDAY,0,0
PUNO,PE-3S,1352.0,DESPISTE,22.0,11.0,MONDAY,1,0
PUNO,PE-3S,1468.0,CHOQUE,8.0,11.0,MONDAY,0,0
JUNIN,PE-3SD,12.0,CHOQUE,10.0,11.0,TUESDAY,0,0
JUNIN,PE-3S,43.0,DESPISTE,4.0,11.0,TUESDAY,0,0
LIMA,PE-1S,61.0,DESPISTE,20.0,11.0,TUESDAY,1,0
LIMA,PE-1S,93.0,CHOQUE,17.0,11.0,TUESDAY,0,0
TACNA,PE-1SD,101.0,DESPISTE,6.0,11.0,TUESDAY,0,0
LIMA,PE-1N,103.0,DESPISTE,10.0,11.0,TUESDAY,0,1
LIMA,PE-1S,106.0,DESPISTE,6.0,11.0,TUESDAY,0,0
ANCASH,PE-3N,126.0,N.I.,14.0,11.0,TUESDAY,0,0
LIMA,PE-1N,129.0,DESPISTE,4.0,11.0,TUESDAY,0,0
LIMA,PE-1S,150.0,DESPISTE,23.0,11.0,TUESDAY,1,0
ICA,PE-1S,206.0,DESPISTE,13.0,11.0,TUESDAY,0,0
ANCASH,PE-1N,242.0,DESPISTE,21.0,11.0,TUESDAY,1,0
LAMBAYEQUE,PE-1N,757.0,DESPISTE,5.0,11.0,TUESDAY,0,0
AREQUIPA,PE-1S,942.0,CHOQUE,23.0,11.0,TUESDAY,1,1
LAMBAYEQUE,LA-119,4.0,DESPISTE,20.0,11.0,WEDNESDAY,1,0
CUSCO,PE-3S,20.0,DESPISTE,18.0,11.0,WEDNESDAY,1,0
LIMA,PE-1S,57.0,ATROPELLO,5.0,11.0,WEDNESDAY,0,0
LIMA,PE-1N,66.0,CHOQUE,9.0,11.0,WEDNESDAY,0,0
LIMA,PE-22,108.0,CHOQUE,11.0,11.0,WEDNESDAY,0,0
LIMA,PE-1N,200.0,DESPISTE,14.0,11.0,WEDNESDAY,0,0
ANCASH,PE-1N,335.0,DESPISTE,14.0,11.0,WEDNESDAY,0,1
ICA,PE-1S,405.0,CHOQUE,15.0,11.0,WEDNESDAY,0,0
ANCASH,PE-1N,445.0,DESPISTE,15.0,11.0,WEDNESDAY,0,0
AREQUIPA,PE-1S,503.0,DESPISTE,15.0,11.0,WEDNESDAY,0,0
LA LIBERTAD,PE-1N,602.0,CHOQUE,10.0,11.0,WEDNESDAY,0,0
AREQUIPA,PE-1S,609.0,DESPISTE,15.0,11.0,WEDNESDAY,0,0
AREQUIPA,PE-1S,613.0,DESPISTE,15.0,11.0,WEDNESDAY,0,0
LA LIBERTAD,PE-1N,747.0,ATROPELLO,13.0,11.0,WEDNESDAY,0,0
PIURA,PE-1N,893.0,DESPISTE,6.0,11.0,WEDNESDAY,0,0
PIURA,PE-1NL,1037.0,CHOQUE,23.0,11.0,WEDNESDAY,1,0
CUSCO,PE-3S,1052.0,CHOQUE,20.0,11.0,WEDNESDAY,1,0
LIMA,PE-20,13.0,CHOQUE,13.0,11.0,THURSDAY,0,0
LIMA,PE-22,44.0,CHOQUE,17.0,11.0,THURSDAY,0,0
LIMA,PE-22,47.0,DESPISTE,10.0,11.0,THURSDAY,0,0
JUNIN,PE-22,48.0,ATROPELLO,14.0,11.0,THURSDAY,0,0
LIMA,PE-1N,61.0,CHOQUE,7.0,11.0,THURSDAY,0,0
ANCASH,AN-111,73.0,DESPISTE,22.0,11.0,THURSDAY,1,0
PASCO,PE-3S,115.0,DESPISTE,1.0,11.0,THURSDAY,0,0
LIMA,PE-22,120.0,DESPISTE,2.0,11.0,THURSDAY,0,0
JUNIN,PE-22,162.0,DESPISTE,15.0,11.0,THURSDAY,0,0
AYACUCHO,PE-3S,169.0,ATROPELLO,15.0,11.0,THURSDAY,0,0
ICA,PE-1S,188.0,DESPISTE,7.0,11.0,THURSDAY,0,0
PIURA,PE-1NJ,206.0,ATROPELLO,11.0,11.0,THURSDAY,0,0
LIMA,PE-1N,269.0,DESPISTE,8.0,11.0,THURSDAY,0,0
MADRE DE DIOS,PE-30C,339.0,DESPISTE,16.0,11.0,THURSDAY,0,0
LIMA,PE-1N,892.0,VOLCADURA,6.0,11.0,THURSDAY,0,0
CUSCO,PE-3S,1009.0,CHOQUE,12.0,11.0,THURSDAY,0,0
CUSCO,PE-3S,1029.0,DESPISTE,17.0,11.0,THURSDAY,0,1
PUNO,PE-3S,1284.0,DESPISTE,13.0,11.0,THURSDAY,0,0
ICA,PE-28A,4.0,CHOQUE,20.0,11.0,FRIDAY,1,0
LIMA,PE-1S,28.0,DESPISTE,18.0,11.0,FRIDAY,1,0
UCAYALI,PE-04A,38.0,CHOQUE,18.0,11.0,FRIDAY,1,0
LIMA,PE-1N,49.0,DESPISTE,23.0,11.0,FRIDAY,1,0
LIMA,PE-1S,103.0,CHOQUE,19.0,11.0,FRIDAY,1,0
PUNO,PE-30A,198.0,DESPISTE,21.0,11.0,FRIDAY,1,0
SAN MARTIN,PE-04A,485.0,DESPISTE,17.0,11.0,FRIDAY,0,0
ANCASH,PE-3N,552.0,CHOQUE,21.0,11.0,FRIDAY,1,0
PIURA,PE-1N,1010.0,CHOQUE,21.0,11.0,FRIDAY,1,0
PUNO,PE-3S,1463.0,ATROPELLO,7.0,11.0,FRIDAY,0,1
LAMBAYEQUE,PE-04A,2.0,CHOQUE,23.0,11.0,SATURDAY,1,0
PUNO,CU-111,15.0,DESPISTE,7.0,11.0,SATURDAY,0,1
AREQUIPA,PE-1SD,41.0,VOLCADURA,13.0,11.0,SATURDAY,0,0
MADRE DE DIOS,PE-30C,44.0,CHOQUE,23.0,11.0,SATURDAY,1,0
LIMA,PE-22,46.0,DESPISTE,7.0,11.0,SATURDAY,0,0
LIMA,PE-1S,48.0,CHOQUE,22.0,11.0,SATURDAY,1,0
JUNIN,PE-3N,72.0,VOLCADURA,11.0,11.0,SATURDAY,0,0
HUANUCO,PE-18A,103.0,DESPISTE,11.0,11.0,SATURDAY,0,0
LIMA,PE-1S,117.0,CHOQUE,21.0,11.0,SATURDAY,1,0
LIMA,PE-22,120.0,CHOQUE,13.0,11.0,SATURDAY,0,0
CAJAMARCA,PE-08,129.0,VOLCADURA,17.0,11.0,SATURDAY,0,0
JUNIN,PE-22,154.0,DESPISTE,1.0,11.0,SATURDAY,0,1
CUSCO,PE-28B,174.0,CHOQUE,14.0,11.0,SATURDAY,0,0
MADRE DE DIOS,PE-30C,290.0,CHOQUE,17.0,11.0,SATURDAY,0,0
LA LIBERTAD,PE-1N,529.0,CHOQUE,3.0,11.0,SATURDAY,0,0
CAJAMARCA,PE-3N,,DESPISTE,23.0,11.0,SATURDAY,1,0
SAN MARTIN,PE-5N,9.0,CHOQUE,18.0,11.0,SUNDAY,1,0
CUSCO,PE-28B,50.0,CHOQUE,19.0,11.0,SUNDAY,1,0
LAMBAYEQUE,PE-06A,67.0,DESPISTE,16.0,11.0,SUNDAY,0,0
LAMBAYEQUE,PE-06A,67.0,DESPISTE,5.0,11.0,SUNDAY,0,0
LAMBAYEQUE,PE-1NJ,76.0,DESPISTE,13.0,11.0,SUNDAY,0,0
CAJAMARCA,PE-3N,79.0,CHOQUE,14.0,11.0,SUNDAY,0,0
CAJAMARCA,PE-06A,85.0,DESPISTE,8.0,11.0,SUNDAY,0,0
LIMA,PE-22,89.0,CHOQUE,20.0,11.0,SUNDAY,1,0
LORETO,PE-5N,108.0,DESPISTE,14.0,11.0,SUNDAY,0,0
LIMA,PE-1S,133.0,CHOQUE,21.0,11.0,SUNDAY,1,1
LIMA,PE-1N,263.0,DESPISTE,22.0,11.0,SUNDAY,1,0
UCAYALI,PE-5N,375.0,CHOQUE,12.0,11.0,SUNDAY,0,1
SAN MARTIN,PE-04A,590.0,DESPISTE,14.0,11.0,SUNDAY,0,0
APURIMAC,PE-3S,651.0,CHOQUE,2.0,11.0,SUNDAY,0,0
PUNO,PE-3S,1475.0,ATROPELLO,23.0,11.0,SUNDAY,1,0
APURIMAC,PE-3S,,CHOQUE,16.0,11.0,SUNDAY,0,0
PIURA,PE-1N,1.0,DESPISTE,23.0,11.0,MONDAY,1,0
HUANUCO,PE-18A,11.0,CHOQUE,20.0,11.0,MONDAY,1,0
CAJAMARCA,PE-06B,14.0,ATROPELLO,14.0,11.0,MONDAY,0,0
PUNO,PE-34B,47.0,CHOQUE,21.0,11.0,MONDAY,1,0
LIMA,PE-22,50.0,DESPISTE,17.0,11.0,MONDAY,0,0
CAJAMARCA,PE-08,52.0,DESPISTE,23.0,11.0,MONDAY,1,0
JUNIN,PE-3N,58.0,DESPISTE,17.0,11.0,MONDAY,0,0
LAMBAYEQUE,PE-1N,90.0,DESPISTE,21.0,11.0,MONDAY,1,0
LIMA,PE-22,109.0,DESPISTE,0.0,11.0,MONDAY,0,0
LIMA,PE-1S,113.0,DESPISTE,6.0,11.0,MONDAY,0,0
ANCASH,PE-3N,152.0,DESPISTE,10.0,11.0,MONDAY,0,0
MADRE DE DIOS,PE-30C,286.0,VOLCADURA,5.0,11.0,MONDAY,0,0
ANCASH,PE-1N,445.0,DESPISTE,16.0,11.0,MONDAY,0,1
HUANUCO,PE-5N,644.0,DESPISTE,9.0,11.0,MONDAY,0,0
PUNO,PE-3S,1212.0,CHOQUE,0.0,11.0,MONDAY,0,0
LIMA,PE-1S,1497.0,DESPISTE,21.0,11.0,MONDAY,1,0
PIURA,PE-1N,23.0,DESPISTE,18.0,11.0,TUESDAY,1,0
PIURA,PE-1N,24.0,CHOQUE,7.0,11.0,TUESDAY,0,1
MOQUEGUA,PE-36A,95.0,DESPISTE,9.0,11.0,TUESDAY,0,0
JUNIN,PE-3S,105.0,CHOQUE,15.0,11.0,TUESDAY,0,0
LAMBAYEQUE,PE-1NJ,122.0,CHOQUE,5.0,11.0,TUESDAY,0,0
MADRE DE DIOS,PE-30C,283.0,DESPISTE,9.0,11.0,TUESDAY,0,0
AYACUCHO,PE-3S,340.0,CHOQUE,11.0,11.0,TUESDAY,0,0
ICA,PE-1S,386.0,CHOQUE,9.0,11.0,TUESDAY,0,0
AREQUIPA,PE-1S,633.0,DESPISTE,8.0,11.0,TUESDAY,0,0
LA LIBERTAD,PE-1N,703.0,CHOQUE,17.0,11.0,TUESDAY,0,0
CUSCO,PE-3S,1037.0,CHOQUE,6.0,11.0,TUESDAY,0,1
HUANUCO,PE-18A,,CHOQUE,9.0,11.0,TUESDAY,0,0
CAJAMARCA,PE-06B,6.0,DESPISTE,17.0,11.0,WEDNESDAY,0,0
AREQUIPA,PE-1SE,13.0,DESPISTE,5.0,11.0,WEDNESDAY,0,0
SAN MARTIN,PE-5NB,25.0,DESPISTE,6.0,11.0,WEDNESDAY,0,0
LIMA,PE-22,57.0,DESPISTE,13.0,11.0,WEDNESDAY,0,0
ANCASH,PE-3N,95.0,CHOQUE,3.0,11.0,WEDNESDAY,0,0
MADRE DE DIOS,PE-30C,324.0,CHOQUE,21.0,11.0,WEDNESDAY,1,0
AMAZONAS,PE-08B,337.0,CHOQUE,17.0,11.0,WEDNESDAY,0,0
SAN MARTIN,PE-5N,501.0,CHOQUE,12.0,11.0,WEDNESDAY,0,0
PIURA,PE-1N,986.0,CHOQUE,8.0,11.0,WEDNESDAY,0,0
PIURA,PE-1N,1153.0,DESPISTE,22.0,11.0,WEDNESDAY,1,0
PUNO,PE-3S,1305.0,ATROPELLO,4.0,11.0,WEDNESDAY,0,1
CUSCO,PE-30,4.0,DESPISTE,19.0,11.0,THURSDAY,1,0
PUNO,PE-34H,18.0,CHOQUE,21.0,11.0,THURSDAY,1,0
SAN MARTIN,PE-5NB,18.0,CHOQUE,13.0,11.0,THURSDAY,0,0
LIMA,PE-1S,24.0,DESPISTE,22.0,11.0,THURSDAY,1,0
JUNIN,PE-3N,63.0,CHOQUE,9.0,11.0,THURSDAY,0,0
AREQUIPA,PE-34A,66.0,CHOQUE,17.0,11.0,THURSDAY,0,0
HUANUCO,PE-18A,81.0,CHOQUE,16.0,11.0,THURSDAY,0,0
LIMA,PE-1S,94.0,DESPISTE,20.0,11.0,THURSDAY,1,0
AREQUIPA,PE-34A,181.0,DESPISTE,18.0,11.0,THURSDAY,1,0
MADRE DE DIOS,PE-30C,264.0,CHOQUE,16.0,11.0,THURSDAY,0,0
HUANUCO,PE-3N,274.0,ESPECIAL,9.0,11.0,THURSDAY,0,0
MADRE DE DIOS,PE-30C,326.0,ATROPELLO,7.0,11.0,THURSDAY,0,1
SAN MARTIN,PE-04A,471.0,CHOQUE,12.0,11.0,THURSDAY,0,0
HUANUCO,PE-5N,522.0,ATROPELLO,19.0,11.0,THURSDAY,1,1
CUSCO,PE-3S,1133.0,DESPISTE,13.0,11.0,THURSDAY,0,0
LA LIBERTAD,PE-08,9.0,DESPISTE,17.0,11.0,FRIDAY,0,0
CAJAMARCA,PE-08A,22.0,DESPISTE,14.0,11.0,FRIDAY,0,0
PUNO,PE-34I,27.0,ATROPELLO,12.0,11.0,FRIDAY,0,0
TACNA,PE-36A,43.0,DESPISTE,17.0,11.0,FRIDAY,0,0
CAJAMARCA,PE-06B,58.0,DESPISTE,15.0,11.0,FRIDAY,0,0
JUNIN,PE-3S,76.0,CHOQUE,17.0,11.0,FRIDAY,0,0
LIMA,PE-1S,79.0,CHOQUE,17.0,11.0,FRIDAY,0,0
AREQUIPA,PE-34A,84.0,CHOQUE,11.0,11.0,FRIDAY,0,0
AMAZONAS,PE-04A,197.0,DESPISTE,2.0,11.0,FRIDAY,0,0
PUNO,PE-34A,222.0,DESPISTE,8.0,11.0,FRIDAY,0,0
ANCASH,PE-3N,516.0,DESPISTE,19.0,11.0,FRIDAY,1,0
LA LIBERTAD,PE-1N,553.0,DESPISTE,5.0,11.0,FRIDAY,0,0
LAMBAYEQUE,PE-1N,776.0,ATROPELLO,0.0,11.0,FRIDAY,0,1
AREQUIPA,PE-1S,1058.0,DESPISTE,4.0,11.0,FRIDAY,0,0
PUNO,PE-34H,28.0,CHOQUE,13.0,11.0,SATURDAY,0,1
LORETO,LO-103,42.0,ATROPELLO,12.0,11.0,SATURDAY,0,0
LIMA,PE-22,58.0,CHOQUE,17.0,11.0,SATURDAY,0,0
ANCASH,AN-117,73.0,CHOQUE,17.0,11.0,SATURDAY,0,1
JUNIN,PE-3S,108.0,CHOQUE,19.0,11.0,SATURDAY,1,0
CAJAMARCA,PE-06B,110.0,ATROPELLO,20.0,11.0,SATURDAY,1,0
PASCO,PE-3N,124.0,CHOQUE,14.0,11.0,SATURDAY,0,0
JUNIN,PE-22,144.0,CHOQUE,7.0,11.0,SATURDAY,0,0
AYACUCHO,PE-3S,239.0,DESPISTE,9.0,11.0,SATURDAY,0,0
ANCASH,PE-1N,251.0,VOLCADURA,18.0,11.0,SATURDAY,1,0
ANCASH,PE-1N,344.0,CHOQUE,6.0,11.0,SATURDAY,0,0
ICA,PE-1S,377.0,CHOQUE,4.0,11.0,SATURDAY,0,0
AYACUCHO,PE-3S,409.0,DESPISTE,1.0,11.0,SATURDAY,0,0
LA LIBERTAD,PE-1N,555.0,DESPISTE,8.0,11.0,SATURDAY,0,0
LA LIBERTAD,PE-1N,725.0,CHOQUE,3.0,11.0,SATURDAY,0,0
AREQUIPA,PE-1S,882.0,DESPISTE,4.0,11.0,SATURDAY,0,0
AREQUIPA,AR-115,977.0,CHOQUE,12.0,11.0,SATURDAY,0,0
CUSCO,PE-3S,1086.0,DESPISTE,5.0,11.0,SATURDAY,0,0
PUNO,PE-3S,1308.0,CHOQUE,21.0,11.0,SATURDAY,1,0
HUANUCO,PE-18A,11.0,DESPISTE,16.0,11.0,SUNDAY,0,0
LIMA,PE-1NE,15.0,CHOQUE,9.0,11.0,SUNDAY,0,0
ANCASH,AN-110,72.0,CHOQUE,19.0,11.0,SUNDAY,1,0
PIURA,PE-1N,85.0,DESPISTE,19.0,11.0,SUNDAY,1,0
JUNIN,PE-22B,102.0,CHOQUE,8.0,11.0,SUNDAY,0,0
LIMA,PE-22,119.0,DESPISTE,22.0,11.0,SUNDAY,1,0
UCAYALI,PE-18C,143.0,DESPISTE,9.0,11.0,SUNDAY,0,0
HUANUCO,PE-3N,160.0,DESPISTE,18.0,11.0,SUNDAY,1,0
LIMA,PE-1N,190.0,CHOQUE,21.0,11.0,SUNDAY,1,0
LIMA,PE-1N,235.0,DESPISTE,16.0,11.0,SUNDAY,0,0
AMAZONAS,PE-08B,410.0,VOLCADURA,5.0,11.0,SUNDAY,0,0
HUANUCO,PE-5N,485.0,CHOQUE,5.0,11.0,SUNDAY,0,1
LIMA,PE-24,7.0,CHOQUE,19.0,11.0,MONDAY,1,1
LIMA,PE-1S,36.0,ATROPELLO,11.0,11.0,MONDAY,0,0
UCAYALI,PE-18C,38.0,CHOQUE,11.0,11.0,MONDAY,0,0
JUNIN,PE-3N,44.0,DESPISTE,17.0,11.0,MONDAY,0,0
CAJAMARCA,PE-08B,130.0,DESPISTE,8.0,11.0,MONDAY,0,0
CAJAMARCA,PE-06A,172.0,CHOQUE,8.0,11.0,MONDAY,0,0
UCAYALI,PE-5N,217.0,CHOQUE,19.0,11.0,MONDAY,1,0
ANCASH,PE-1N,278.0,DESPISTE,16.0,11.0,MONDAY,0,0
ICA,PE-1S,282.0,DESPISTE,23.0,11.0,MONDAY,1,0
APURIMAC,PE-30A,312.0,CHOQUE,4.0,11.0,MONDAY,0,0
MADRE DE DIOS,PE-30C,334.0,ATROPELLO,1.0,11.0,MONDAY,0,1
ANCASH,PE-1N,384.0,DESPISTE,16.0,11.0,MONDAY,0,0
LA LIBERTAD,PE-1N,527.0,CHOQUE,6.0,11.0,MONDAY,0,0
SAN MARTIN,PE-04A,662.0,CHOQUE,6.0,11.0,MONDAY,0,0
AREQUIPA,PE-1S,748.0,DESPISTE,0.0,11.0,MONDAY,0,0
SAN MARTIN,PE-04A,951.0,DESPISTE,23.0,11.0,MONDAY,1,0
AREQUIPA,PE-1S,993.0,ATROPELLO,21.0,11.0,MONDAY,1,1
CUSCO,PE-3S,1007.0,ATROPELLO,20.0,11.0,MONDAY,1,1
JUNIN,PE-3S,,ATROPELLO,5.0,11.0,MONDAY,0,1
MOQUEGUA,PE-36A,5.0,DESPISTE,1.0,11.0,TUESDAY,0,1
UCAYALI,PE-5S,18.0,CHOQUE,6.0,11.0,TUESDAY,0,1
LIMA,PE-3N,31.0,DESPISTE,17.0,11.0,TUESDAY,0,0
LIMA,PE-1N,83.0,ATROPELLO,22.0,11.0,TUESDAY,1,0
AYACUCHO,PE-3N,141.0,CHOQUE,15.0,11.0,TUESDAY,0,0
PIURA,PE-1NJ,176.0,CHOQUE,17.0,11.0,TUESDAY,0,0
MOQUEGUA,PE-1SD,206.0,DESPISTE,2.0,11.0,TUESDAY,0,0
AYACUCHO,PE-28A,253.0,DESPISTE,2.0,11.0,TUESDAY,0,0
AREQUIPA,PE-1S,825.0,CHOQUE,20.0,11.0,TUESDAY,1,1
CUSCO,PE-3S,1047.0,CHOQUE,10.0,11.0,TUESDAY,0,0
CAJAMARCA,PE-3N,1157.0,CHOQUE,17.0,11.0,TUESDAY,0,1
JUNIN,PE-3N,77.0,DESPISTE,16.0,11.0,WEDNESDAY,0,0
LIMA,PE-22,82.0,CHOQUE,21.0,11.0,WEDNESDAY,1,0
CUSCO,PE-28B,156.0,DESPISTE,11.0,11.0,WEDNESDAY,0,0
ANCASH,PE-1N,253.0,CHOQUE,22.0,11.0,WEDNESDAY,1,1
ANCASH,PE-1N,264.0,DESPISTE,10.0,11.0,WEDNESDAY,0,0
AYACUCHO,PE-28A,305.0,DESPISTE,15.0,11.0,WEDNESDAY,0,0
ANCASH,PE-1N,408.0,VOLCADURA,7.0,11.0,WEDNESDAY,0,0
LAMBAYEQUE,PE-1N,855.0,DESPISTE,6.0,11.0,WEDNESDAY,0,0
LAMBAYEQUE,PE-1N,855.0,DESPISTE,12.0,11.0,WEDNESDAY,0,0
PUNO,PE-3S,1232.0,CHOQUE,7.0,11.0,WEDNESDAY,0,1
PUNO,PE-1S,1440.0,CHOQUE,22.0,11.0,WEDNESDAY,1,0
AREQUIPA,AR-115,4.0,DESPISTE,12.0,11.0,THURSDAY,0,0
JUNIN,PE-22B,12.0,DESPISTE,8.0,11.0,THURSDAY,0,0
AREQUIPA,AR-115,27.0,ATROPELLO,8.0,11.0,THURSDAY,0,1
JUNIN,PE-3N,43.0,DESPISTE,5.0,11.0,THURSDAY,0,0
LIMA,PE-1S,71.0,DESPISTE,2.0,11.0,THURSDAY,0,0
JUNIN,PE-3S,101.0,CHOQUE,13.0,11.0,THURSDAY,0,0
LIMA,PE-22,108.0,DESPISTE,2.0,11.0,THURSDAY,0,0
CAJAMARCA,PE-3N,110.0,VOLCADURA,12.0,11.0,THURSDAY,0,0
LIMA,PE-22,127.0,CHOQUE,10.0,11.0,THURSDAY,0,0
CAJAMARCA,PE-08,138.0,VOLCADURA,19.0,11.0,THURSDAY,1,1
CAJAMARCA,PE-08,150.0,DESPISTE,17.0,11.0,THURSDAY,0,0
PUNO,PE-36A,184.0,DESPISTE,10.0,11.0,THURSDAY,0,0
ICA,PE-1S,245.0,DESPISTE,5.0,11.0,THURSDAY,0,0
CUSCO,PE-28B,338.0,DESPISTE,23.0,11.0,THURSDAY,1,0
ANCASH,PE-1N,376.0,CHOQUE,6.0,11.0,THURSDAY,0,0
HUANUCO,PE-5N,458.0,CHOQUE,15.0,11.0,THURSDAY,0,0
LA LIBERTAD,PE-1N,462.0,DESPISTE,8.0,11.0,THURSDAY,0,0
SAN MARTIN,PE-04A,652.0,DESPISTE,9.0,11.0,THURSDAY,0,0
SAN MARTIN,PE-04A,725.0,CHOQUE,14.0,11.0,THURSDAY,0,1
TACNA,PE-1S,1143.0,DESPISTE,17.0,11.0,THURSDAY,0,0
PIURA,PE-1N,9.0,DESPISTE,8.0,11.0,FRIDAY,0,0
AREQUIPA,AR-115,12.0,DESPISTE,5.0,11.0,FRIDAY,0,0
UCAYALI,PE-18C,28.0,DESPISTE,23.0,11.0,FRIDAY,1,0
LAMBAYEQUE,PE-1N,39.0,CHOQUE,16.0,11.0,FRIDAY,0,0
MOQUEGUA,PE-36A,41.0,VOLCADURA,12.0,11.0,FRIDAY,0,0
LA LIBERTAD,PE-10B,80.0,DESPISTE,18.0,11.0,FRIDAY,1,1
LIMA,PE-22,98.0,DESPISTE,16.0,11.0,FRIDAY,0,0
CUSCO,PE-28B,98.0,DESPISTE,17.0,11.0,FRIDAY,0,0
PIURA,PE-1NJ,194.0,DESPISTE,18.0,11.0,FRIDAY,1,0
SAN MARTIN,PE-04A,445.0,DESPISTE,16.0,11.0,FRIDAY,0,0
ANCASH,PE-3N,578.0,ATROPELLO,4.0,11.0,FRIDAY,0,0
LA LIBERTAD,PE-1N,706.0,CHOQUE,6.0,11.0,FRIDAY,0,0
LAMBAYEQUE,PE-1N,812.0,CHOQUE,1.0,11.0,FRIDAY,0,1
AREQUIPA,PE-1S,949.0,DESPISTE,19.0,11.0,FRIDAY,1,0
PIURA,PE-1N,,CHOQUE,16.0,11.0,FRIDAY,0,0
PASCO,PA-104,,DESPISTE,16.0,11.0,FRIDAY,0,1
MOQUEGUA,PE-36A,16.0,DESPISTE,6.0,11.0,SATURDAY,0,0
JUNIN,PE-3S,62.0,DESPISTE,7.0,11.0,SATURDAY,0,0
CUSCO,PE-28B,177.0,DESPISTE,18.0,11.0,SATURDAY,1,0
PUNO,PE-34B,205.0,DESPISTE,8.0,11.0,SATURDAY,0,0
CAJAMARCA,PE-04A,234.0,CHOQUE,19.0,11.0,SATURDAY,1,0
SAN MARTIN,PE-04A,486.0,CHOQUE,19.0,11.0,SATURDAY,1,0
LA LIBERTAD,PE-1N,668.0,DESPISTE,13.0,11.0,SATURDAY,0,0
PIURA,PE-1N,943.0,CHOQUE,22.0,11.0,SATURDAY,1,0
ANCASH,PE-3N,,CHOQUE,19.0,11.0,SATURDAY,1,0
PUNO,PE-34K,3.0,DESPISTE,4.0,11.0,SUNDAY,0,0
CAJAMARCA,PE-5N,7.0,ATROPELLO,20.0,11.0,SUNDAY,1,0
JUNIN,PE-3N,11.0,DESPISTE,15.0,11.0,SUNDAY,0,0
JUNIN,PE-3SA,13.0,DESPISTE,5.0,11.0,SUNDAY,0,0
JUNIN,PE-3S,30.0,CHOQUE,5.0,11.0,SUNDAY,0,0
CAJAMARCA,PE-06A,40.0,CHOQUE,19.0,11.0,SUNDAY,1,0
LIMA,PE-1N,44.0,CHOQUE,19.0,11.0,SUNDAY,1,0
LIMA,PE-1N,55.0,DESPISTE,22.0,11.0,SUNDAY,1,0
LIMA,PE-1S,77.0,CHOQUE,7.0,11.0,SUNDAY,0,0
LIMA,PE-1N,81.0,VOLCADURA,10.0,11.0,SUNDAY,0,0
LIMA,PE-1N,103.0,DESPISTE,6.0,11.0,SUNDAY,0,0
LIMA,PE-22,128.0,CHOQUE,14.0,11.0,SUNDAY,0,0
ICA,PE-1S,189.0,DESPISTE,2.0,11.0,SUNDAY,0,0
PUNO,PE-30A,273.0,DESPISTE,8.0,11.0,SUNDAY,0,0
PUNO,PE-30A,346.0,CHOQUE,18.0,11.0,SUNDAY,1,0
AREQUIPA,PE-1S,853.0,CHOQUE,10.0,11.0,SUNDAY,0,0
PUNO,PE-3S,1029.0,CHOQUE,6.0,11.0,SUNDAY,0,0
UCAYALI,PE-18C,17.0,CHOQUE,7.0,11.0,MONDAY,0,0
CUSCO,PE-3S,22.0,DESPISTE,6.0,11.0,MONDAY,0,1
LIMA,PE-20,24.0,CHOQUE,16.0,11.0,MONDAY,0,0
JUNIN,PE-3SA,36.0,DESPISTE,11.0,11.0,MONDAY,0,0
AREQUIPA,PE-22,47.0,CHOQUE,11.0,11.0,MONDAY,0,0
LIMA,PE-1S,69.0,CHOQUE,10.0,11.0,MONDAY,0,0
CAJAMARCA,PE-3N,75.0,CHOQUE,16.0,11.0,MONDAY,0,0
AYACUCHO,PE-28B,88.0,DESPISTE,15.0,11.0,MONDAY,0,0
ANCASH,PE-3N,122.0,DESPISTE,15.0,11.0,MONDAY,0,0
AREQUIPA,PE-34A,139.0,DESPISTE,3.0,11.0,MONDAY,0,0
SAN MARTIN,PE-18C,165.0,CHOQUE,15.0,11.0,MONDAY,0,0
PUNO,PE-34A,208.0,DESPISTE,23.0,11.0,MONDAY,1,1
LIMA,PE-1N,218.0,CHOQUE,23.0,11.0,MONDAY,1,0
PUNO,PE-30A,321.0,DESPISTE,15.0,11.0,MONDAY,0,0
ICA,PE-1S,346.0,CHOQUE,22.0,11.0,MONDAY,1,0
LIMA,PE-22,833.0,DESPISTE,13.0,11.0,MONDAY,0,0
PUNO,PE-1S,948.0,DESPISTE,13.0,11.0,MONDAY,0,0
CUSCO,PE-3S,1063.0,VOLCADURA,5.0,11.0,MONDAY,0,0
CUSCO,PE-34F,8.0,DESPISTE,17.0,11.0,TUESDAY,0,0
LIMA,PE-18,54.0,CHOQUE,18.0,11.0,TUESDAY,1,0
LIMA,PE-1S,84.0,CHOQUE,7.0,11.0,TUESDAY,0,0
LIMA,PE-1N,144.0,DESPISTE,5.0,11.0,TUESDAY,0,0
HUANUCO,PE-14A,192.0,DESPISTE,6.0,11.0,TUESDAY,0,1
PUNO,PE-34H,258.0,DESPISTE,6.0,11.0,TUESDAY,0,1
ANCASH,PE-1N,258.0,CHOQUE,4.0,11.0,TUESDAY,0,0
MADRE DE DIOS,PE-30C,410.0,CHOQUE,20.0,11.0,TUESDAY,1,0
ANCASH,PE-3N,584.0,DESPISTE,14.0,11.0,TUESDAY,0,0
AREQUIPA,PE-1S,948.0,DESPISTE,13.0,11.0,TUESDAY,0,0
PIURA,PE-1N,15.0,N.I.,8.0,11.0,WEDNESDAY,0,0
PIURA,PE-1N,15.0,DESPISTE,7.0,11.0,WEDNESDAY,0,0
LIMA,PE-1S,31.0,DESPISTE,22.0,11.0,WEDNESDAY,1,0
JUNIN,PE-3N,37.0,DESPISTE,7.0,11.0,WEDNESDAY,0,0
PIURA,PE-1N,47.0,DESPISTE,11.0,11.0,WEDNESDAY,0,0
AYACUCHO,PE-28B,121.0,DESPISTE,22.0,11.0,WEDNESDAY,1,0
LIMA,PE-1N,175.0,CHOQUE,23.0,11.0,WEDNESDAY,1,0
PUNO,PE-3S,195.0,VOLCADURA,14.0,11.0,WEDNESDAY,0,0
ICA,PE-1S,209.0,CHOQUE,8.0,11.0,WEDNESDAY,0,0
PUNO,PE-34A,254.0,CHOQUE,7.0,11.0,WEDNESDAY,0,0
PUNO,PE-34A,267.0,CHOQUE,18.0,11.0,WEDNESDAY,1,0
ANCASH,PE-1N,280.0,DESPISTE,7.0,11.0,WEDNESDAY,0,0
AYACUCHO,PE-28A,313.0,DESPISTE,5.0,11.0,WEDNESDAY,0,0
LA LIBERTAD,PE-1N,486.0,DESPISTE,11.0,11.0,WEDNESDAY,0,0
SAN MARTIN,PE-5N,570.0,CHOQUE,7.0,11.0,WEDNESDAY,0,1
AREQUIPA,PE-1S,609.0,DESPISTE,8.0,11.0,WEDNESDAY,0,0
LAMBAYEQUE,PE-1N,758.0,DESPISTE,8.0,11.0,WEDNESDAY,0,0
PUNO,PE-3S,1385.0,DESPISTE,3.0,11.0,WEDNESDAY,0,0
LIMA,PE-1N,,CHOQUE,13.0,11.0,WEDNESDAY,0,0
JUNIN,PE-22,16.0,DESPISTE,15.0,11.0,THURSDAY,0,0
TACNA,PE-1SD,20.0,CHOQUE,7.0,11.0,THURSDAY,0,0
LIMA,PE-1S,47.0,CHOQUE,4.0,11.0,THURSDAY,0,0
ANCASH,AN-107,62.0,DESPISTE,22.0,11.0,THURSDAY,1,1
LIMA,PE-1S,73.0,ATROPELLO,19.0,11.0,THURSDAY,1,1
JUNIN,PE-22,78.0,DESPISTE,4.0,11.0,THURSDAY,0,0
CAJAMARCA,PE-06B,140.0,CHOQUE,18.0,11.0,THURSDAY,1,0
LIMA,PE-1N,148.0,DESPISTE,15.0,11.0,THURSDAY,0,0
ICA,PE-1S,183.0,CHOQUE,14.0,11.0,THURSDAY,0,0
ICA,PE-1S,194.0,CHOQUE,13.0,11.0,THURSDAY,0,0
MADRE DE DIOS,PE-30C,279.0,DESPISTE,15.0,11.0,THURSDAY,0,0
AREQUIPA,PE-1S,1058.0,DESPISTE,4.0,11.0,THURSDAY,0,0
AMAZONAS,PE-5N,5.0,CHOQUE,5.0,11.0,FRIDAY,0,0
ANCASH,AN-110,7.0,DESPISTE,18.0,11.0,FRIDAY,1,0
PUNO,PE-34H,24.0,DESPISTE,21.0,11.0,FRIDAY,1,0
LIMA,PE-22,71.0,CHOQUE,15.0,11.0,FRIDAY,0,0
HUANUCO,PE-18A,91.0,DESPISTE,16.0,11.0,FRIDAY,0,0
JUNIN,PE-3N,98.0,DESPISTE,23.0,11.0,FRIDAY,1,0
LIMA,PE-1N,148.0,DESPISTE,13.0,11.0,FRIDAY,0,0
ICA,PE-1S,183.0,CHOQUE,4.0,11.0,FRIDAY,0,0
CUSCO,PE-28B,204.0,CHOQUE,14.0,11.0,FRIDAY,0,0
HUANUCO,PE-5N,452.0,DESPISTE,21.0,11.0,FRIDAY,1,0
LA LIBERTAD,PE-1N,502.0,CHOQUE,7.0,11.0,FRIDAY,0,0
AREQUIPA,PE-1S,637.0,DESPISTE,7.0,11.0,FRIDAY,0,0
AREQUIPA,PE-1S,672.0,CHOQUE,10.0,11.0,FRIDAY,0,0
AREQUIPA,PE-1S,925.0,CHOQUE,16.0,11.0,FRIDAY,0,0
CUSCO,PE-3S,948.0,VOLCADURA,20.0,11.0,FRIDAY,1,0
PUNO,PE-3S,1384.0,CHOQUE,18.0,11.0,FRIDAY,1,0
LIMA,PE-22,3.0,CHOQUE,4.0,11.0,SATURDAY,0,0
LIMA,LM-875,12.0,CHOQUE,10.0,11.0,SATURDAY,0,1
HUANUCO,PE-18A,106.0,CHOQUE,14.0,11.0,SATURDAY,0,0
MADRE DE DIOS,PE-30C,259.0,CHOQUE,17.0,11.0,SATURDAY,0,0
MADRE DE DIOS,PE-30C,328.0,CHOQUE,10.0,11.0,SATURDAY,0,0
ICA,PE-1S,484.0,DESPISTE,16.0,11.0,SATURDAY,0,1
PIURA,PE-1N,1019.0,DESPISTE,9.0,11.0,SATURDAY,0,1
JUNIN,PE-3S,8.0,DESPISTE,16.0,11.0,SUNDAY,0,0
PIURA,PE-02A,14.0,ATROPELLO,23.0,11.0,SUNDAY,1,1
ICA,PE-30A,60.0,DESPISTE,13.0,11.0,SUNDAY,0,0
LIMA,PE-22,76.0,DESPISTE,16.0,11.0,SUNDAY,0,0
ANCASH,PE-3N,160.0,DESPISTE,16.0,11.0,SUNDAY,0,0
ANCASH,PE-1N,308.0,CHOQUE,10.0,11.0,SUNDAY,0,0
ICA,PE-1S,423.0,DESPISTE,21.0,11.0,SUNDAY,1,0
ICA,PE-1S,441.0,CHOQUE,16.0,11.0,SUNDAY,0,0
AREQUIPA,PE-1S,603.0,DESPISTE,7.0,11.0,SUNDAY,0,1
APURIMAC,PE-3S,715.0,DESPISTE,0.0,11.0,SUNDAY,0,0
AREQUIPA,PE-1S,924.0,DESPISTE,5.0,11.0,SUNDAY,0,0
MOQUEGUA,PE-1S,1334.0,CHOQUE,15.0,11.0,SUNDAY,0,1
PUNO,PE-1S,1390.0,CHOQUE,11.0,11.0,SUNDAY,0,1
LIMA,PE-1NA,11.0,ATROPELLO,13.0,11.0,MONDAY,0,0
MOQUEGUA,PE-36A,25.0,DESPISTE,15.0,11.0,MONDAY,0,0
UCAYALI,PE-18C,27.0,DESPISTE,23.0,11.0,MONDAY,1,0
LIMA,PE-20A,39.0,DESPISTE,21.0,11.0,MONDAY,1,1
LA LIBERTAD,PE-1N,59.0,CHOQUE,7.0,11.0,MONDAY,0,0
AYACUCHO,PE-30A,73.0,DESPISTE,14.0,11.0,MONDAY,0,0
LIMA,PE-1S,73.0,CHOQUE,5.0,11.0,MONDAY,0,0
LIMA,PE-22,82.0,DESPISTE,9.0,11.0,MONDAY,0,0
LIMA,PE-22,87.0,CHOQUE,14.0,11.0,MONDAY,0,0
LIMA,PE-3N,92.0,DESPISTE,16.0,11.0,MONDAY,0,0
AMAZONAS,PE-04A,235.0,DESPISTE,13.0,11.0,MONDAY,0,0
ANCASH,PE-1N,436.0,CHOQUE,1.0,11.0,MONDAY,0,1
HUANUCO,PE-5N,460.0,CHOQUE,15.0,11.0,MONDAY,0,0
AREQUIPA,PE-1S,582.0,DESPISTE,4.0,11.0,MONDAY,0,0
CUSCO,PE-3S,900.0,CHOQUE,14.0,11.0,MONDAY,0,0
CUSCO,PE-3S,925.0,CHOQUE,20.0,11.0,MONDAY,1,0
CAJAMARCA,PE-06B,16.0,CHOQUE,6.0,12.0,TUESDAY,0,0
LIMA,PE-22,110.0,CHOQUE,14.0,12.0,TUESDAY,0,0
CAJAMARCA,PE-08,111.0,CHOQUE,7.0,12.0,TUESDAY,0,0
ANCASH,PE-14,124.0,CHOQUE,20.0,12.0,TUESDAY,1,0
PUNO,PE-34A,224.0,DESPISTE,3.0,12.0,TUESDAY,0,0
LA LIBERTAD,PE-1N,479.0,DESPISTE,5.0,12.0,TUESDAY,0,0
SAN MARTIN,PE-5N,497.0,CHOQUE,16.0,12.0,TUESDAY,0,0
AREQUIPA,PE-1S,609.0,DESPISTE,8.0,12.0,TUESDAY,0,0
AREQUIPA,PE-1S,787.0,DESPISTE,21.0,12.0,TUESDAY,1,0
PUNO,PE-3S,1199.0,ESPECIAL,23.0,12.0,TUESDAY,1,0
LORETO,LO-103,2.0,CHOQUE,22.0,12.0,WEDNESDAY,1,0
ICA,PE-30A,4.0,DESPISTE,20.0,12.0,WEDNESDAY,1,0
AMAZONAS,PE-08B,35.0,CHOQUE,10.0,12.0,WEDNESDAY,0,0
LAMBAYEQUE,PE-1N,45.0,ATROPELLO,20.0,12.0,WEDNESDAY,1,1
LIMA,PE-1S,46.0,CHOQUE,21.0,12.0,WEDNESDAY,1,0
LIMA,PE-22,53.0,DESPISTE,13.0,12.0,WEDNESDAY,0,0
AREQUIPA,PE-34A,53.0,CHOQUE,8.0,12.0,WEDNESDAY,0,0
LIMA,PE-22,82.0,CHOQUE,17.0,12.0,WEDNESDAY,0,0
CUSCO,PE-28B,103.0,DESPISTE,19.0,12.0,WEDNESDAY,1,1
AREQUIPA,PE-34A,112.0,CHOQUE,14.0,12.0,WEDNESDAY,0,0
AREQUIPA,PE-34A,116.0,DESPISTE,2.0,12.0,WEDNESDAY,0,0
PUNO,PE-34B,150.0,CHOQUE,17.0,12.0,WEDNESDAY,0,0
PUNO,PE-34H,295.0,DESPISTE,2.0,12.0,WEDNESDAY,0,0
ANCASH,PE-3N,590.0,CHOQUE,16.0,12.0,WEDNESDAY,0,0
AREQUIPA,PE-1S,760.0,CHOQUE,19.0,12.0,WEDNESDAY,1,0
PUNO,PE-3S,1201.0,DESPISTE,8.0,12.0,WEDNESDAY,0,0
PUNO,PE-3S,1476.0,DESPISTE,18.0,12.0,WEDNESDAY,1,0
LORETO,LO-103,9.0,CHOQUE,19.0,12.0,THURSDAY,1,0
JUNIN,PE-3N,16.0,DESPISTE,6.0,12.0,THURSDAY,0,0
PUNO,PE-34B,57.0,DESPISTE,13.0,12.0,THURSDAY,0,0
LIMA,PE-22,81.0,CHOQUE,10.0,12.0,THURSDAY,0,0
LIMA,PE-22,91.0,DESPISTE,4.0,12.0,THURSDAY,0,0
LAMBAYEQUE,PE-1N,94.0,CHOQUE,17.0,12.0,THURSDAY,0,0
PUNO,PE-34B,101.0,CHOQUE,22.0,12.0,THURSDAY,1,0
AREQUIPA,PE-34A,161.0,DESPISTE,13.0,12.0,THURSDAY,0,0
CUSCO,PE-28B,177.0,DESPISTE,9.0,12.0,THURSDAY,0,0
AYACUCHO,PE-3S,238.0,DESPISTE,21.0,12.0,THURSDAY,1,0
PUNO,PE-34A,272.0,CHOQUE,5.0,12.0,THURSDAY,0,0
AYACUCHO,PE-3S,275.0,DESPISTE,11.0,12.0,THURSDAY,0,1
CUSCO,PE-3S,1104.0,CHOQUE,4.0,12.0,THURSDAY,0,1
LIMA,PE-1N,10.0,ESPECIAL,11.0,12.0,FRIDAY,0,0
LIMA,PE-1S,26.0,CHOQUE,8.0,12.0,FRIDAY,0,0
LIMA,PE-22,42.0,CHOQUE,16.0,12.0,FRIDAY,0,0
TACNA,PE-1SD,111.0,DESPISTE,13.0,12.0,FRIDAY,0,0
AREQUIPA,PE-34A,134.0,DESPISTE,18.0,12.0,FRIDAY,1,0
AREQUIPA,PE-34A,152.0,DESPISTE,12.0,12.0,FRIDAY,0,0
AYACUCHO,PE-3S,309.0,DESPISTE,22.0,12.0,FRIDAY,1,0
ANCASH,PE-1N,339.0,DESPISTE,2.0,12.0,FRIDAY,0,0
ANCASH,PE-1N,386.0,CHOQUE,4.0,12.0,FRIDAY,0,0
HUANUCO,PE-5N,472.0,DESPISTE,16.0,12.0,FRIDAY,0,0
AREQUIPA,PE-1S,980.0,CHOQUE,1.0,12.0,FRIDAY,0,0
PIURA,PE-1N,1015.0,DESPISTE,15.0,12.0,FRIDAY,0,0
PIURA,PE-1N,1039.0,CHOQUE,18.0,12.0,FRIDAY,1,0
LORETO,LO-103,9.0,CHOQUE,19.0,12.0,SATURDAY,1,0
LIMA,PE-1S,21.0,CHOQUE,12.0,12.0,SATURDAY,0,0
LIMA,PE-1NE,28.0,ATROPELLO,6.0,12.0,SATURDAY,0,0
LIMA,PE-1S,29.0,CHOQUE,1.0,12.0,SATURDAY,0,1
LIMA,PE-20A,42.0,CHOQUE,19.0,12.0,SATURDAY,1,0
LIMA,PE-1N,55.0,DESPISTE,0.0,12.0,SATURDAY,0,0
JUNIN,PE-3S,55.0,DESPISTE,14.0,12.0,SATURDAY,0,0
LIMA,PE-1N,63.0,CHOQUE,16.0,12.0,SATURDAY,0,0
ANCASH,PE-3N,76.0,DESPISTE,17.0,12.0,SATURDAY,0,0
LIMA,PE-1N,77.0,CHOQUE,5.0,12.0,SATURDAY,0,0
LIMA,PE-1S,94.0,CHOQUE,3.0,12.0,SATURDAY,0,0
JUNIN,PE-3N,112.0,DESPISTE,8.0,12.0,SATURDAY,0,0
JUNIN,PE-3N,114.0,CHOQUE,8.0,12.0,SATURDAY,0,0
CAJAMARCA,PE-08B,126.0,CHOQUE,20.0,12.0,SATURDAY,1,0
LIMA,PE-1S,170.0,CHOQUE,4.0,12.0,SATURDAY,0,1
LIMA,PE-1N,199.0,DESPISTE,1.0,12.0,SATURDAY,0,0
ICA,PE-1S,269.0,CHOQUE,0.0,12.0,SATURDAY,0,1
PUNO,PE-34S,298.0,CHOQUE,15.0,12.0,SATURDAY,0,0
HUANUCO,PE-5N,594.0,CHOQUE,23.0,12.0,SATURDAY,1,0
AREQUIPA,PE-1S,728.0,DESPISTE,11.0,12.0,SATURDAY,0,0
AREQUIPA,PE-1S,871.0,DESPISTE,13.0,12.0,SATURDAY,0,0
PUNO,PE-3S,1306.0,ATROPELLO,7.0,12.0,SATURDAY,0,0
PIURA,PE-3N,5.0,CHOQUE,20.0,12.0,SUNDAY,1,0
LA LIBERTAD,PE-10A,22.0,CHOQUE,12.0,12.0,SUNDAY,0,0
CAJAMARCA,PE-06B,27.0,DESPISTE,16.0,12.0,SUNDAY,0,0
ANCASH,AN-107,49.0,DESPISTE,23.0,12.0,SUNDAY,1,0
LIMA,PE-22,51.0,DESPISTE,7.0,12.0,SUNDAY,0,0
JUNIN,PE-5S,53.0,CHOQUE,17.0,12.0,SUNDAY,0,0
LIMA,PE-1S,82.0,CHOQUE,0.0,12.0,SUNDAY,0,0
JUNIN,PE-22B,115.0,DESPISTE,13.0,12.0,SUNDAY,0,0
LIMA,PE-22,119.0,DESPISTE,2.0,12.0,SUNDAY,0,0
LIMA,PE-1N,147.0,CHOQUE,19.0,12.0,SUNDAY,1,0
UCAYALI,PE-18C,164.0,CHOQUE,22.0,12.0,SUNDAY,1,0
LIMA,PE-1N,189.0,ATROPELLO,5.0,12.0,SUNDAY,0,1
ICA,PE-1S,224.0,CHOQUE,21.0,12.0,SUNDAY,1,0
PUNO,PE-3S,237.0,DESPISTE,0.0,12.0,SUNDAY,0,0
CUSCO,PE-28B,253.0,DESPISTE,17.0,12.0,SUNDAY,0,0
ANCASH,PE-1N,336.0,DESPISTE,8.0,12.0,SUNDAY,0,0
ANCASH,PE-1N,441.0,CHOQUE,1.0,12.0,SUNDAY,0,1
ICA,PE-1S,482.0,CHOQUE,10.0,12.0,SUNDAY,0,1
HUANUCO,PE-5N,540.0,CHOQUE,15.0,12.0,SUNDAY,0,0
MOQUEGUA,PE-1S,1147.0,CHOQUE,19.0,12.0,SUNDAY,1,0
TACNA,PE-1S,1147.0,CHOQUE,19.0,12.0,SUNDAY,1,0
PUNO,PE-3S,1298.0,CHOQUE,12.0,12.0,SUNDAY,0,1
CAJAMARCA,PE-06B,5.0,DESPISTE,9.0,12.0,MONDAY,0,0
LIMA,PE-1N,6.0,CHOQUE,22.0,12.0,MONDAY,1,0
JUNIN,PE-3SA,24.0,DESPISTE,13.0,12.0,MONDAY,0,0
LIMA,PE-1N,41.0,CHOQUE,21.0,12.0,MONDAY,1,0
LIMA,PE-1N,54.0,CHOQUE,7.0,12.0,MONDAY,0,0
TACNA,PE-22B,57.0,DESPISTE,14.0,12.0,MONDAY,0,0
LIMA,PE-1N,70.0,CHOQUE,22.0,12.0,MONDAY,1,0
JUNIN,PE-3S,70.0,ATROPELLO,12.0,12.0,MONDAY,0,0
LIMA,PE-1N,107.0,DESPISTE,7.0,12.0,MONDAY,0,0
CUSCO,PE-28B,115.0,CHOQUE,14.0,12.0,MONDAY,0,0
JUNIN,PE-3S,128.0,VOLCADURA,5.0,12.0,MONDAY,0,0
JUNIN,PE-3N,152.0,DESPISTE,8.0,12.0,MONDAY,0,0
ICA,PE-1S,222.0,CHOQUE,7.0,12.0,MONDAY,0,0
ICA,PE-1S,223.0,DESPISTE,17.0,12.0,MONDAY,0,0
ICA,PE-1S,223.0,DESPISTE,7.0,12.0,MONDAY,0,0
ICA,PE-1S,223.0,DESPISTE,6.0,12.0,MONDAY,0,0
SAN MARTIN,PE-5N,654.0,ESPECIAL,6.0,12.0,MONDAY,0,0
AREQUIPA,PE-1S,902.0,CHOQUE,9.0,12.0,MONDAY,0,0
CUSCO,PE-3S,908.0,CHOQUE,11.0,12.0,MONDAY,0,0
CUSCO,PE-3S,,ATROPELLO,12.0,12.0,MONDAY,0,0
CUSCO,PE-34G,9.0,CHOQUE,16.0,12.0,TUESDAY,0,0
LIMA,PE-1N,16.0,ESPECIAL,7.0,12.0,TUESDAY,0,0
HUANUCO,PE-18B,41.0,VOLCADURA,15.0,12.0,TUESDAY,0,0
LIMA,PE-1N,63.0,DESPISTE,9.0,12.0,TUESDAY,0,0
LIMA,PE-22,63.0,CHOQUE,16.0,12.0,TUESDAY,0,0
LIMA,PE-1S,68.0,DESPISTE,21.0,12.0,TUESDAY,1,0
LIMA,PE-1S,92.0,DESPISTE,6.0,12.0,TUESDAY,0,0
JUNIN,PE-22,139.0,DESPISTE,6.0,12.0,TUESDAY,0,0
ANCASH,PE-1N,280.0,CHOQUE,5.0,12.0,TUESDAY,0,0
ANCASH,PE-1N,353.0,DESPISTE,17.0,12.0,TUESDAY,0,1
MOQUEGUA,PE-1S,1171.0,DESPISTE,14.0,12.0,TUESDAY,0,0
ANCASH,AN-104,3.0,CHOQUE,19.0,12.0,WEDNESDAY,1,0
LIMA,PE-1N,12.0,CHOQUE,17.0,12.0,WEDNESDAY,0,1
LAMBAYEQUE,PE-1N,19.0,CHOQUE,20.0,12.0,WEDNESDAY,1,0
LIMA,PE-1S,132.0,ATROPELLO,6.0,12.0,WEDNESDAY,0,1
LIMA,PE-1S,139.0,ESPECIAL,7.0,12.0,WEDNESDAY,0,0
AREQUIPA,PE-34A,149.0,CHOQUE,5.0,12.0,WEDNESDAY,0,0
ANCASH,PE-16,152.0,CHOQUE,16.0,12.0,WEDNESDAY,0,0
ANCASH,PE-1N,275.0,DESPISTE,11.0,12.0,WEDNESDAY,0,0
AMAZONAS,PE-5N,345.0,CHOQUE,20.0,12.0,WEDNESDAY,1,0
ANCASH,PE-1N,441.0,ATROPELLO,9.0,12.0,WEDNESDAY,0,1
LA LIBERTAD,PE-1N,454.0,CHOQUE,22.0,12.0,WEDNESDAY,1,0
HUANUCO,PE-5N,456.0,DESPISTE,16.0,12.0,WEDNESDAY,0,0
SAN MARTIN,PE-5N,745.0,CHOQUE,9.0,12.0,WEDNESDAY,0,0
TACNA,PE-1S,1105.0,CHOQUE,0.0,12.0,WEDNESDAY,0,0
UCAYALI,PE-5N,17.0,DESPISTE,14.0,12.0,THURSDAY,0,0
AREQUIPA,PE-1SD,19.0,DESPISTE,4.0,12.0,THURSDAY,0,0
UCAYALI,PE-5N,28.0,CHOQUE,11.0,12.0,THURSDAY,0,0
LIMA,PE-1N,30.0,CHOQUE,9.0,12.0,THURSDAY,0,0
ANCASH,AN-111,36.0,DESPISTE,22.0,12.0,THURSDAY,1,0
JUNIN,PE-3N,45.0,DESPISTE,13.0,12.0,THURSDAY,0,0
ANCASH,AN-100,49.0,DESPISTE,9.0,12.0,THURSDAY,0,0
LAMBAYEQUE,PE-1N,80.0,DESPISTE,13.0,12.0,THURSDAY,0,0
LIMA,PE-1N,83.0,CHOQUE,9.0,12.0,THURSDAY,0,0
LIMA,PE-1S,97.0,DESPISTE,12.0,12.0,THURSDAY,0,0
LAMBAYEQUE,PE-06A,109.0,CHOQUE,19.0,12.0,THURSDAY,1,0
LIMA,PE-1N,123.0,CHOQUE,3.0,12.0,THURSDAY,0,1
LIMA,PE-1N,210.0,DESPISTE,7.0,12.0,THURSDAY,0,0
ANCASH,PE-1N,409.0,CHOQUE,5.0,12.0,THURSDAY,0,0
ICA,PE-1S,461.0,ATROPELLO,11.0,12.0,THURSDAY,0,0
AREQUIPA,PE-1S,707.0,CHOQUE,15.0,12.0,THURSDAY,0,0
AREQUIPA,AR-115,2.0,DESPISTE,23.0,12.0,FRIDAY,1,0
AMAZONAS,PE-5N,7.0,CHOQUE,12.0,12.0,FRIDAY,0,0
PUNO,PE-34H,39.0,CHOQUE,20.0,12.0,FRIDAY,1,0
LIMA,PE-22,54.0,DESPISTE,21.0,12.0,FRIDAY,1,0
LIMA,PE-1N,75.0,CHOQUE,8.0,12.0,FRIDAY,0,0
LIMA,PE-22,87.0,DESPISTE,18.0,12.0,FRIDAY,1,0
AREQUIPA,PE-34A,124.0,CHOQUE,5.0,12.0,FRIDAY,0,1
AMAZONAS,PE-5N,237.0,CHOQUE,12.0,12.0,FRIDAY,0,0
ICA,PE-1S,247.0,CHOQUE,16.0,12.0,FRIDAY,0,0
AREQUIPA,PE-1S,525.0,CHOQUE,13.0,12.0,FRIDAY,0,0
PIURA,PE-1N,1112.0,DESPISTE,18.0,12.0,FRIDAY,1,0
TACNA,PE-1S,1127.0,DESPISTE,17.0,12.0,FRIDAY,0,0
LA LIBERTAD,PE-10A,,CHOQUE,20.0,12.0,FRIDAY,1,1
JUNIN,PE-3S,53.0,CHOQUE,8.0,12.0,SATURDAY,0,0
JUNIN,PE-3S,53.0,CHOQUE,8.0,12.0,SATURDAY,0,0
JUNIN,PE-3S,80.0,CHOQUE,13.0,12.0,SATURDAY,0,0
LIMA,PE-1N,84.0,CHOQUE,14.0,12.0,SATURDAY,0,0
LIMA,PE-1S,94.0,CHOQUE,21.0,12.0,SATURDAY,1,0
LIMA,PE-1S,116.0,DESPISTE,9.0,12.0,SATURDAY,0,0
CAJAMARCA,PE-08,160.0,CHOQUE,23.0,12.0,SATURDAY,1,0
LIMA,PE-1S,164.0,ESPECIAL,10.0,12.0,SATURDAY,0,0
APURIMAC,PE-30A,355.0,DESPISTE,13.0,12.0,SATURDAY,0,0
MADRE DE DIOS,PE-30C,379.0,CHOQUE,21.0,12.0,SATURDAY,1,0
LA LIBERTAD,PE-1N,508.0,CHOQUE,18.0,12.0,SATURDAY,1,0
LA LIBERTAD,PE-1N,649.0,DESPISTE,23.0,12.0,SATURDAY,1,1
TUMBES,TU-101,,DESPISTE,8.0,12.0,SATURDAY,0,1
CAJAMARCA,PE-3N,12.0,VOLCADURA,12.0,12.0,SUNDAY,0,0
JUNIN,PE-22,49.0,DESPISTE,10.0,12.0,SUNDAY,0,0
LAMBAYEQUE,PE-06A,63.0,ATROPELLO,2.0,12.0,SUNDAY,0,0
JUNIN,PE-22B,72.0,DESPISTE,13.0,12.0,SUNDAY,0,0
JUNIN,PE-3S,79.0,DESPISTE,16.0,12.0,SUNDAY,0,0
LIMA,PE-1S,94.0,DESPISTE,0.0,12.0,SUNDAY,0,0
LIMA,PE-22,110.0,DESPISTE,11.0,12.0,SUNDAY,0,0
JUNIN,PE-22,157.0,DESPISTE,5.0,12.0,SUNDAY,0,0
AREQUIPA,PE-34A,164.0,ATROPELLO,12.0,12.0,SUNDAY,0,0
PUNO,PE-34A,218.0,CHOQUE,0.0,12.0,SUNDAY,0,0
LAMBAYEQUE,PE-1N,811.0,ATROPELLO,22.0,12.0,SUNDAY,1,1
LAMBAYEQUE,PE-1N,877.0,DESPISTE,16.0,12.0,SUNDAY,0,0
ANCASH,AN-625,,DESPISTE,13.0,12.0,SUNDAY,0,0
CAJAMARCA,PE-5N,,ESPECIAL,10.0,12.0,SUNDAY,0,0
LIMA,PE-1S,6.0,CHOQUE,23.0,12.0,MONDAY,1,0
ICA,PE-28A,27.0,DESPISTE,13.0,12.0,MONDAY,0,0
LIMA,PE-1S,29.0,DESPISTE,17.0,12.0,MONDAY,0,1
JUNIN,PE-22,31.0,DESPISTE,15.0,12.0,MONDAY,0,0
PIURA,PE-02,40.0,DESPISTE,21.0,12.0,MONDAY,1,0
CAJAMARCA,PE-08,58.0,VOLCADURA,21.0,12.0,MONDAY,1,0
JUNIN,PE-22B,67.0,DESPISTE,7.0,12.0,MONDAY,0,1
JUNIN,PE-3S,67.0,DESPISTE,6.0,12.0,MONDAY,0,0
LIMA,PE-1S,104.0,ATROPELLO,7.0,12.0,MONDAY,0,0
HUANUCO,PE-18A,115.0,CHOQUE,21.0,12.0,MONDAY,1,0
LIMA,PE-1N,142.0,DESPISTE,15.0,12.0,MONDAY,0,0
PUNO,PE-34A,192.0,CHOQUE,16.0,12.0,MONDAY,0,1
MOQUEGUA,PE-1SD,205.0,DESPISTE,0.0,12.0,MONDAY,0,0
CUSCO,PE-28B,241.0,DESPISTE,16.0,12.0,MONDAY,0,0
APURIMAC,PE-30A,307.0,DESPISTE,12.0,12.0,MONDAY,0,0
LA LIBERTAD,PE-1N,696.0,CHOQUE,3.0,12.0,MONDAY,0,1
LAMBAYEQUE,PE-1N,697.0,CHOQUE,10.0,12.0,MONDAY,0,0
AREQUIPA,PE-1S,929.0,CHOQUE,6.0,12.0,MONDAY,0,0
PUNO,PE-34B,1.0,DESPISTE,17.0,12.0,TUESDAY,0,0
LORETO,LO-103,9.0,CHOQUE,17.0,12.0,TUESDAY,0,0
PIURA,PE-02,23.0,DESPISTE,17.0,12.0,TUESDAY,0,0
LIMA,PE-1S,26.0,CHOQUE,6.0,12.0,TUESDAY,0,0
AMAZONAS,PE-08B,43.0,CHOQUE,17.0,12.0,TUESDAY,0,0
LIMA,PE-22,50.0,DESPISTE,20.0,12.0,TUESDAY,1,0
ANCASH,PE-16,117.0,CHOQUE,16.0,12.0,TUESDAY,0,0
JUNIN,PE-22,135.0,VOLCADURA,7.0,12.0,TUESDAY,0,0
LIMA,PE-1S,172.0,DESPISTE,22.0,12.0,TUESDAY,1,0
ICA,PE-1S,213.0,CHOQUE,5.0,12.0,TUESDAY,0,0
ANCASH,PE-1N,292.0,DESPISTE,1.0,12.0,TUESDAY,0,0
ICA,PE-1S,333.0,DESPISTE,4.0,12.0,TUESDAY,0,0
ANCASH,PE-1N,386.0,DESPISTE,19.0,12.0,TUESDAY,1,0
PUNO,PE-3S,1274.0,CHOQUE,7.0,12.0,TUESDAY,0,1
CAJAMARCA,PE-06B,6.0,CHOQUE,21.0,12.0,WEDNESDAY,1,0
AREQUIPA,AR-105,14.0,CHOQUE,3.0,12.0,WEDNESDAY,0,0
LIMA,PE-1N,62.0,DESPISTE,7.0,12.0,WEDNESDAY,0,0
LAMBAYEQUE,PE-1NJ,66.0,CHOQUE,1.0,12.0,WEDNESDAY,0,0
HUANUCO,PE-18A,69.0,CHOQUE,14.0,12.0,WEDNESDAY,0,0
CAJAMARCA,PE-08B,89.0,DESPISTE,22.0,12.0,WEDNESDAY,1,0
LIMA,PE-22,111.0,CHOQUE,11.0,12.0,WEDNESDAY,0,0
MOQUEGUA,PE-1SD,218.0,DESPISTE,2.0,12.0,WEDNESDAY,0,0
AMAZONAS,PE-5N,268.0,CHOQUE,16.0,12.0,WEDNESDAY,0,0
ICA,PE-1S,333.0,CHOQUE,14.0,12.0,WEDNESDAY,0,0
SAN MARTIN,PE-5N,392.0,CHOQUE,17.0,12.0,WEDNESDAY,0,0
SAN MARTIN,PE-5N,472.0,CHOQUE,8.0,12.0,WEDNESDAY,0,0
CAJAMARCA,PE-08,37.0,DESPISTE,13.0,12.0,THURSDAY,0,0
JUNIN,PE-3S,108.0,CHOQUE,17.0,12.0,THURSDAY,0,0
JUNIN,PE-22,136.0,CHOQUE,19.0,12.0,THURSDAY,1,1
LIMA,PE-1N,185.0,DESPISTE,4.0,12.0,THURSDAY,0,0
ICA,PE-1S,220.0,ATROPELLO,18.0,12.0,THURSDAY,1,0
AMAZONAS,PE-5N,238.0,CHOQUE,12.0,12.0,THURSDAY,0,0
ICA,PE-1S,297.0,CHOQUE,22.0,12.0,THURSDAY,1,0
ICA,PE-1S,418.0,DESPISTE,10.0,12.0,THURSDAY,0,0
SAN MARTIN,PE-5N,469.0,CHOQUE,14.0,12.0,THURSDAY,0,0
HUANUCO,PE-5N,479.0,DESPISTE,10.0,12.0,THURSDAY,0,0
AREQUIPA,PE-34A,3.0,CHOQUE,12.0,12.0,FRIDAY,0,0
LIMA,PE-1S,9.0,CHOQUE,3.0,12.0,FRIDAY,0,1
UCAYALI,PE-5N,26.0,CHOQUE,17.0,12.0,FRIDAY,0,0
CAJAMARCA,PE-08B,39.0,DESPISTE,15.0,12.0,FRIDAY,0,0
JUNIN,PE-3S,64.0,DESPISTE,20.0,12.0,FRIDAY,1,0
JUNIN,AN-110,66.0,DESPISTE,14.0,12.0,FRIDAY,0,0
LIMA,PE-22,94.0,CHOQUE,15.0,12.0,FRIDAY,0,0
AREQUIPA,PE-34A,104.0,DESPISTE,11.0,12.0,FRIDAY,0,0
JUNIN,PE-28A,160.0,CHOQUE,3.0,12.0,FRIDAY,0,0
ICA,PE-1S,209.0,CHOQUE,20.0,12.0,FRIDAY,1,0
AYACUCHO,PE-28A,240.0,DESPISTE,23.0,12.0,FRIDAY,1,0
ANCASH,PE-1N,256.0,DESPISTE,5.0,12.0,FRIDAY,0,0
APURIMAC,PE-30A,347.0,CHOQUE,23.0,12.0,FRIDAY,1,0
APURIMAC,PE-30A,401.0,CHOQUE,21.0,12.0,FRIDAY,1,0
JUNIN,PE-5N,467.0,CHOQUE,15.0,12.0,FRIDAY,0,0
SAN MARTIN,PE-5N,701.0,CHOQUE,6.0,12.0,FRIDAY,0,0
LA LIBERTAD,PE-1N,717.0,DESPISTE,13.0,12.0,FRIDAY,0,0
CUSCO,PE-3S,901.0,CHOQUE,17.0,12.0,FRIDAY,0,0
AREQUIPA,AR-105,2.0,DESPISTE,17.0,12.0,SATURDAY,0,0
AREQUIPA,PE-1S,16.0,CHOQUE,12.0,12.0,SATURDAY,0,0
PIURA,PE-02A,18.0,CHOQUE,21.0,12.0,SATURDAY,1,0
LIMA,PE-1N,83.0,CHOQUE,9.0,12.0,SATURDAY,0,0
LIMA,PE-1S,96.0,VOLCADURA,12.0,12.0,SATURDAY,0,0
PUNO,PE-36A,140.0,CHOQUE,7.0,12.0,SATURDAY,0,1
PUNO,PE-34B,153.0,CHOQUE,7.0,12.0,SATURDAY,0,1
UCAYALI,PE-18C,156.0,DESPISTE,14.0,12.0,SATURDAY,0,0
UCAYALI,PE-18C,165.0,CHOQUE,20.0,12.0,SATURDAY,1,0
PUNO,PE-34A,221.0,CHOQUE,23.0,12.0,SATURDAY,1,0
ICA,PE-1S,308.0,CHOQUE,23.0,12.0,SATURDAY,1,0
AYACUCHO,PE-3S,486.0,CHOQUE,8.0,12.0,SATURDAY,0,0
SAN MARTIN,PE-5N,493.0,CHOQUE,21.0,12.0,SATURDAY,1,0
SAN MARTIN,PE-5N,578.0,DESPISTE,21.0,12.0,SATURDAY,1,0
AREQUIPA,PE-1S,606.0,VOLCADURA,15.0,12.0,SATURDAY,0,0
AREQUIPA,PE-1S,680.0,CHOQUE,6.0,12.0,SATURDAY,0,0
AREQUIPA,PE-1S,788.0,CHOQUE,18.0,12.0,SATURDAY,1,0
AREQUIPA,PE-1S,874.0,CHOQUE,18.0,12.0,SATURDAY,1,0
AREQUIPA,PE-1S,920.0,CHOQUE,22.0,12.0,SATURDAY,1,0
AREQUIPA,PE-3S,10.0,DESPISTE,23.0,12.0,SUNDAY,1,0
PUNO,PE-38A,35.0,DESPISTE,14.0,12.0,SUNDAY,0,0
LIMA,PE-1N,75.0,ATROPELLO,10.0,12.0,SUNDAY,0,0
LIMA,PE-1S,84.0,CHOQUE,13.0,12.0,SUNDAY,0,0
LIMA,PE-1S,115.0,CHOQUE,18.0,12.0,SUNDAY,1,0
LIMA,PE-22,127.0,DESPISTE,1.0,12.0,SUNDAY,0,0
AYACUCHO,PE-22,136.0,CHOQUE,9.0,12.0,SUNDAY,0,0
LIMA,PE-1S,142.0,DESPISTE,23.0,12.0,SUNDAY,1,0
LIMA,PE-1S,163.0,DESPISTE,5.0,12.0,SUNDAY,0,0
LIMA,PE-1S,164.0,DESPISTE,6.0,12.0,SUNDAY,0,0
UCAYALI,PE-18C,168.0,CHOQUE,20.0,12.0,SUNDAY,1,1
ICA,PE-1S,261.0,CHOQUE,0.0,12.0,SUNDAY,0,0
PUNO,PE-34B,299.0,CHOQUE,7.0,12.0,SUNDAY,0,0
ICA,PE-1S,307.0,CHOQUE,9.0,12.0,SUNDAY,0,0
APURIMAC,PE-30A,330.0,CHOQUE,21.0,12.0,SUNDAY,1,0
AYACUCHO,PE-3S,356.0,CHOQUE,14.0,12.0,SUNDAY,0,0
MADRE DE DIOS,PE-30C,418.0,DESPISTE,8.0,12.0,SUNDAY,0,1
LA LIBERTAD,PE-1N,461.0,DESPISTE,5.0,12.0,SUNDAY,0,0
AREQUIPA,PE-1S,516.0,CHOQUE,6.0,12.0,SUNDAY,0,0
JUNIN,PE-5N,524.0,DESPISTE,6.0,12.0,SUNDAY,0,0
TACNA,PE-1S,1283.0,CHOQUE,19.0,12.0,SUNDAY,1,0
JUNIN,PE-3N,1.0,CHOQUE,11.0,12.0,MONDAY,0,1
JUNIN,PE-22,12.0,CHOQUE,21.0,12.0,MONDAY,1,0
TACNA,PE-1SD,21.0,CHOQUE,7.0,12.0,MONDAY,0,0
CUSCO,PE-28B,113.0,CHOQUE,18.0,12.0,MONDAY,1,0
ANCASH,PE-16,172.0,CHOQUE,17.0,12.0,MONDAY,0,1
PUNO,PE-34B,251.0,CHOQUE,23.0,12.0,MONDAY,1,0
PUNO,PE-34A,262.0,CHOQUE,20.0,12.0,MONDAY,1,0
ICA,PE-1S,320.0,CHOQUE,1.0,12.0,MONDAY,0,1
ANCASH,PE-1N,344.0,DESPISTE,7.0,12.0,MONDAY,0,0
MADRE DE DIOS,PE-30C,413.0,DESPISTE,11.0,12.0,MONDAY,0,0
SAN MARTIN,PE-5N,506.0,DESPISTE,19.0,12.0,MONDAY,1,1
LAMBAYEQUE,PE-1N,774.0,DESPISTE,16.0,12.0,MONDAY,0,0
AREQUIPA,PE-1S,853.0,CHOQUE,14.0,12.0,MONDAY,0,0
CUSCO,PE-3S,1064.0,CHOQUE,19.0,12.0,MONDAY,1,0
PUNO,PE-3S,1241.0,DESPISTE,14.0,12.0,MONDAY,0,0
PUNO,PE-3S,1275.0,DESPISTE,12.0,12.0,MONDAY,0,1
PUNO,PE-3S,1298.0,DESPISTE,12.0,12.0,MONDAY,0,0
PUNO,PE-3S,1326.0,DESPISTE,9.0,12.0,MONDAY,0,0
PUNO,PE-3S,1353.0,DESPISTE,6.0,12.0,MONDAY,0,0
CAJAMARCA,PE-5N,5.0,CHOQUE,18.0,12.0,TUESDAY,1,0
PUNO,PE-34H,13.0,CHOQUE,22.0,12.0,TUESDAY,1,0
ANCASH,AN-110,22.0,CHOQUE,17.0,12.0,TUESDAY,0,0
JUNIN,PE-22,33.0,DESPISTE,17.0,12.0,TUESDAY,0,0
LIMA,PE-1S,50.0,DESPISTE,14.0,12.0,TUESDAY,0,0
LIMA,PE-22,88.0,DESPISTE,14.0,12.0,TUESDAY,0,0
CAJAMARCA,PE-08,89.0,DESPISTE,11.0,12.0,TUESDAY,0,0
LIMA,PE-1S,110.0,CHOQUE,17.0,12.0,TUESDAY,0,0
AREQUIPA,PE-34A,123.0,DESPISTE,15.0,12.0,TUESDAY,0,0
AREQUIPA,PE-34A,123.0,CHOQUE,3.0,12.0,TUESDAY,0,0
PUNO,PE-34A,196.0,CHOQUE,20.0,12.0,TUESDAY,1,0
PUNO,PE-34A,211.0,DESPISTE,0.0,12.0,TUESDAY,0,0
JUNIN,PE-3N,214.0,CHOQUE,13.0,12.0,TUESDAY,0,0
LAMBAYEQUE,PE-1N,708.0,CHOQUE,13.0,12.0,TUESDAY,0,0
LAMBAYEQUE,PE-1N,800.0,CHOQUE,2.0,12.0,TUESDAY,0,0
LAMBAYEQUE,PE-1N,828.0,CHOQUE,12.0,12.0,TUESDAY,0,0
APURIMAC,PE-3S,832.0,CHOQUE,16.0,12.0,TUESDAY,0,0
LAMBAYEQUE,PE-08,3.0,CHOQUE,17.0,12.0,WEDNESDAY,0,0
AREQUIPA,PE-34A,3.0,CHOQUE,16.0,12.0,WEDNESDAY,0,0
AREQUIPA,PE-34A,35.0,CHOQUE,14.0,12.0,WEDNESDAY,0,0
JUNIN,PE-22,42.0,CHOQUE,21.0,12.0,WEDNESDAY,1,1
PUNO,PE-34H,45.0,DESPISTE,9.0,12.0,WEDNESDAY,0,0
LIMA,PE-1S,98.0,DESPISTE,5.0,12.0,WEDNESDAY,0,0
CUSCO,PE-28B,122.0,CHOQUE,22.0,12.0,WEDNESDAY,1,0
PIURA,PE-1NJ,190.0,CHOQUE,11.0,12.0,WEDNESDAY,0,0
AYACUCHO,PE-3S,418.0,CHOQUE,7.0,12.0,WEDNESDAY,0,0
SAN MARTIN,PE-5N,506.0,DESPISTE,23.0,12.0,WEDNESDAY,1,0
SAN MARTIN,PE-5N,633.0,CHOQUE,2.0,12.0,WEDNESDAY,0,1
APURIMAC,PE-30A,856.0,CHOQUE,17.0,12.0,WEDNESDAY,0,0
LAMBAYEQUE,PE-1N,877.0,DESPISTE,0.0,12.0,WEDNESDAY,0,0
CUSCO,PE-3S,1030.0,ATROPELLO,14.0,12.0,WEDNESDAY,0,0
CUSCO,PE-3S,1080.0,CHOQUE,12.0,12.0,WEDNESDAY,0,0
LAMBAYEQUE,N.I.,,CHOQUE,21.0,12.0,WEDNESDAY,1,0
JUNIN,PE-22,10.0,DESPISTE,19.0,12.0,THURSDAY,1,0
JUNIN,PE-22,49.0,CHOQUE,6.0,12.0,THURSDAY,0,0
PUNO,PE-36B,66.0,DESPISTE,6.0,12.0,THURSDAY,0,0
LIMA,PE-22,111.0,CHOQUE,16.0,12.0,THURSDAY,0,0
LIMA,PE-1S,140.0,DESPISTE,3.0,12.0,THURSDAY,0,0
LIMA,PE-1N,142.0,CHOQUE,22.0,12.0,THURSDAY,1,1
PUNO,PE-3S,1208.0,CHOQUE,3.0,12.0,THURSDAY,0,0
CUSCO,PE-34F,37.0,CHOQUE,17.0,12.0,FRIDAY,0,0
PIURA,PE-1NL,39.0,DESPISTE,7.0,12.0,FRIDAY,0,0
CUSCO,CU-130,50.0,DESPISTE,15.0,12.0,FRIDAY,0,0
PUNO,PE-34H,67.0,ATROPELLO,19.0,12.0,FRIDAY,1,0
LIMA,PE-1N,102.0,CHOQUE,18.0,12.0,FRIDAY,1,0
LIMA,PE-1N,120.0,CHOQUE,2.0,12.0,FRIDAY,0,0
AREQUIPA,PE-34A,148.0,CHOQUE,22.0,12.0,FRIDAY,1,1
PUNO,PE-36A,301.0,CHOQUE,10.0,12.0,FRIDAY,0,0
SAN MARTIN,PE-5N,711.0,DESPISTE,18.0,12.0,FRIDAY,1,0
LAMBAYEQUE,PE-1N,844.0,CHOQUE,6.0,12.0,FRIDAY,0,0
AREQUIPA,PE-1S,866.0,CHOQUE,17.0,12.0,FRIDAY,0,0
PUNO,PE-3S,1467.0,DESPISTE,14.0,12.0,FRIDAY,0,0
JUNIN,PE-22,12.0,DESPISTE,13.0,12.0,SATURDAY,0,0
LAMBAYEQUE,PE-06A,44.0,CHOQUE,23.0,12.0,SATURDAY,1,0
LIMA,PE-1S,58.0,DESPISTE,18.0,12.0,SATURDAY,1,0
ANCASH,PE-16,88.0,CHOQUE,18.0,12.0,SATURDAY,1,0
AREQUIPA,PE-34A,131.0,DESPISTE,7.0,12.0,SATURDAY,0,0
AYACUCHO,PE-28A,242.0,DESPISTE,9.0,12.0,SATURDAY,0,0
AYACUCHO,PE-28A,315.0,DESPISTE,7.0,12.0,SATURDAY,0,0
MADRE DE DIOS,PE-30C,327.0,CHOQUE,21.0,12.0,SATURDAY,1,0
ICA,PE-1S,330.0,CHOQUE,14.0,12.0,SATURDAY,0,0
LA LIBERTAD,PE-1N,485.0,DESPISTE,16.0,12.0,SATURDAY,0,0
TACNA,PE-1S,1247.0,DESPISTE,6.0,12.0,SATURDAY,0,0
TACNA,PE-1S,1250.0,CHOQUE,10.0,12.0,SATURDAY,0,0
PUNO,PE-3S,1402.0,CHOQUE,11.0,12.0,SATURDAY,0,0
PASCO,PA-545,0.0,DESPISTE,14.0,12.0,SUNDAY,0,1
PIURA,PE-1N,3.0,CHOQUE,12.0,12.0,SUNDAY,0,0
AREQUIPA,PE-34A,3.0,CHOQUE,5.0,12.0,SUNDAY,0,0
JUNIN,PE-3S,12.0,DESPISTE,11.0,12.0,SUNDAY,0,0
ANCASH,AN-110,20.0,CHOQUE,14.0,12.0,SUNDAY,0,0
SAN MARTIN,PE-5NB,30.0,DESPISTE,21.0,12.0,SUNDAY,1,0
LIMA,PE-22,41.0,DESPISTE,2.0,12.0,SUNDAY,0,0
LIMA,PE-22,51.0,DESPISTE,15.0,12.0,SUNDAY,0,0
JUNIN,PE-22B,56.0,CHOQUE,17.0,12.0,SUNDAY,0,0
LIMA,PE-22,60.0,CHOQUE,15.0,12.0,SUNDAY,0,0
LAMBAYEQUE,PE-1NJ,62.0,ATROPELLO,7.0,12.0,SUNDAY,0,1
ANCASH,PE-3N,70.0,DESPISTE,4.0,12.0,SUNDAY,0,0
LIMA,PE-1N,71.0,DESPISTE,20.0,12.0,SUNDAY,1,0
LIMA,PE-22,85.0,CHOQUE,10.0,12.0,SUNDAY,0,0
TACNA,PE-36A,127.0,DESPISTE,0.0,12.0,SUNDAY,0,0
LIMA,PE-22,130.0,CHOQUE,18.0,12.0,SUNDAY,1,0
HUANUCO,PE-22,130.0,CHOQUE,9.0,12.0,SUNDAY,0,0
JUNIN,PE-22,156.0,CHOQUE,14.0,12.0,SUNDAY,0,1
LIMA,PE-1N,215.0,DESPISTE,19.0,12.0,SUNDAY,1,0
AMAZONAS,PE-5N,222.0,CHOQUE,20.0,12.0,SUNDAY,1,0
MADRE DE DIOS,PE-30C,318.0,CHOQUE,16.0,12.0,SUNDAY,0,0
SAN MARTIN,PE-5N,379.0,CHOQUE,8.0,12.0,SUNDAY,0,0
LIMA,PE-22,1330.0,CHOQUE,8.0,12.0,SUNDAY,0,0
PUNO,PE-3S,1473.0,DESPISTE,7.0,12.0,SUNDAY,0,0
AYACUCHO,AY-585,22.0,DESPISTE,16.0,12.0,MONDAY,0,1
JUNIN,PE-3SD,30.0,DESPISTE,13.0,12.0,MONDAY,0,0
AREQUIPA,PE-30,39.0,DESPISTE,10.0,12.0,MONDAY,0,0
PIURA,PE-5N,41.0,DESPISTE,5.0,12.0,MONDAY,0,1
LIMA,PE-22,51.0,CHOQUE,18.0,12.0,MONDAY,1,0
JUNIN,PE-3NA,62.0,DESPISTE,8.0,12.0,MONDAY,0,0
PUNO,PE-34H,68.0,DESPISTE,8.0,12.0,MONDAY,0,1
JUNIN,PE-22,76.0,DESPISTE,4.0,12.0,MONDAY,0,0
LIMA,PE-1N,77.0,CHOQUE,11.0,12.0,MONDAY,0,0
PUNO,PE-34H,108.0,ESPECIAL,4.0,12.0,MONDAY,0,0
LIMA,PE-1S,126.0,CHOQUE,19.0,12.0,MONDAY,1,0
AREQUIPA,PE-34A,158.0,CHOQUE,4.0,12.0,MONDAY,0,0
AREQUIPA,PE-34A,172.0,CHOQUE,12.0,12.0,MONDAY,0,0
TUMBES,PE-1N,222.0,CHOQUE,13.0,12.0,MONDAY,0,0
PUNO,PE-34A,269.0,CHOQUE,6.0,12.0,MONDAY,0,0
ICA,PE-1S,432.0,CHOQUE,8.0,12.0,MONDAY,0,0
TACNA,PE-1S,1167.0,CHOQUE,8.0,12.0,MONDAY,0,0
UCAYALI,PE-5N,15.0,CHOQUE,9.0,12.0,TUESDAY,0,0
ANCASH,AN-107,17.0,DESPISTE,4.0,12.0,TUESDAY,0,0
TACNA,PE-1SD,33.0,CHOQUE,17.0,12.0,TUESDAY,0,0
LAMBAYEQUE,PE-5N,44.0,CHOQUE,18.0,12.0,TUESDAY,1,0
PIURA,PE-1N,65.0,CHOQUE,18.0,12.0,TUESDAY,1,0
JUNIN,PE-5S,77.0,CHOQUE,20.0,12.0,TUESDAY,1,0
PUNO,PE-34H,83.0,DESPISTE,14.0,12.0,TUESDAY,0,0
LAMBAYEQUE,PE-1NJ,118.0,DESPISTE,5.0,12.0,TUESDAY,0,0
LIMA,PE-1N,148.0,DESPISTE,12.0,12.0,TUESDAY,0,0
AREQUIPA,PE-34A,172.0,VOLCADURA,4.0,12.0,TUESDAY,0,0
APURIMAC,PE-30A,182.0,DESPISTE,15.0,12.0,TUESDAY,0,1
PUNO,PE-34A,241.0,DESPISTE,14.0,12.0,TUESDAY,0,0
PUNO,PE-34A,268.0,DESPISTE,5.0,12.0,TUESDAY,0,0
APURIMAC,PE-30A,269.0,DESPISTE,13.0,12.0,TUESDAY,0,0
MADRE DE DIOS,PE-30C,412.0,DESPISTE,3.0,12.0,TUESDAY,0,0
SAN MARTIN,PE-5N,515.0,DESPISTE,19.0,12.0,TUESDAY,1,0
AREQUIPA,PE-1S,868.0,DESPISTE,6.0,12.0,TUESDAY,0,0
AREQUIPA,PE-1S,953.0,CHOQUE,22.0,12.0,TUESDAY,1,0
CUSCO,PE-3S,1112.0,ATROPELLO,18.0,12.0,TUESDAY,1,0
CUSCO,PE-34G,2.0,DESPISTE,7.0,12.0,WEDNESDAY,0,0
ICA,PE-30A,18.0,DESPISTE,21.0,12.0,WEDNESDAY,1,0
JUNIN,PE-22,38.0,CHOQUE,0.0,12.0,WEDNESDAY,0,1
ANCASH,PE-3N,47.0,DESPISTE,11.0,12.0,WEDNESDAY,0,0
JUNIN,PE-22,51.0,DESPISTE,18.0,12.0,WEDNESDAY,1,1
JUNIN,PE-22B,68.0,ESPECIAL,11.0,12.0,WEDNESDAY,0,0
CUSCO,PE-28B,93.0,CHOQUE,8.0,12.0,WEDNESDAY,0,0
JUNIN,PE-3S,100.0,CHOQUE,11.0,12.0,WEDNESDAY,0,0
LIMA,PE-1S,110.0,ATROPELLO,1.0,12.0,WEDNESDAY,0,1
LAMBAYEQUE,PE-1N,759.0,DESPISTE,16.0,12.0,WEDNESDAY,0,0
APURIMAC,PE-3S,814.0,CHOQUE,17.0,12.0,WEDNESDAY,0,0
LAMBAYEQUE,PE-1N,824.0,CHOQUE,10.0,12.0,WEDNESDAY,0,0
AREQUIPA,PE-1S,964.0,CHOQUE,17.0,12.0,WEDNESDAY,0,0
AREQUIPA,PE-1S,973.0,CHOQUE,20.0,12.0,WEDNESDAY,1,0
TACNA,PE-1S,1114.0,DESPISTE,5.0,12.0,WEDNESDAY,0,0
TACNA,PE-1S,1148.0,CHOQUE,16.0,12.0,WEDNESDAY,0,0
AREQUIPA,AR-105,9.0,CHOQUE,1.0,12.0,THURSDAY,0,0
LIMA,PE-1N,48.0,CHOQUE,22.0,12.0,THURSDAY,1,0
CAJAMARCA,PE-08,59.0,DESPISTE,2.0,12.0,THURSDAY,0,0
CAJAMARCA,PE-08B,93.0,CHOQUE,20.0,12.0,THURSDAY,1,0
LAMBAYEQUE,PE-1NJ,114.0,ATROPELLO,23.0,12.0,THURSDAY,1,0
AYACUCHO,PE-28A,301.0,CHOQUE,6.0,12.0,THURSDAY,0,0
SAN MARTIN,PE-5N,462.0,DESPISTE,20.0,12.0,THURSDAY,1,0
HUANUCO,PE-5N,518.0,CHOQUE,9.0,12.0,THURSDAY,0,1
AREQUIPA,PE-1S,959.0,CHOQUE,13.0,12.0,THURSDAY,0,0
PIURA,PE-1N,1142.0,DESPISTE,14.0,12.0,THURSDAY,0,0
CUSCO,PE-30C,8.0,DESPISTE,12.0,1.0,FRIDAY,0,0
CAJAMARCA,PE-3N,9.0,DESPISTE,7.0,1.0,FRIDAY,0,0
TACNA,PE-1SD,9.0,DESPISTE,18.0,1.0,FRIDAY,1,0
LIMA,PE-1S,20.0,DESPISTE,7.0,1.0,FRIDAY,0,0
HUANUCO,PE-18A,127.0,CHOQUE,21.0,1.0,FRIDAY,1,0
AMAZONAS,PE-08B,391.0,ESPECIAL,20.0,1.0,FRIDAY,1,0
AREQUIPA,PE-1S,659.0,DESPISTE,3.0,1.0,FRIDAY,0,1
CUSCO,PE-3S,1107.0,CHOQUE,5.0,1.0,FRIDAY,0,0
PUNO,PE-3S,1272.0,DESPISTE,17.0,1.0,FRIDAY,0,0
AMAZONAS,PE-108,13.0,DESPISTE,13.0,1.0,SATURDAY,0,0
LIMA,PE-1NE,44.0,CHOQUE,19.0,1.0,SATURDAY,1,0
LIMA,PE-1N,116.0,DESPISTE,18.0,1.0,SATURDAY,1,0
JUNIN,PE-22,147.0,CHOQUE,10.0,1.0,SATURDAY,0,1
JUNIN,PE-22,161.0,CHOQUE,17.0,1.0,SATURDAY,0,0
PUNO,PE-34A,217.0,CHOQUE,8.0,1.0,SATURDAY,0,0
HUANUCO,PE-3N,243.0,DESPISTE,10.0,1.0,SATURDAY,0,0
ICA,PE-1S,470.0,DESPISTE,7.0,1.0,SATURDAY,0,0
APURIMAC,PE-3S,598.0,DESPISTE,8.0,1.0,SATURDAY,0,0
LAMBAYEQUE,PE-1N,862.0,CHOQUE,17.0,1.0,SATURDAY,0,0
LIMA,PE-1S,21.0,DESPISTE,10.0,1.0,SUNDAY,0,0
LIMA,PE-20A,31.0,DESPISTE,8.0,1.0,SUNDAY,0,0
JUNIN,PE-3S,42.0,CHOQUE,15.0,1.0,SUNDAY,0,0
LAMBAYEQUE,PE-1NJ,58.0,CHOQUE,19.0,1.0,SUNDAY,1,0
CUSCO,PE-28B,96.0,DESPISTE,20.0,1.0,SUNDAY,1,0
LIMA,PE-1N,126.0,DESPISTE,13.0,1.0,SUNDAY,0,0
JUNIN,PE-5S,138.0,ATROPELLO,21.0,1.0,SUNDAY,1,1
CAJAMARCA,PE-08B,147.0,DESPISTE,16.0,1.0,SUNDAY,0,0
AREQUIPA,PE-34A,160.0,DESPISTE,7.0,1.0,SUNDAY,0,0
ICA,PE-1S,199.0,DESPISTE,8.0,1.0,SUNDAY,0,0
AYACUCHO,PE-28A,308.0,DESPISTE,7.0,1.0,SUNDAY,0,0
AMAZONAS,PE-08B,337.0,DESPISTE,19.0,1.0,SUNDAY,1,0
MADRE DE DIOS,PE-30C,379.0,DESPISTE,3.0,1.0,SUNDAY,0,0
LA LIBERTAD,PE-1N,599.0,CHOQUE,9.0,1.0,SUNDAY,0,1
APURIMAC,PE-3S,767.0,DESPISTE,0.0,1.0,SUNDAY,0,0
AREQUIPA,PE-1S,859.0,DESPISTE,6.0,1.0,SUNDAY,0,0
CAJAMARCA,PE-109,,CHOQUE,14.0,1.0,SUNDAY,0,0
ANCASH,PE-14,0.0,CHOQUE,7.0,1.0,MONDAY,0,0
AREQUIPA,PE-34,2.0,CHOQUE,4.0,1.0,MONDAY,0,1
CAJAMARCA,PE-5N,2.0,CHOQUE,6.0,1.0,MONDAY,0,0
PIURA,PE-1N,7.0,CHOQUE,7.0,1.0,MONDAY,0,0
CUSCO,PE-28G,9.0,ESPECIAL,14.0,1.0,MONDAY,0,1
AREQUIPA,PE-34A,11.0,CHOQUE,7.0,1.0,MONDAY,0,0
HUANCAVELICA,PE-3S,16.0,VOLCADURA,16.0,1.0,MONDAY,0,0
JUNIN,PE-22B,21.0,DESPISTE,14.0,1.0,MONDAY,0,0
UCAYALI,PE-18C,30.0,CHOQUE,14.0,1.0,MONDAY,0,0
AREQUIPA,PE-34A,61.0,CHOQUE,18.0,1.0,MONDAY,1,0
CAJAMARCA,PE-3N,63.0,CHOQUE,16.0,1.0,MONDAY,0,0
LAMBAYEQUE,PE-1NJ,71.0,CHOQUE,18.0,1.0,MONDAY,1,0
JUNIN,PE-5S,116.0,CHOQUE,6.0,1.0,MONDAY,0,0
LIMA,PE-22,120.0,CHOQUE,7.0,1.0,MONDAY,0,0
PASCO,PE-5N,123.0,DESPISTE,7.0,1.0,MONDAY,0,1
ICA,PE-1S,283.0,CHOQUE,23.0,1.0,MONDAY,1,0
ICA,PE-1S,312.0,CHOQUE,3.0,1.0,MONDAY,0,0
PUNO,PE-30C,320.0,DESPISTE,18.0,1.0,MONDAY,1,0
UCAYALI,PE-5N,395.0,DESPISTE,7.0,1.0,MONDAY,0,1
ANCASH,PE-1N,419.0,DESPISTE,13.0,1.0,MONDAY,0,0
SAN MARTIN,PE-5N,464.0,DESPISTE,10.0,1.0,MONDAY,0,0
CUSCO,PE-3S,1110.0,ATROPELLO,19.0,1.0,MONDAY,1,0
TACNA,PE-1S,1155.0,DESPISTE,14.0,1.0,MONDAY,0,0
JUNIN,PE-22B,1.0,DESPISTE,16.0,1.0,TUESDAY,0,0
LIMA,PE-18,8.0,ATROPELLO,14.0,1.0,TUESDAY,0,0
MOQUEGUA,PE-36,12.0,DESPISTE,6.0,1.0,TUESDAY,0,0
LORETO,PE-5N,14.0,CHOQUE,14.0,1.0,TUESDAY,0,0
LIMA,PE-1NA,16.0,CHOQUE,10.0,1.0,TUESDAY,0,0
CAJAMARCA,PE-3N,41.0,DESPISTE,11.0,1.0,TUESDAY,0,0
LIMA,PE-1S,83.0,CHOQUE,22.0,1.0,TUESDAY,1,0
PIURA,PE-1N,138.0,CHOQUE,18.0,1.0,TUESDAY,1,0
LIMA,PE-1N,189.0,ATROPELLO,23.0,1.0,TUESDAY,1,1
APURIMAC,PE-30A,348.0,CHOQUE,8.0,1.0,TUESDAY,0,0
LAMBAYEQUE,PE-1N,876.0,DESPISTE,2.0,1.0,TUESDAY,0,0
LAMBAYEQUE,PE-1N,876.0,DESPISTE,2.0,1.0,TUESDAY,0,0
CUSCO,PE-3S,1073.0,DESPISTE,6.0,1.0,TUESDAY,0,0
CUSCO,PE-28F,15.0,CHOQUE,22.0,1.0,WEDNESDAY,1,0
JUNIN,PE-3N,43.0,CHOQUE,7.0,1.0,WEDNESDAY,0,0
PUNO,PE-34H,43.0,ATROPELLO,5.0,1.0,WEDNESDAY,0,1
LIMA,PE-1N,44.0,DESPISTE,23.0,1.0,WEDNESDAY,1,0
JUNIN,PE-3N,62.0,DESPISTE,12.0,1.0,WEDNESDAY,0,0
ANCASH,PE-3N,115.0,DESPISTE,11.0,1.0,WEDNESDAY,0,0
LIMA,PE-22,120.0,CHOQUE,5.0,1.0,WEDNESDAY,0,0
LIMA,PE-1N,122.0,DESPISTE,15.0,1.0,WEDNESDAY,0,0
JUNIN,PE-24,147.0,CHOQUE,9.0,1.0,WEDNESDAY,0,0
LIMA,PE-1S,152.0,CHOQUE,8.0,1.0,WEDNESDAY,0,0
HUANUCO,PE-3N,211.0,DESPISTE,5.0,1.0,WEDNESDAY,0,0
PUNO,PE-34A,223.0,DESPISTE,19.0,1.0,WEDNESDAY,1,0
ANCASH,PE-1N,410.0,CHOQUE,9.0,1.0,WEDNESDAY,0,0
AREQUIPA,PE-1S,967.0,ATROPELLO,21.0,1.0,WEDNESDAY,1,0
LIMA,PE-20,24.0,VOLCADURA,14.0,1.0,THURSDAY,0,0
TACNA,PE-1SD,24.0,CHOQUE,21.0,1.0,THURSDAY,1,0
LIMA,PE-1S,76.0,DESPISTE,9.0,1.0,THURSDAY,0,0
JUNIN,PE-5S,110.0,CHOQUE,13.0,1.0,THURSDAY,0,0
ICA,PE-1S,336.0,CHOQUE,15.0,1.0,THURSDAY,0,0
ANCASH,PE-1N,392.0,CHOQUE,10.0,1.0,THURSDAY,0,0
LA LIBERTAD,PE-1N,558.0,CHOQUE,18.0,1.0,THURSDAY,1,0
SAN MARTIN,PE-5N,661.0,CHOQUE,15.0,1.0,THURSDAY,0,0
SAN MARTIN,PE-5N,663.0,DESPISTE,16.0,1.0,THURSDAY,0,0
AREQUIPA,PE-1S,932.0,CHOQUE,9.0,1.0,THURSDAY,0,0
AREQUIPA,PE-1S,1042.0,DESPISTE,11.0,1.0,THURSDAY,0,0
MOQUEGUA,PE-108,23.0,DESPISTE,10.0,1.0,FRIDAY,0,0
AREQUIPA,PE-105,54.0,VOLCADURA,3.0,1.0,FRIDAY,0,0
AREQUIPA,PE-105,55.0,DESPISTE,11.0,1.0,FRIDAY,0,0
JUNIN,PE-3S,56.0,CHOQUE,20.0,1.0,FRIDAY,1,0
LIMA,PE-1S,87.0,CHOQUE,15.0,1.0,FRIDAY,0,0
LIMA,PE-1N,113.0,DESPISTE,16.0,1.0,FRIDAY,0,0
JUNIN,PE-22,137.0,DESPISTE,11.0,1.0,FRIDAY,0,0
LIMA,PE-1S,146.0,CHOQUE,21.0,1.0,FRIDAY,1,0
HUANCAVELICA,PE-3S,213.0,DESPISTE,5.0,1.0,FRIDAY,0,0
ANCASH,PE-1N,449.0,CHOQUE,23.0,1.0,FRIDAY,1,0
HUANUCO,PE-5N,453.0,CHOQUE,12.0,1.0,FRIDAY,0,0
AREQUIPA,PE-1S,633.0,DESPISTE,15.0,1.0,FRIDAY,0,0
LAMBAYEQUE,PE-1N,862.0,CHOQUE,11.0,1.0,FRIDAY,0,0
AREQUIPA,PE-1S,913.0,CHOQUE,16.0,1.0,FRIDAY,0,0
MOQUEGUA,PE-1S,1150.0,CHOQUE,6.0,1.0,FRIDAY,0,0
MOQUEGUA,PE-1S,1183.0,CHOQUE,5.0,1.0,FRIDAY,0,0
CAJAMARCA,PE-08B,11.0,DESPISTE,13.0,1.0,SATURDAY,0,0
LIMA,PE-1S,52.0,CHOQUE,7.0,1.0,SATURDAY,0,0
CUSCO,PE-3SG,71.0,CHOQUE,8.0,1.0,SATURDAY,0,1
LIMA,PE-22,125.0,DESPISTE,7.0,1.0,SATURDAY,0,0
HUANUCO,PE-18A,132.0,CHOQUE,9.0,1.0,SATURDAY,0,0
JUNIN,PE-3N,135.0,CHOQUE,16.0,1.0,SATURDAY,0,0
LIMA,PE-1S,164.0,DESPISTE,16.0,1.0,SATURDAY,0,0
JUNIN,PE-24,241.0,CHOQUE,12.0,1.0,SATURDAY,0,0
AMAZONAS,PE-108,315.0,DESPISTE,16.0,1.0,SATURDAY,0,0
ANCASH,PE-1N,345.0,DESPISTE,8.0,1.0,SATURDAY,0,0
SAN MARTIN,PE-5N,474.0,DESPISTE,17.0,1.0,SATURDAY,0,0
AREQUIPA,PE-1S,508.0,CHOQUE,7.0,1.0,SATURDAY,0,1
UCAYALI,PE-5N,15.0,CHOQUE,17.0,1.0,SUNDAY,0,0
HUANUCO,PE-18A,21.0,CHOQUE,20.0,1.0,SUNDAY,1,0
LIMA,PE-1S,21.0,CHOQUE,17.0,1.0,SUNDAY,0,0
JUNIN,PE-3N,32.0,DESPISTE,11.0,1.0,SUNDAY,0,0
JUNIN,PE-3S,32.0,DESPISTE,11.0,1.0,SUNDAY,0,0
LIMA,PE-22,36.0,CHOQUE,18.0,1.0,SUNDAY,1,0
LIMA,PE-1N,78.0,CHOQUE,21.0,1.0,SUNDAY,1,1
LIMA,PE-1S,96.0,CHOQUE,14.0,1.0,SUNDAY,0,0
LIMA,PE-22,112.0,DESPISTE,5.0,1.0,SUNDAY,0,0
AYACUCHO,PE-34A,121.0,CHOQUE,16.0,1.0,SUNDAY,0,0
LIMA,PE-1N,169.0,ATROPELLO,6.0,1.0,SUNDAY,0,1
UCAYALI,PE-5N,184.0,CHOQUE,12.0,1.0,SUNDAY,0,0
AMAZONAS,PE-5N,200.0,DESPISTE,23.0,1.0,SUNDAY,1,0
ICA,PE-1S,221.0,CHOQUE,20.0,1.0,SUNDAY,1,0
PUNO,PE-34A,243.0,DESPISTE,10.0,1.0,SUNDAY,0,0
PIURA,PE-1N,247.0,DESPISTE,22.0,1.0,SUNDAY,1,0
SAN MARTIN,PE-5N,482.0,CHOQUE,6.0,1.0,SUNDAY,0,1
SAN MARTIN,PE-5N,482.0,CHOQUE,8.0,1.0,SUNDAY,0,0
APURIMAC,PE-3S,766.0,DESPISTE,9.0,1.0,SUNDAY,0,0
AREQUIPA,PE-1S,775.0,ESPECIAL,7.0,1.0,SUNDAY,0,0
AREQUIPA,PE-1S,812.0,DESPISTE,21.0,1.0,SUNDAY,1,0
PIURA,PE-1N,895.0,CHOQUE,12.0,1.0,SUNDAY,0,0
CUSCO,PE-3S,999.0,CHOQUE,21.0,1.0,SUNDAY,1,0
CUSCO,PE-3S,1025.0,DESPISTE,23.0,1.0,SUNDAY,1,0
CUSCO,PE-3S,1092.0,CHOQUE,23.0,1.0,SUNDAY,1,0
MOQUEGUA,PE-36A,5.0,CHOQUE,20.0,1.0,MONDAY,1,0
LA LIBERTAD,PE-10A,7.0,CHOQUE,7.0,1.0,MONDAY,0,1
AREQUIPA,PE-1SD,8.0,DESPISTE,7.0,1.0,MONDAY,0,0
LAMBAYEQUE,PE-1NJ,40.0,CHOQUE,8.0,1.0,MONDAY,0,0
LIMA,PE-1S,64.0,DESPISTE,14.0,1.0,MONDAY,0,0
ANCASH,PE-16,85.0,DESPISTE,2.0,1.0,MONDAY,0,0
CUSCO,PE-34J,107.0,ATROPELLO,15.0,1.0,MONDAY,0,1
ICA,PE-1S,223.0,CHOQUE,12.0,1.0,MONDAY,0,0
MADRE DE DIOS,PE-30C,257.0,CHOQUE,23.0,1.0,MONDAY,1,1
ANCASH,PE-1N,374.0,CHOQUE,15.0,1.0,MONDAY,0,0
ANCASH,PE-3N,674.0,CHOQUE,18.0,1.0,MONDAY,1,0
LA LIBERTAD,PE-1N,720.0,CHOQUE,12.0,1.0,MONDAY,0,0
LAMBAYEQUE,PE-1N,807.0,ATROPELLO,1.0,1.0,MONDAY,0,1
SAN MARTIN,PE-5NB,9.0,CHOQUE,22.0,1.0,TUESDAY,1,0
AREQUIPA,PE-34,29.0,DESPISTE,14.0,1.0,TUESDAY,0,0
LIMA,PE-1S,59.0,CHOQUE,22.0,1.0,TUESDAY,1,1
ANCASH,PE-16,78.0,DESPISTE,18.0,1.0,TUESDAY,1,0
LIMA,PE-22,100.0,CHOQUE,14.0,1.0,TUESDAY,0,0
AREQUIPA,PE-34A,121.0,CHOQUE,11.0,1.0,TUESDAY,0,0
TACNA,PE-38,140.0,DESPISTE,19.0,1.0,TUESDAY,1,0
LIMA,PE-1N,141.0,DESPISTE,19.0,1.0,TUESDAY,1,1
HUANCAVELICA,PE-3S,172.0,DESPISTE,16.0,1.0,TUESDAY,0,0
PUNO,PE-34A,203.0,DESPISTE,7.0,1.0,TUESDAY,0,0
SAN MARTIN,PE-5N,514.0,DESPISTE,12.0,1.0,TUESDAY,0,0
APURIMAC,PE-3S,580.0,DESPISTE,15.0,1.0,TUESDAY,0,0
MADRE DE DIOS,PE-30C,620.0,DESPISTE,17.0,1.0,TUESDAY,0,0
PIURA,PE-1N,947.0,DESPISTE,17.0,1.0,TUESDAY,0,0
PUNO,PE-3S,1469.0,CHOQUE,13.0,1.0,TUESDAY,0,0
LAMBAYEQUE,PE-06A,22.0,ESPECIAL,14.0,1.0,WEDNESDAY,0,0
JUNIN,PE-3S,25.0,CHOQUE,17.0,1.0,WEDNESDAY,0,0
CUSCO,CU-134,27.0,DESPISTE,11.0,1.0,WEDNESDAY,0,0
LIMA,PE-16,30.0,CHOQUE,7.0,1.0,WEDNESDAY,0,0
PASCO,PE-3N,89.0,CHOQUE,20.0,1.0,WEDNESDAY,1,1
JUNIN,PE-3SB,105.0,ATROPELLO,5.0,1.0,WEDNESDAY,0,1
ICA,PE-1S,186.0,ATROPELLO,10.0,1.0,WEDNESDAY,0,0
HUANUCO,PE-18B,189.0,DESPISTE,22.0,1.0,WEDNESDAY,1,1
ANCASH,PE-3N,592.0,CHOQUE,10.0,1.0,WEDNESDAY,0,0
AREQUIPA,PE-1S,1009.0,DESPISTE,0.0,1.0,WEDNESDAY,0,0
CUSCO,PE-3S,,CHOQUE,19.0,1.0,WEDNESDAY,1,0
UCAYALI,PE-18C,19.0,ATROPELLO,16.0,1.0,THURSDAY,0,0
LIMA,PE-1SJ,33.0,ATROPELLO,1.0,1.0,THURSDAY,0,1
UCAYALI,PE-18C,55.0,CHOQUE,9.0,1.0,THURSDAY,0,0
ANCASH,PE-16,75.0,DESPISTE,18.0,1.0,THURSDAY,1,0
ANCASH,PE-16,102.0,DESPISTE,6.0,1.0,THURSDAY,0,0
PIURA,PE-1N,134.0,CHOQUE,21.0,1.0,THURSDAY,1,1
LIMA,PE-1N,189.0,CHOQUE,6.0,1.0,THURSDAY,0,0
AMAZONAS,PE-08B,315.0,CHOQUE,7.0,1.0,THURSDAY,0,0
LA LIBERTAD,PE-1N,581.0,CHOQUE,0.0,1.0,THURSDAY,0,0
SAN MARTIN,PE-5N,596.0,DESPISTE,12.0,1.0,THURSDAY,0,0
AREQUIPA,PE-1S,633.0,VOLCADURA,9.0,1.0,THURSDAY,0,0
SAN MARTIN,PE-5N,742.0,CHOQUE,20.0,1.0,THURSDAY,1,1
APURIMAC,PE-3S,779.0,CHOQUE,18.0,1.0,THURSDAY,1,1
AREQUIPA,PE-1S,889.0,DESPISTE,0.0,1.0,THURSDAY,0,1
AREQUIPA,PE-1S,921.0,CHOQUE,9.0,1.0,THURSDAY,0,0
CUSCO,PE-34F,4.0,DESPISTE,11.0,1.0,FRIDAY,0,0
UCAYALI,PE-18C,17.0,CHOQUE,8.0,1.0,FRIDAY,0,0
AREQUIPA,AR-115,28.0,DESPISTE,10.0,1.0,FRIDAY,0,0
JUNIN,PE-3S,43.0,DESPISTE,6.0,1.0,FRIDAY,0,0
ANCASH,PE-16,86.0,CHOQUE,16.0,1.0,FRIDAY,0,0
LIMA,PE-1N,98.0,DESPISTE,20.0,1.0,FRIDAY,1,0
AYACUCHO,PE-30A,119.0,CHOQUE,8.0,1.0,FRIDAY,0,0
LIMA,PE-1N,139.0,CHOQUE,18.0,1.0,FRIDAY,1,0
CUSCO,PE-28B,183.0,DESPISTE,7.0,1.0,FRIDAY,0,0
LIMA,PE-1N,185.0,DESPISTE,12.0,1.0,FRIDAY,0,0
LAMBAYEQUE,PE-1N,862.0,CHOQUE,11.0,1.0,FRIDAY,0,0
TACNA,PE-1S,1229.0,ESPECIAL,18.0,1.0,FRIDAY,1,0
MOQUEGUA,PE-36,38.0,CHOQUE,17.0,1.0,SATURDAY,0,0
LORETO,LO-103,55.0,ATROPELLO,21.0,1.0,SATURDAY,1,0
JUNIN,PE-3N,56.0,CHOQUE,12.0,1.0,SATURDAY,0,0
CAJAMARCA,PE-08,64.0,CHOQUE,7.0,1.0,SATURDAY,0,0
CAJAMARCA,PE-08,64.0,CHOQUE,12.0,1.0,SATURDAY,0,0
JUNIN,PE-3N,71.0,CHOQUE,14.0,1.0,SATURDAY,0,0
JUNIN,PE-3S,76.0,DESPISTE,1.0,1.0,SATURDAY,0,0
PIURA,PE-1N,100.0,DESPISTE,21.0,1.0,SATURDAY,1,0
LIMA,PE-22,107.0,DESPISTE,1.0,1.0,SATURDAY,0,0
LIMA,PE-22,107.0,CHOQUE,16.0,1.0,SATURDAY,0,0
PASCO,PE-3N,142.0,DESPISTE,2.0,1.0,SATURDAY,0,0
MOQUEGUA,PE-1SD,186.0,DESPISTE,9.0,1.0,SATURDAY,0,0
ICA,PE-1SE,195.0,DESPISTE,11.0,1.0,SATURDAY,0,0
ANCASH,PE-1N,325.0,CHOQUE,7.0,1.0,SATURDAY,0,0
LA LIBERTAD,PE-1N,613.0,DESPISTE,21.0,1.0,SATURDAY,1,0
CUSCO,PE-3S,901.0,DESPISTE,17.0,1.0,SATURDAY,0,0
AREQUIPA,PE-1S,988.0,CHOQUE,5.0,1.0,SATURDAY,0,0
MOQUEGUA,PE-1S,1096.0,CHOQUE,21.0,1.0,SATURDAY,1,0
PUNO,PE-3S,1347.0,CHOQUE,17.0,1.0,SATURDAY,0,0
CAJAMARCA,PE-3N,1387.0,CHOQUE,16.0,1.0,SATURDAY,0,1
PUNO,PE-3S,1463.0,CHOQUE,12.0,1.0,SATURDAY,0,0
LIMA,PE-1NE,11.0,DESPISTE,6.0,1.0,SUNDAY,0,1
LORETO,LO-103,17.0,CHOQUE,19.0,1.0,SUNDAY,1,0
UCAYALI,PE-18C,43.0,CHOQUE,16.0,1.0,SUNDAY,0,0
AREQUIPA,PE-34A,74.0,DESPISTE,20.0,1.0,SUNDAY,1,0
CAJAMARCA,PE-08,113.0,CHOQUE,10.0,1.0,SUNDAY,0,0
AMAZONAS,PE-08B,275.0,DESPISTE,22.0,1.0,SUNDAY,1,0
MADRE DE DIOS,PE-30C,321.0,CHOQUE,19.0,1.0,SUNDAY,1,0
PUNO,PE-34B,323.0,DESPISTE,14.0,1.0,SUNDAY,0,0
MOQUEGUA,PE-36A,20.0,DESPISTE,7.0,1.0,MONDAY,0,0
PIURA,PE-1N,21.0,DESPISTE,22.0,1.0,MONDAY,1,0
LIMA,PE-1N,44.0,DESPISTE,11.0,1.0,MONDAY,0,0
ANCASH,AN-107,59.0,DESPISTE,17.0,1.0,MONDAY,0,0
LIMA,PE-22,115.0,DESPISTE,4.0,1.0,MONDAY,0,0
LIMA,PE-1S,172.0,CHOQUE,21.0,1.0,MONDAY,1,0
TUMBES,PE-1N,226.0,CHOQUE,17.0,1.0,MONDAY,0,0
PIURA,PE-1N,264.0,CHOQUE,7.0,1.0,MONDAY,0,0
MADRE DE DIOS,PE-30C,285.0,CHOQUE,20.0,1.0,MONDAY,1,0
APURIMAC,PE-30A,298.0,DESPISTE,22.0,1.0,MONDAY,1,0
MADRE DE DIOS,PE-30C,308.0,DESPISTE,17.0,1.0,MONDAY,0,0
APURIMAC,PE-30A,393.0,DESPISTE,16.0,1.0,MONDAY,0,0
MADRE DE DIOS,PE-30C,404.0,CHOQUE,10.0,1.0,MONDAY,0,0
CUSCO,PE-3S,1060.0,DESPISTE,4.0,1.0,MONDAY,0,0
PUNO,PE-3S,1306.0,CHOQUE,14.0,1.0,MONDAY,0,1
CAJAMARCA,PE-3N,10.0,CHOQUE,17.0,1.0,TUESDAY,0,0
JUNIN,PE-5S,13.0,DESPISTE,5.0,1.0,TUESDAY,0,0
JUNIN,PE-5S,13.0,DESPISTE,7.0,1.0,TUESDAY,0,0
AREQUIPA,AR-109,16.0,DESPISTE,19.0,1.0,TUESDAY,1,0
PUNO,PE-34H,30.0,CHOQUE,16.0,1.0,TUESDAY,0,0
CAJAMARCA,PE-08,35.0,CHOQUE,22.0,1.0,TUESDAY,1,0
LA LIBERTAD,PE-3N,156.0,CHOQUE,17.0,1.0,TUESDAY,0,0
HUANCAVELICA,PE-3S,317.0,CHOQUE,16.0,1.0,TUESDAY,0,0
ICA,PE-1S,422.0,DESPISTE,9.0,1.0,TUESDAY,0,0
AREQUIPA,PE-1S,618.0,ATROPELLO,23.0,1.0,TUESDAY,1,1
APURIMAC,PE-3S,817.0,CHOQUE,18.0,1.0,TUESDAY,1,0
LAMBAYEQUE,PE-1N,835.0,CHOQUE,19.0,1.0,TUESDAY,1,0
CUSCO,PE-3S,941.0,CHOQUE,22.0,1.0,TUESDAY,1,0
AREQUIPA,PE-1S,951.0,DESPISTE,17.0,1.0,TUESDAY,0,0
AREQUIPA,PE-1S,985.0,CHOQUE,20.0,1.0,TUESDAY,1,0
CUSCO,PE-28G,20.0,DESPISTE,18.0,1.0,WEDNESDAY,1,0
LIMA,PE-1N,42.0,CHOQUE,8.0,1.0,WEDNESDAY,0,0
LA LIBERTAD,PE-10A,55.0,CHOQUE,17.0,1.0,WEDNESDAY,0,0
LA LIBERTAD,PE-10A,60.0,DESPISTE,15.0,1.0,WEDNESDAY,0,0
AREQUIPA,PE-34A,68.0,CHOQUE,23.0,1.0,WEDNESDAY,1,0
LAMBAYEQUE,PE-1NJ,90.0,ATROPELLO,19.0,1.0,WEDNESDAY,1,0
LIMA,PE-22,91.0,DESPISTE,4.0,1.0,WEDNESDAY,0,0
JUNIN,PE-5S,94.0,CHOQUE,18.0,1.0,WEDNESDAY,1,0
HUANCAVELICA,PE-28E,95.0,DESPISTE,8.0,1.0,WEDNESDAY,0,0
LIMA,PE-22,130.0,CHOQUE,12.0,1.0,WEDNESDAY,0,0
AREQUIPA,PE-34A,134.0,DESPISTE,12.0,1.0,WEDNESDAY,0,0
AREQUIPA,PE-34A,136.0,DESPISTE,12.0,1.0,WEDNESDAY,0,0
LIMA,PE-1N,138.0,DESPISTE,9.0,1.0,WEDNESDAY,0,0
ICA,PE-1S,212.0,CHOQUE,23.0,1.0,WEDNESDAY,1,0
PUNO,PE-36A,236.0,DESPISTE,21.0,1.0,WEDNESDAY,1,0
TACNA,PE-36A,236.0,DESPISTE,21.0,1.0,WEDNESDAY,1,0
ANCASH,PE-1N,264.0,CHOQUE,5.0,1.0,WEDNESDAY,0,0
ICA,PE-1S,272.0,ATROPELLO,4.0,1.0,WEDNESDAY,0,0
ICA,PE-1S,468.0,CHOQUE,18.0,1.0,WEDNESDAY,1,0
APURIMAC,PE-3S,813.0,CHOQUE,18.0,1.0,WEDNESDAY,1,0
CUSCO,PE-3S,914.0,DESPISTE,13.0,1.0,WEDNESDAY,0,0
TACNA,PE-1S,1291.0,CHOQUE,19.0,1.0,WEDNESDAY,1,0
PUNO,PE-3S,1479.0,DESPISTE,11.0,1.0,WEDNESDAY,0,0
PUNO,PE-3S,1479.0,DESPISTE,11.0,1.0,WEDNESDAY,0,0
ICA,PE-30A,24.0,DESPISTE,9.0,1.0,THURSDAY,0,0
CAJAMARCA,PE-06B,35.0,DESPISTE,15.0,1.0,THURSDAY,0,0
LAMBAYEQUE,PE-1NJ,113.0,DESPISTE,7.0,1.0,THURSDAY,0,0
JUNIN,PE-22,141.0,DESPISTE,11.0,1.0,THURSDAY,0,0
AYACUCHO,PE-28A,250.0,CHOQUE,20.0,1.0,THURSDAY,1,0
APURIMAC,PE-30A,297.0,DESPISTE,8.0,1.0,THURSDAY,0,0
AMAZONAS,PE-08B,324.0,CHOQUE,16.0,1.0,THURSDAY,0,0
ICA,PE-1S,332.0,DESPISTE,16.0,1.0,THURSDAY,0,1
AREQUIPA,PE-1S,602.0,DESPISTE,7.0,1.0,THURSDAY,0,0
AREQUIPA,PE-1S,602.0,VOLCADURA,7.0,1.0,THURSDAY,0,0
APURIMAC,PE-3S,832.0,DESPISTE,13.0,1.0,THURSDAY,0,0
AREQUIPA,PE-34A,12.0,CHOQUE,21.0,1.0,FRIDAY,1,1
AREQUIPA,AR-109,48.0,DESPISTE,8.0,1.0,FRIDAY,0,0
AREQUIPA,PE-1SJ,49.0,CHOQUE,16.0,1.0,FRIDAY,0,0
LAMBAYEQUE,PE-06A,54.0,DESPISTE,10.0,1.0,FRIDAY,0,0
LIMA,PE-22,56.0,CHOQUE,14.0,1.0,FRIDAY,0,0
LIMA,PE-1N,87.0,CHOQUE,14.0,1.0,FRIDAY,0,0
LIMA,PE-1S,96.0,CHOQUE,9.0,1.0,FRIDAY,0,0
LIMA,PE-22,110.0,DESPISTE,16.0,1.0,FRIDAY,0,0
PUNO,PE-3SG,550.0,CHOQUE,8.0,1.0,FRIDAY,0,0
SAN MARTIN,PE-5N,597.0,CHOQUE,10.0,1.0,FRIDAY,0,0
AREQUIPA,PE-34J,2.0,DESPISTE,17.0,1.0,SATURDAY,0,0
LORETO,LO-103,2.0,DESPISTE,20.0,1.0,SATURDAY,1,0
LIMA,PE-1NA,3.0,CHOQUE,21.0,1.0,SATURDAY,1,0
CAJAMARCA,PE-5N,4.0,CHOQUE,20.0,1.0,SATURDAY,1,1
JUNIN,PE-3N,5.0,CHOQUE,13.0,1.0,SATURDAY,0,0
LORETO,LO-103,6.0,CHOQUE,12.0,1.0,SATURDAY,0,0
AREQUIPA,PE-1SD,8.0,DESPISTE,15.0,1.0,SATURDAY,0,0
LIMA,PE-1N,55.0,DESPISTE,10.0,1.0,SATURDAY,0,0
LAMBAYEQUE,PE-1NJ,95.0,CHOQUE,12.0,1.0,SATURDAY,0,0
LIMA,PE-22,99.0,DESPISTE,16.0,1.0,SATURDAY,0,0
PUNO,PE-34H,104.0,DESPISTE,5.0,1.0,SATURDAY,0,0
LIMA,PE-1S,112.0,ESPECIAL,22.0,1.0,SATURDAY,1,0
CAJAMARCA,PE-08,114.0,CHOQUE,23.0,1.0,SATURDAY,1,0
CUSCO,PE-3S,163.0,CHOQUE,12.0,1.0,SATURDAY,0,0
HUANUCO,PE-18A,208.0,CHOQUE,20.0,1.0,SATURDAY,1,0
MOQUEGUA,PE-1SD,210.0,VOLCADURA,22.0,1.0,SATURDAY,1,0
ANCASH,PE-1N,274.0,DESPISTE,17.0,1.0,SATURDAY,0,0
ICA,PE-1S,328.0,CHOQUE,2.0,1.0,SATURDAY,0,1
ANCASH,PE-1N,392.0,DESPISTE,18.0,1.0,SATURDAY,1,0
SAN MARTIN,PE-5N,565.0,DESPISTE,12.0,1.0,SATURDAY,0,0
MOQUEGUA,PE-1S,1095.0,DESPISTE,20.0,1.0,SATURDAY,1,0
LIMA,PE-20,8.0,ATROPELLO,20.0,1.0,SUNDAY,1,1
LIMA,PE-16,12.0,ESPECIAL,6.0,1.0,SUNDAY,0,0
PUNO,PE-34H,12.0,DESPISTE,19.0,1.0,SUNDAY,1,0
MOQUEGUA,PE-36,41.0,CHOQUE,13.0,1.0,SUNDAY,0,0
HUANUCO,PE-18A,93.0,DESPISTE,23.0,1.0,SUNDAY,1,0
PASCO,PE-3N,96.0,CHOQUE,21.0,1.0,SUNDAY,1,0
UCAYALI,PE-5N,148.0,CHOQUE,19.0,1.0,SUNDAY,1,1
AREQUIPA,PE-34A,151.0,CHOQUE,21.0,1.0,SUNDAY,1,0
LIMA,PE-1N,169.0,DESPISTE,4.0,1.0,SUNDAY,0,0
LIMA,PE-1N,169.0,DESPISTE,4.0,1.0,SUNDAY,0,0
JUNIN,PE-24,279.0,DESPISTE,19.0,1.0,SUNDAY,1,0
ANCASH,PE-1N,292.0,DESPISTE,7.0,1.0,SUNDAY,0,0
MADRE DE DIOS,PE-30C,322.0,CHOQUE,6.0,1.0,SUNDAY,0,0
UCAYALI,PE-5N,391.0,CHOQUE,18.0,1.0,SUNDAY,1,1
AREQUIPA,PE-34,0.0,CHOQUE,9.0,1.0,MONDAY,0,0
UCAYALI,PE-18C,15.0,CHOQUE,15.0,1.0,MONDAY,0,0
CAJAMARCA,PE-3N,20.0,DESPISTE,17.0,1.0,MONDAY,0,0
JUNIN,PE-3SA,27.0,DESPISTE,6.0,1.0,MONDAY,0,0
LA LIBERTAD,PE-10A,30.0,CHOQUE,21.0,1.0,MONDAY,1,0
LIMA,PE-22,47.0,DESPISTE,15.0,1.0,MONDAY,0,0
LIMA,PE-1N,83.0,CHOQUE,13.0,1.0,MONDAY,0,0
CUSCO,PE-28F,106.0,CHOQUE,18.0,1.0,MONDAY,1,0
CAJAMARCA,PE-08,121.0,DESPISTE,18.0,1.0,MONDAY,1,0
CAJAMARCA,PE-08,161.0,CHOQUE,15.0,1.0,MONDAY,0,0
ANCASH,PE-1N,326.0,DESPISTE,0.0,1.0,MONDAY,0,0
AMAZONAS,PE-5N,372.0,DESPISTE,4.0,1.0,MONDAY,0,0
MADRE DE DIOS,PE-5S,403.0,CHOQUE,21.0,1.0,MONDAY,1,0
APURIMAC,PE-3S,586.0,CHOQUE,7.0,1.0,MONDAY,0,0
LAMBAYEQUE,PE-1N,824.0,DESPISTE,19.0,1.0,MONDAY,1,0
LAMBAYEQUE,PE-1N,846.0,CHOQUE,19.0,1.0,MONDAY,1,0
AREQUIPA,PE-1S,973.0,CHOQUE,9.0,1.0,MONDAY,0,0
CUSCO,PE-3S,1002.0,CHOQUE,7.0,1.0,MONDAY,0,0
AREQUIPA,PE-1S,1022.0,DESPISTE,8.0,1.0,MONDAY,0,0
UCAYALI,PE-18C,17.0,CHOQUE,18.0,1.0,TUESDAY,1,0
LIMA,PE-22,69.0,DESPISTE,9.0,1.0,TUESDAY,0,0
LIMA,PE-1S,127.0,DESPISTE,5.0,1.0,TUESDAY,0,0
ICA,PE-1S,230.0,ATROPELLO,7.0,1.0,TUESDAY,0,0
ANCASH,PE-1N,408.0,DESPISTE,19.0,1.0,TUESDAY,1,0
LA LIBERTAD,PE-1N,514.0,CHOQUE,17.0,1.0,TUESDAY,0,0
LAMBAYEQUE,PE-1N,751.0,DESPISTE,18.0,1.0,TUESDAY,1,0
CUSCO,CU-105,,VOLCADURA,16.0,1.0,TUESDAY,0,0
LA LIBERTAD,PE-10A,2.0,DESPISTE,15.0,1.0,WEDNESDAY,0,0
UCAYALI,PE-18C,27.0,DESPISTE,17.0,1.0,WEDNESDAY,0,0
CUSCO,PE-28F,38.0,CHOQUE,7.0,1.0,WEDNESDAY,0,0
ANCASH,PE-12A,49.0,DESPISTE,18.0,1.0,WEDNESDAY,1,0
LAMBAYEQUE,PE-1NJ,95.0,CHOQUE,21.0,1.0,WEDNESDAY,1,0
UCAYALI,PE-5N,137.0,ESPECIAL,16.0,1.0,WEDNESDAY,0,0
AREQUIPA,PE-1S,597.0,DESPISTE,9.0,1.0,WEDNESDAY,0,0
AREQUIPA,PE-1S,664.0,DESPISTE,15.0,1.0,WEDNESDAY,0,0
PUNO,PE-3S,1368.0,CHOQUE,17.0,1.0,WEDNESDAY,0,0
JUNIN,PE-22B,26.0,CHOQUE,18.0,1.0,THURSDAY,1,0
LIMA,PE-22,56.0,CHOQUE,21.0,1.0,THURSDAY,1,0
AYACUCHO,PE-30A,79.0,CHOQUE,2.0,1.0,THURSDAY,0,0
CUSCO,PE-28B,117.0,CHOQUE,10.0,1.0,THURSDAY,0,0
AYACUCHO,PE-34A,128.0,CHOQUE,14.0,1.0,THURSDAY,0,0
LIMA,PE-1N,140.0,DESPISTE,10.0,1.0,THURSDAY,0,0
JUNIN,PE-22,141.0,DESPISTE,6.0,1.0,THURSDAY,0,0
LIMA,PE-1S,148.0,DESPISTE,14.0,1.0,THURSDAY,0,0
JUNIN,PE-22,167.0,DESPISTE,16.0,1.0,THURSDAY,0,0
LIMA,PE-1N,187.0,CHOQUE,6.0,1.0,THURSDAY,0,0
ICA,PE-1S,289.0,DESPISTE,21.0,1.0,THURSDAY,1,0
PIURA,PE-1N,952.0,CHOQUE,16.0,1.0,THURSDAY,0,1
UCAYALI,PE-18C,17.0,CHOQUE,16.0,1.0,FRIDAY,0,0
LIMA,PE-1NE,32.0,DESPISTE,7.0,1.0,FRIDAY,0,0
CAJAMARCA,PE-08B,95.0,DESPISTE,4.0,1.0,FRIDAY,0,0
LIMA,PE-1N,133.0,DESPISTE,11.0,1.0,FRIDAY,0,0
PASCO,PE-3N,136.0,DESPISTE,9.0,1.0,FRIDAY,0,0
PASCO,PE-3N,136.0,DESPISTE,9.0,1.0,FRIDAY,0,0
PUNO,PE-34A,255.0,CHOQUE,12.0,1.0,FRIDAY,0,1
MADRE DE DIOS,PE-30C,264.0,ATROPELLO,21.0,1.0,FRIDAY,1,0
ANCASH,PE-1N,349.0,DESPISTE,11.0,1.0,FRIDAY,0,0
ANCASH,PE-1N,349.0,DESPISTE,16.0,1.0,FRIDAY,0,0
LAMBAYEQUE,PE-1N,769.0,ATROPELLO,7.0,1.0,FRIDAY,0,0
AREQUIPA,PE-1S,773.0,CHOQUE,21.0,1.0,FRIDAY,1,0
LAMBAYEQUE,PE-1N,870.0,DESPISTE,16.0,1.0,FRIDAY,0,0
PUNO,PE-3S,1284.0,DESPISTE,23.0,1.0,FRIDAY,1,1
HUANCAVELICA,PE-3SD,7.0,CHOQUE,11.0,1.0,SATURDAY,0,0
PUNO,PE-34B,13.0,DESPISTE,16.0,1.0,SATURDAY,0,0
LIMA,PE-16,14.0,DESPISTE,13.0,1.0,SATURDAY,0,0
ANCASH,PE-3N,16.0,CHOQUE,17.0,1.0,SATURDAY,0,0
ANCASH,PE-3N,22.0,DESPISTE,9.0,1.0,SATURDAY,0,0
MOQUEGUA,PE-1SD,26.0,CHOQUE,7.0,1.0,SATURDAY,0,0
PIURA,PE-1N,28.0,DESPISTE,22.0,1.0,SATURDAY,1,1
JUNIN,PE-3S,32.0,CHOQUE,11.0,1.0,SATURDAY,0,0
JUNIN,PE-3S,36.0,DESPISTE,11.0,1.0,SATURDAY,0,0
LIMA,PE-1S,37.0,DESPISTE,22.0,1.0,SATURDAY,1,0
AMAZONAS,PE-08C,38.0,DESPISTE,7.0,1.0,SATURDAY,0,0
LIMA,PE-1N,48.0,DESPISTE,14.0,1.0,SATURDAY,0,0
JUNIN,PE-22B,56.0,CHOQUE,6.0,1.0,SATURDAY,0,0
LIMA,PE-22,99.0,ESPECIAL,2.0,1.0,SATURDAY,0,0
CUSCO,PE-28B,116.0,CHOQUE,12.0,1.0,SATURDAY,0,1
LIMA,PE-1N,136.0,CHOQUE,2.0,1.0,SATURDAY,0,0
LIMA,PE-1N,143.0,ATROPELLO,5.0,1.0,SATURDAY,0,0
LIMA,PE-1S,155.0,DESPISTE,6.0,1.0,SATURDAY,0,0
MADRE DE DIOS,PE-30C,324.0,DESPISTE,23.0,1.0,SATURDAY,1,0
ANCASH,PE-1N,414.0,CHOQUE,15.0,1.0,SATURDAY,0,0
SAN MARTIN,PE-5N,586.0,CHOQUE,5.0,1.0,SATURDAY,0,1
AREQUIPA,PE-1S,623.0,DESPISTE,11.0,1.0,SATURDAY,0,0
ANCASH,PE-3N,636.0,CHOQUE,11.0,1.0,SATURDAY,0,0
LAMBAYEQUE,PE-1N,835.0,DESPISTE,12.0,1.0,SATURDAY,0,0
CUSCO,PE-3S,1000.0,CHOQUE,16.0,1.0,SATURDAY,0,0
CUSCO,PE-3S,1000.0,CHOQUE,16.0,1.0,SATURDAY,0,0
TACNA,PE-1SD,15.0,ATROPELLO,7.0,1.0,SUNDAY,0,0
ICA,PE-26,23.0,DESPISTE,14.0,1.0,SUNDAY,0,0
CAJAMARCA,PE-3N,60.0,CHOQUE,18.0,1.0,SUNDAY,1,0
CAJAMARCA,PE-08,81.0,CHOQUE,6.0,1.0,SUNDAY,0,0
JUNIN,PE-3S,99.0,ATROPELLO,11.0,1.0,SUNDAY,0,0
LIMA,PE-1S,108.0,DESPISTE,21.0,1.0,SUNDAY,1,0
ICA,PE-1S,210.0,CHOQUE,4.0,1.0,SUNDAY,0,0
ICA,PE-1S,210.0,CHOQUE,4.0,1.0,SUNDAY,0,0
APURIMAC,PE-30A,283.0,CHOQUE,14.0,1.0,SUNDAY,0,0
SAN MARTIN,PE-5N,479.0,CHOQUE,4.0,1.0,SUNDAY,0,0
SAN MARTIN,PE-5N,736.0,DESPISTE,8.0,1.0,SUNDAY,0,0
AREQUIPA,PE-34A,5.0,DESPISTE,19.0,2.0,MONDAY,1,0
ANCASH,PE-16,76.0,CHOQUE,22.0,2.0,MONDAY,1,0
LIMA,PE-1S,80.0,ESPECIAL,22.0,2.0,MONDAY,1,0
LIMA,PE-1S,84.0,DESPISTE,1.0,2.0,MONDAY,0,0
SAN MARTIN,PE-5N,85.0,CHOQUE,17.0,2.0,MONDAY,0,0
AYACUCHO,PE-3N,130.0,DESPISTE,7.0,2.0,MONDAY,0,0
PIURA,PE-1NJ,191.0,ESPECIAL,17.0,2.0,MONDAY,0,0
MADRE DE DIOS,PE-30C,282.0,CHOQUE,16.0,2.0,MONDAY,0,0
MADRE DE DIOS,PE-30C,459.0,DESPISTE,14.0,2.0,MONDAY,0,0
LAMBAYEQUE,PE-1N,807.0,CHOQUE,16.0,2.0,MONDAY,0,0
AREQUIPA,PE-1S,929.0,CHOQUE,7.0,2.0,MONDAY,0,0
PIURA,PE-1N,987.0,CHOQUE,21.0,2.0,MONDAY,1,1
PIURA,PE-1N,1035.0,CHOQUE,8.0,2.0,MONDAY,0,0
N.I.,N.I.,2.0,CHOQUE,19.0,2.0,TUESDAY,1,0
AREQUIPA,PE-3N,3.0,CHOQUE,8.0,2.0,TUESDAY,0,0
JUNIN,PE-22B,3.0,DESPISTE,9.0,2.0,TUESDAY,0,0
PUNO,PE-34H,6.0,CHOQUE,20.0,2.0,TUESDAY,1,0
HUANCAVELICA,PE-26B,7.0,DESPISTE,12.0,2.0,TUESDAY,0,0
UCAYALI,PE-18C,48.0,ATROPELLO,19.0,2.0,TUESDAY,1,1
MADRE DE DIOS,PE-30C,317.0,DESPISTE,2.0,2.0,TUESDAY,0,0
AREQUIPA,PE-1S,516.0,CHOQUE,9.0,2.0,TUESDAY,0,0
MOQUEGUA,PE-1S,1145.0,CHOQUE,18.0,2.0,TUESDAY,1,0
CAJAMARCA,PE-5N,0.0,ATROPELLO,20.0,2.0,WEDNESDAY,1,0
ANCASH,PE-3N,10.0,ESPECIAL,23.0,2.0,WEDNESDAY,1,0
JUNIN,PE-5S,36.0,CHOQUE,18.0,2.0,WEDNESDAY,1,0
TACNA,PE-1SD,44.0,DESPISTE,12.0,2.0,WEDNESDAY,0,0
LIMA,PE-1S,48.0,DESPISTE,7.0,2.0,WEDNESDAY,0,0
AREQUIPA,PE-34A,61.0,DESPISTE,17.0,2.0,WEDNESDAY,0,0
HUANCAVELICA,PE-26,135.0,DESPISTE,17.0,2.0,WEDNESDAY,0,0
LAMBAYEQUE,PE-1N,145.0,DESPISTE,5.0,2.0,WEDNESDAY,0,0
CUSCO,PE-28B,158.0,CHOQUE,10.0,2.0,WEDNESDAY,0,0
AREQUIPA,PE-34A,179.0,DESPISTE,17.0,2.0,WEDNESDAY,0,0
CAJAMARCA,PE-5N,184.0,DESPISTE,23.0,2.0,WEDNESDAY,1,0
APURIMAC,PE-3S,814.0,CHOQUE,11.0,2.0,WEDNESDAY,0,0
JUNIN,PE-3N,23.0,CHOQUE,16.0,2.0,THURSDAY,0,0
LIMA,PE-1S,25.0,DESPISTE,4.0,2.0,THURSDAY,0,0
LIMA,PE-1S,34.0,DESPISTE,5.0,2.0,THURSDAY,0,0
CUSCO,PE-28B,105.0,DESPISTE,10.0,2.0,THURSDAY,0,0
CUSCO,PE-28B,183.0,CHOQUE,18.0,2.0,THURSDAY,1,0
AYACUCHO,PE-28A,225.0,DESPISTE,5.0,2.0,THURSDAY,0,0
SAN MARTIN,PE-5N,597.0,DESPISTE,15.0,2.0,THURSDAY,0,0
LA LIBERTAD,PE-1N,617.0,VOLCADURA,15.0,2.0,THURSDAY,0,0
SAN MARTIN,PE-5N,758.0,DESPISTE,12.0,2.0,THURSDAY,0,0
AREQUIPA,PE-34C,7.0,DESPISTE,17.0,2.0,FRIDAY,0,0
AREQUIPA,PE-34C,10.0,CHOQUE,18.0,2.0,FRIDAY,1,0
AREQUIPA,PE-34E,13.0,DESPISTE,15.0,2.0,FRIDAY,0,0
JUNIN,PE-3S,22.0,CHOQUE,7.0,2.0,FRIDAY,0,0
JUNIN,PE-3S,22.0,DESPISTE,23.0,2.0,FRIDAY,1,0
ANCASH,PE-16,100.0,VOLCADURA,16.0,2.0,FRIDAY,0,0
ANCASH,PE-14,100.0,VOLCADURA,16.0,2.0,FRIDAY,0,0
LIMA,PE-22,112.0,DESPISTE,14.0,2.0,FRIDAY,0,0
ICA,PE-1S,278.0,CHOQUE,12.0,2.0,FRIDAY,0,0
APURIMAC,PE-30A,308.0,DESPISTE,3.0,2.0,FRIDAY,0,0
AREQUIPA,PE-1S,732.0,CHOQUE,12.0,2.0,FRIDAY,0,0
AREQUIPA,PE-1S,999.0,CHOQUE,12.0,2.0,FRIDAY,0,0
LA LIBERTAD,N.I.,0.0,DESPISTE,1.0,2.0,SATURDAY,0,0
LORETO,LO-103,6.0,DESPISTE,20.0,2.0,SATURDAY,1,0
LIMA,PE-1S,18.0,DESPISTE,17.0,2.0,SATURDAY,0,0
LIMA,PE-22,22.0,DESPISTE,1.0,2.0,SATURDAY,0,0
LIMA,PE-1S,28.0,DESPISTE,10.0,2.0,SATURDAY,0,0
CAJAMARCA,PE-08B,85.0,CHOQUE,18.0,2.0,SATURDAY,1,0
LIMA,PE-1S,150.0,CHOQUE,4.0,2.0,SATURDAY,0,1
JUNIN,PE-22,160.0,DESPISTE,20.0,2.0,SATURDAY,1,0
PIURA,PE-1N,1025.0,DESPISTE,23.0,2.0,SATURDAY,1,0
LAMBAYEQUE,PE-1NJ,1338.0,CHOQUE,20.0,2.0,SATURDAY,1,0
PUNO,PE-3S,1338.0,CHOQUE,20.0,2.0,SATURDAY,1,0
PUNO,PE-3S,1338.0,CHOQUE,20.0,2.0,SATURDAY,1,0
ICA,PE-1SG,11.0,DESPISTE,9.0,2.0,SUNDAY,0,0
LIMA,PE-18,41.0,DESPISTE,13.0,2.0,SUNDAY,0,0
LIMA,PE-22,53.0,DESPISTE,6.0,2.0,SUNDAY,0,0
LAMBAYEQUE,PE-1NJ,68.0,DESPISTE,1.0,2.0,SUNDAY,0,0
LIMA,PE-22,100.0,CHOQUE,13.0,2.0,SUNDAY,0,0
ICA,PE-1S,184.0,CHOQUE,4.0,2.0,SUNDAY,0,0
ICA,PE-1S,294.0,CHOQUE,11.0,2.0,SUNDAY,0,1
AREQUIPA,PE-1S,609.0,DESPISTE,0.0,2.0,SUNDAY,0,0
AREQUIPA,PE-1S,744.0,DESPISTE,23.0,2.0,SUNDAY,1,0
CAJAMARCA,PE-3N,37.0,ATROPELLO,20.0,2.0,MONDAY,1,0
LIMA,PE-1S,65.0,CHOQUE,12.0,2.0,MONDAY,0,0
LIMA,PE-1S,65.0,CHOQUE,13.0,2.0,MONDAY,0,0
LIMA,PE-1N,100.0,DESPISTE,20.0,2.0,MONDAY,1,0
JUNIN,PE-22,159.0,DESPISTE,17.0,2.0,MONDAY,0,0
AMAZONAS,PE-5N,217.0,CHOQUE,8.0,2.0,MONDAY,0,0
MADRE DE DIOS,PE-30C,406.0,CHOQUE,20.0,2.0,MONDAY,1,1
ANCASH,PE-1N,447.0,CHOQUE,6.0,2.0,MONDAY,0,0
SAN MARTIN,PE-5N,598.0,N.I.,7.0,2.0,MONDAY,0,0
ANCASH,PE-3N,656.0,CHOQUE,17.0,2.0,MONDAY,0,1
AREQUIPA,PE-1S,744.0,DESPISTE,9.0,2.0,MONDAY,0,0
LAMBAYEQUE,PE-1N,838.0,CHOQUE,15.0,2.0,MONDAY,0,0
CUSCO,PE-3S,1019.0,DESPISTE,18.0,2.0,MONDAY,1,0
LORETO,LO-103,14.0,ESPECIAL,15.0,2.0,TUESDAY,0,0
PIURA,PE-02,21.0,DESPISTE,18.0,2.0,TUESDAY,1,0
JUNIN,PE-22,147.0,DESPISTE,18.0,2.0,TUESDAY,1,0
ANCASH,PE-3N,220.0,CHOQUE,18.0,2.0,TUESDAY,1,0
APURIMAC,PE-30A,312.0,DESPISTE,14.0,2.0,TUESDAY,0,0
LIMA,PE-1S,492.0,CHOQUE,1.0,2.0,TUESDAY,0,0
CAJAMARCA,PE-3N,1477.0,CHOQUE,19.0,2.0,TUESDAY,1,0
LORETO,LO-103,4.0,CHOQUE,15.0,2.0,WEDNESDAY,0,0
LIMA,PE-1S,24.0,CHOQUE,15.0,2.0,WEDNESDAY,0,0
ICA,PE-28A,47.0,DESPISTE,2.0,2.0,WEDNESDAY,0,0
PIURA,PE-02,49.0,DESPISTE,9.0,2.0,WEDNESDAY,0,1
CAJAMARCA,PE-3N,89.0,DESPISTE,16.0,2.0,WEDNESDAY,0,0
JUNIN,PE-22,162.0,CHOQUE,9.0,2.0,WEDNESDAY,0,0
JUNIN,PE-22,165.0,DESPISTE,4.0,2.0,WEDNESDAY,0,0
ICA,PE-1S,332.0,CHOQUE,17.0,2.0,WEDNESDAY,0,0
AYACUCHO,PE-28A,341.0,DESPISTE,16.0,2.0,WEDNESDAY,0,0
PUNO,PE-30C,,CHOQUE,21.0,2.0,WEDNESDAY,1,0
CAJAMARCA,PE-5N,4.0,ESPECIAL,21.0,2.0,THURSDAY,1,0
CAJAMARCA,PE-3N,27.0,CHOQUE,12.0,2.0,THURSDAY,0,0
LIMA,PE-22,30.0,N.I.,1.0,2.0,THURSDAY,0,0
TACNA,PE-1SD,38.0,CHOQUE,15.0,2.0,THURSDAY,0,0
LIMA,PE-22,49.0,DESPISTE,4.0,2.0,THURSDAY,0,0
ANCASH,PE-14,110.0,DESPISTE,5.0,2.0,THURSDAY,0,0
CAJAMARCA,PE-3N,124.0,DESPISTE,14.0,2.0,THURSDAY,0,0
ANCASH,PE-1N,236.0,DESPISTE,7.0,2.0,THURSDAY,0,0
SAN MARTIN,PE-5N,810.0,DESPISTE,13.0,2.0,THURSDAY,0,0
CUSCO,CU-118,0.0,DESPISTE,2.0,2.0,FRIDAY,0,1
PIURA,PE-1N,40.0,CHOQUE,23.0,2.0,FRIDAY,1,0
LIMA,PE-22,48.0,DESPISTE,7.0,2.0,FRIDAY,0,0
LIMA,PE-1N,64.0,DESPISTE,20.0,2.0,FRIDAY,1,0
TUMBES,PE-1N,150.0,DESPISTE,23.0,2.0,FRIDAY,1,0
CUSCO,PE-28,164.0,DESPISTE,15.0,2.0,FRIDAY,0,0
ANCASH,PE-1N,286.0,DESPISTE,0.0,2.0,FRIDAY,0,0
CUSCO,PE-28B,330.0,CHOQUE,21.0,2.0,FRIDAY,1,1
LA LIBERTAD,PE-1N,465.0,DESPISTE,4.0,2.0,FRIDAY,0,1
LAMBAYEQUE,PE-1N,848.0,CHOQUE,7.0,2.0,FRIDAY,0,0
CAJAMARCA,PE-08B,34.0,CHOQUE,18.0,2.0,SATURDAY,1,0
AREQUIPA,PE-1SD,42.0,DESPISTE,17.0,2.0,SATURDAY,0,0
PUNO,PE-34B,99.0,DESPISTE,15.0,2.0,SATURDAY,0,0
PIURA,PE-1N,137.0,CHOQUE,19.0,2.0,SATURDAY,1,0
JUNIN,PE-22,162.0,DESPISTE,5.0,2.0,SATURDAY,0,0
PUNO,PE-34A,237.0,CHOQUE,21.0,2.0,SATURDAY,1,0
CUSCO,PE-28B,254.0,VOLCADURA,10.0,2.0,SATURDAY,0,0
LA LIBERTAD,PE-1N,586.0,ATROPELLO,20.0,2.0,SATURDAY,1,0
LAMBAYEQUE,PE-1N,1.0,CHOQUE,21.0,2.0,SUNDAY,1,0
JUNIN,PE-3SA,21.0,DESPISTE,6.0,2.0,SUNDAY,0,0
LIMA,PE-20A,36.0,CHOQUE,18.0,2.0,SUNDAY,1,0
PUNO,PE-36B,77.0,DESPISTE,8.0,2.0,SUNDAY,0,0
LIMA,PE-1S,126.0,DESPISTE,23.0,2.0,SUNDAY,1,0
LIMA,PE-1S,161.0,DESPISTE,8.0,2.0,SUNDAY,0,0
HUANUCO,PE-3N,226.0,CHOQUE,23.0,2.0,SUNDAY,1,0
CUSCO,PE-28B,266.0,CHOQUE,19.0,2.0,SUNDAY,1,0
CUSCO,PE-28B,361.0,CHOQUE,1.0,2.0,SUNDAY,0,0
ICA,PE-1S,401.0,DESPISTE,6.0,2.0,SUNDAY,0,0
HUANUCO,PE-5N,483.0,DESPISTE,20.0,2.0,SUNDAY,1,0
LA LIBERTAD,PE-1N,645.0,DESPISTE,12.0,2.0,SUNDAY,0,0
LAMBAYEQUE,PE-1N,766.0,CHOQUE,21.0,2.0,SUNDAY,1,0
LAMBAYEQUE,PE-1N,830.0,DESPISTE,11.0,2.0,SUNDAY,0,0
PUNO,PE-36B,12.0,DESPISTE,8.0,2.0,MONDAY,0,0
AMAZONAS,PE-08C,29.0,DESPISTE,17.0,2.0,MONDAY,0,0
JUNIN,PE-3SA,53.0,CHOQUE,16.0,2.0,MONDAY,0,0
CAJAMARCA,PE-08,76.0,VOLCADURA,8.0,2.0,MONDAY,0,1
CAJAMARCA,PE-06A,76.0,VOLCADURA,15.0,2.0,MONDAY,0,0
CAJAMARCA,PE-08,83.0,DESPISTE,20.0,2.0,MONDAY,1,0
CAJAMARCA,PE-06A,83.0,DESPISTE,20.0,2.0,MONDAY,1,0
PASCO,PE-5N,196.0,ESPECIAL,13.0,2.0,MONDAY,0,0
MADRE DE DIOS,PE-30C,266.0,CHOQUE,19.0,2.0,MONDAY,1,0
MADRE DE DIOS,PE-30C,389.0,CHOQUE,13.0,2.0,MONDAY,0,0
MADRE DE DIOS,PE-30C,389.0,CHOQUE,13.0,2.0,MONDAY,0,0
ANCASH,PE-1N,410.0,CHOQUE,12.0,2.0,MONDAY,0,0
ANCASH,PE-1N,410.0,CHOQUE,13.0,2.0,MONDAY,0,0
SAN MARTIN,PE-5N,438.0,DESPISTE,22.0,2.0,MONDAY,1,0
LAMBAYEQUE,PE-1N,827.0,CHOQUE,8.0,2.0,MONDAY,0,0
LAMBAYEQUE,PE-1N,827.0,CHOQUE,8.0,2.0,MONDAY,0,0
LAMBAYEQUE,PE-04B,6.0,DESPISTE,17.0,2.0,TUESDAY,0,0
PUNO,PE-34H,33.0,CHOQUE,5.0,2.0,TUESDAY,0,0
CUSCO,PE-34J,36.0,DESPISTE,22.0,2.0,TUESDAY,1,0
JUNIN,PE-3S,61.0,DESPISTE,16.0,2.0,TUESDAY,0,0
AYACUCHO,PE-30A,144.0,CHOQUE,11.0,2.0,TUESDAY,0,0
AYACUCHO,PE-3S,400.0,ATROPELLO,17.0,2.0,TUESDAY,0,0
MADRE DE DIOS,PE-30C,412.0,CHOQUE,8.0,2.0,TUESDAY,0,0
APURIMAC,PE-3S,771.0,DESPISTE,8.0,2.0,TUESDAY,0,0
AREQUIPA,PE-1S,946.0,CHOQUE,16.0,2.0,TUESDAY,0,0
LORETO,LO-103,0.0,CHOQUE,9.0,2.0,WEDNESDAY,0,1
AREQUIPA,PE-34J,36.0,DESPISTE,6.0,2.0,WEDNESDAY,0,0
LIMA,PE-1S,69.0,CHOQUE,10.0,2.0,WEDNESDAY,0,0
CAJAMARCA,PE-08B,82.0,DESPISTE,13.0,2.0,WEDNESDAY,0,0
LIMA,PE-22,105.0,CHOQUE,15.0,2.0,WEDNESDAY,0,0
ANCASH,PE-1N,338.0,DESPISTE,1.0,2.0,WEDNESDAY,0,0
ICA,PE-1S,468.0,CHOQUE,6.0,2.0,WEDNESDAY,0,0
AREQUIPA,PE-1S,505.0,CHOQUE,7.0,2.0,WEDNESDAY,0,0
AREQUIPA,PE-1S,505.0,CHOQUE,7.0,2.0,WEDNESDAY,0,0
LIMA,N.I.,0.0,ESPECIAL,15.0,2.0,THURSDAY,0,1
AREQUIPA,PE-1SD,11.0,DESPISTE,10.0,2.0,THURSDAY,0,1
AREQUIPA,PE-1SD,11.0,DESPISTE,10.0,2.0,THURSDAY,0,0
LAMBAYEQUE,PE-1NJ,87.0,CHOQUE,15.0,2.0,THURSDAY,0,0
LIMA,PE-22,113.0,CHOQUE,14.0,2.0,THURSDAY,0,0
LIMA,PE-22,113.0,CHOQUE,14.0,2.0,THURSDAY,0,0
LIMA,PE-1N,127.0,CHOQUE,23.0,2.0,THURSDAY,1,0
PUNO,PE-34A,252.0,DESPISTE,4.0,2.0,THURSDAY,0,0
PUNO,PE-34A,252.0,DESPISTE,6.0,2.0,THURSDAY,0,0
ICA,PE-1S,265.0,DESPISTE,0.0,2.0,THURSDAY,0,1
ICA,PE-1S,265.0,DESPISTE,0.0,2.0,THURSDAY,0,0
AYACUCHO,PE-3S,330.0,CHOQUE,11.0,2.0,THURSDAY,0,0
ANCASH,PE-1N,338.0,DESPISTE,1.0,2.0,THURSDAY,0,0
APURIMAC,PE-30A,357.0,CHOQUE,8.0,2.0,THURSDAY,0,0
APURIMAC,PE-30A,357.0,CHOQUE,8.0,2.0,THURSDAY,0,0
APURIMAC,PE-30A,357.0,CHOQUE,9.0,2.0,THURSDAY,0,0
ANCASH,PE-1N,381.0,CHOQUE,15.0,2.0,THURSDAY,0,0
MADRE DE DIOS,PE-30C,405.0,CHOQUE,11.0,2.0,THURSDAY,0,0
ANCASH,PE-1N,410.0,DESPISTE,13.0,2.0,THURSDAY,0,0
LIMA,PE-1NE,500.0,ATROPELLO,15.0,2.0,THURSDAY,0,0
AREQUIPA,PE-1S,602.0,DESPISTE,15.0,2.0,THURSDAY,0,0
AREQUIPA,PE-1S,602.0,DESPISTE,15.0,2.0,THURSDAY,0,0
CUSCO,PE-3S,1027.0,DESPISTE,18.0,2.0,THURSDAY,1,0
CUSCO,PE-3S,1027.0,DESPISTE,21.0,2.0,THURSDAY,1,0
JUNIN,PE-3SA,54.0,CHOQUE,14.0,2.0,FRIDAY,0,0
JUNIN,PE-3SA,54.0,CHOQUE,14.0,2.0,FRIDAY,0,0
JUNIN,PE-5S,74.0,CHOQUE,19.0,2.0,FRIDAY,1,0
ICA,PE-1S,198.0,CHOQUE,4.0,2.0,FRIDAY,0,0
ANCASH,PE-1N,228.0,DESPISTE,4.0,2.0,FRIDAY,0,0
ANCASH,PE-1N,242.0,DESPISTE,8.0,2.0,FRIDAY,0,0
ANCASH,PE-14,345.0,DESPISTE,19.0,2.0,FRIDAY,1,0
ANCASH,PE-1N,345.0,DESPISTE,19.0,2.0,FRIDAY,1,0
AREQUIPA,PE-1S,737.0,DESPISTE,1.0,2.0,FRIDAY,0,0
PIURA,PE-1N,964.0,DESPISTE,12.0,2.0,FRIDAY,0,0
AYACUCHO,PE-28B,41.0,CHOQUE,16.0,2.0,SATURDAY,0,0
PIURA,PE-02A,53.0,ATROPELLO,21.0,2.0,SATURDAY,1,0
CAJAMARCA,PE-08B,61.0,DESPISTE,17.0,2.0,SATURDAY,0,0
AYACUCHO,PE-30A,73.0,DESPISTE,12.0,2.0,SATURDAY,0,0
AYACUCHO,PE-30A,73.0,DESPISTE,12.0,2.0,SATURDAY,0,0
LAMBAYEQUE,PE-1NJ,76.0,DESPISTE,23.0,2.0,SATURDAY,1,0
LAMBAYEQUE,PE-1NJ,76.0,DESPISTE,23.0,2.0,SATURDAY,1,0
LIMA,PE-1N,90.0,DESPISTE,6.0,2.0,SATURDAY,0,0
LIMA,PE-1N,90.0,DESPISTE,6.0,2.0,SATURDAY,0,0
LAMBAYEQUE,PE-1NJ,91.0,CHOQUE,21.0,2.0,SATURDAY,1,0
LAMBAYEQUE,PE-1NJ,91.0,CHOQUE,21.0,2.0,SATURDAY,1,0
LIMA,PE-22,103.0,CHOQUE,15.0,2.0,SATURDAY,0,0
ANCASH,PE-1N,228.0,DESPISTE,4.0,2.0,SATURDAY,0,0
HUANUCO,PE-3N,262.0,DESPISTE,13.0,2.0,SATURDAY,0,1
ANCASH,PE-1N,423.0,VOLCADURA,20.0,2.0,SATURDAY,1,0
AREQUIPA,PE-1S,737.0,DESPISTE,1.0,2.0,SATURDAY,0,0
CUSCO,PE-3S,880.0,DESPISTE,1.0,2.0,SATURDAY,0,0
CUSCO,PE-3S,880.0,DESPISTE,1.0,2.0,SATURDAY,0,0
CUSCO,PE-3S,1026.0,DESPISTE,6.0,2.0,SATURDAY,0,0
ANCASH,PE-12A,10.0,DESPISTE,17.0,2.0,SUNDAY,0,0
LIMA,PE-1NA,16.0,DESPISTE,4.0,2.0,SUNDAY,0,0
LIMA,PE-1NA,16.0,DESPISTE,4.0,2.0,SUNDAY,0,0
AMAZONAS,PE-08C,17.0,DESPISTE,17.0,2.0,SUNDAY,0,0
PIURA,PE-02A,65.0,CHOQUE,18.0,2.0,SUNDAY,1,0
JUNIN,PE-22,157.0,DESPISTE,14.0,2.0,SUNDAY,0,0
ANCASH,PE-1N,263.0,DESPISTE,8.0,2.0,SUNDAY,0,0
AYACUCHO,PE-3S,394.0,DESPISTE,18.0,2.0,SUNDAY,1,0
MADRE DE DIOS,PE-30C,418.0,DESPISTE,17.0,2.0,SUNDAY,0,0
ICA,PE-1S,495.0,CHOQUE,12.0,2.0,SUNDAY,0,0
ICA,PE-1S,495.0,CHOQUE,12.0,2.0,SUNDAY,0,0
SAN MARTIN,PE-5N,498.0,DESPISTE,20.0,2.0,SUNDAY,1,0
SAN MARTIN,PE-5N,509.0,DESPISTE,17.0,2.0,SUNDAY,0,0
AREQUIPA,PE-1S,617.0,DESPISTE,20.0,2.0,SUNDAY,1,0
AREQUIPA,PE-1S,633.0,DESPISTE,10.0,2.0,SUNDAY,0,0
LA LIBERTAD,PE-1N,675.0,CHOQUE,23.0,2.0,SUNDAY,1,1
LA LIBERTAD,PE-1N,675.0,CHOQUE,23.0,2.0,SUNDAY,1,0
LAMBAYEQUE,PE-1N,836.0,CHOQUE,21.0,2.0,SUNDAY,1,0
LAMBAYEQUE,PE-1N,836.0,CHOQUE,21.0,2.0,SUNDAY,1,0
CAJAMARCA,PE-08A,6.0,DESPISTE,11.0,2.0,MONDAY,0,0
CAJAMARCA,PE-08A,6.0,DESPISTE,11.0,2.0,MONDAY,0,0
PUNO,PE-34B,6.0,CHOQUE,18.0,2.0,MONDAY,1,0
LORETO,LO-103,11.0,DESPISTE,16.0,2.0,MONDAY,0,0
LIMA,PE-1NE,12.0,CHOQUE,15.0,2.0,MONDAY,0,0
LIMA,PE-1NE,12.0,CHOQUE,15.0,2.0,MONDAY,0,0
ICA,PE-30A,39.0,DESPISTE,20.0,2.0,MONDAY,1,0
LIMA,PE-22,99.0,CHOQUE,10.0,2.0,MONDAY,0,0
LIMA,PE-22,100.0,CHOQUE,10.0,2.0,MONDAY,0,0
JUNIN,PE-3SB,109.0,DESPISTE,13.0,2.0,MONDAY,0,0
CAJAMARCA,PE-3N,120.0,CHOQUE,2.0,2.0,MONDAY,0,1
CAJAMARCA,PE-3N,120.0,CHOQUE,2.0,2.0,MONDAY,0,0
CAJAMARCA,PE-3N,120.0,CHOQUE,2.0,2.0,MONDAY,0,0
CAJAMARCA,PE-3N,120.0,CHOQUE,12.0,2.0,MONDAY,0,0
CAJAMARCA,PE-3N,137.0,CHOQUE,11.0,2.0,MONDAY,0,0
PASCO,PE-3N,138.0,DESPISTE,10.0,2.0,MONDAY,0,0
ICA,PE-1S,183.0,DESPISTE,7.0,2.0,MONDAY,0,0
ICA,PE-1S,183.0,DESPISTE,7.0,2.0,MONDAY,0,0
ANCASH,PE-1N,393.0,DESPISTE,15.0,2.0,MONDAY,0,0
JUNIN,PE-5S,38.0,CHOQUE,18.0,2.0,TUESDAY,1,0
LA LIBERTAD,PE-1NF,62.0,CHOQUE,7.0,2.0,TUESDAY,0,1
LIMA,PE-1N,74.0,DESPISTE,18.0,2.0,TUESDAY,1,0
JUNIN,PE-3SB,101.0,CHOQUE,12.0,2.0,TUESDAY,0,0
LIMA,PE-1N,103.0,DESPISTE,4.0,2.0,TUESDAY,0,0
LIMA,PE-1N,103.0,DESPISTE,4.0,2.0,TUESDAY,0,0
LIMA,PE-22,104.0,DESPISTE,11.0,2.0,TUESDAY,0,0
LIMA,PE-22,104.0,DESPISTE,11.0,2.0,TUESDAY,0,0
LIMA,PE-22,115.0,DESPISTE,16.0,2.0,TUESDAY,0,0
CAJAMARCA,PE-3N,141.0,DESPISTE,7.0,2.0,TUESDAY,0,0
CAJAMARCA,PE-3N,141.0,DESPISTE,7.0,2.0,TUESDAY,0,0
ICA,PE-1S,179.0,DESPISTE,10.0,2.0,TUESDAY,0,0
AYACUCHO,PE-28A,262.0,CHOQUE,8.0,2.0,TUESDAY,0,1
AYACUCHO,PE-28A,262.0,CHOQUE,8.0,2.0,TUESDAY,0,0
ICA,PE-1S,420.0,DESPISTE,4.0,2.0,TUESDAY,0,0
ICA,PE-1S,420.0,DESPISTE,4.0,2.0,TUESDAY,0,0
HUANUCO,PE-5N,472.0,CHOQUE,18.0,2.0,TUESDAY,1,0
SAN MARTIN,PE-5N,652.0,CHOQUE,15.0,2.0,TUESDAY,0,0
SAN MARTIN,PE-5N,652.0,CHOQUE,20.0,2.0,TUESDAY,1,0
LAMBAYEQUE,PE-1N,832.0,DESPISTE,6.0,2.0,TUESDAY,0,0
LAMBAYEQUE,PE-1N,832.0,DESPISTE,6.0,2.0,TUESDAY,0,0
PUNO,PE-3S,1189.0,CHOQUE,14.0,2.0,TUESDAY,0,0
LA LIBERTAD,PE-1NF,0.0,CHOQUE,5.0,2.0,WEDNESDAY,0,1
LA LIBERTAD,PE-10A,1.0,CHOQUE,5.0,2.0,WEDNESDAY,0,0
CAJAMARCA,PE-08A,7.0,ESPECIAL,19.0,2.0,WEDNESDAY,1,0
MOQUEGUA,PE-1SD,19.0,CHOQUE,9.0,2.0,WEDNESDAY,0,0
TACNA,PE-1SD,19.0,CHOQUE,9.0,2.0,WEDNESDAY,0,0
PUNO,PE-34H,25.0,ATROPELLO,11.0,2.0,WEDNESDAY,0,0
UCAYALI,PE-18C,38.0,CHOQUE,21.0,2.0,WEDNESDAY,1,0
LIMA,PE-1S,90.0,CHOQUE,6.0,2.0,WEDNESDAY,0,0
LIMA,PE-1S,90.0,CHOQUE,6.0,2.0,WEDNESDAY,0,0
MOQUEGUA,PE-36A,92.0,DESPISTE,15.0,2.0,WEDNESDAY,0,0
JUNIN,PE-3SB,110.0,CHOQUE,6.0,2.0,WEDNESDAY,0,0
AREQUIPA,PE-1SD,119.0,CHOQUE,19.0,2.0,WEDNESDAY,1,1
AYACUCHO,PE-28B,129.0,CHOQUE,14.0,2.0,WEDNESDAY,0,0
LIMA,PE-1S,131.0,DESPISTE,6.0,2.0,WEDNESDAY,0,0
PUNO,PE-34A,286.0,CHOQUE,13.0,2.0,WEDNESDAY,0,1
PUNO,PE-34A,286.0,CHOQUE,15.0,2.0,WEDNESDAY,0,0
APURIMAC,PE-30A,298.0,DESPISTE,1.0,2.0,WEDNESDAY,0,0
SAN MARTIN,PE-5N,440.0,DESPISTE,20.0,2.0,WEDNESDAY,1,0
SAN MARTIN,PE-5N,596.0,DESPISTE,23.0,2.0,WEDNESDAY,1,0
LAMBAYEQUE,PE-1N,836.0,CHOQUE,6.0,2.0,WEDNESDAY,0,0
PIURA,PE-1N,895.0,CHOQUE,7.0,2.0,WEDNESDAY,0,0
TACNA,PE-1S,1293.0,CHOQUE,19.0,2.0,WEDNESDAY,1,1
TACNA,PE-1S,1293.0,CHOQUE,19.0,2.0,WEDNESDAY,1,0
SAN MARTIN,PE-5N,1.0,CHOQUE,19.0,2.0,THURSDAY,1,0
LORETO,PE-5NI,2.0,CHOQUE,20.0,2.0,THURSDAY,1,0
JUNIN,PE-3S,16.0,DESPISTE,18.0,2.0,THURSDAY,1,0
JUNIN,PE-3S,16.0,VOLCADURA,18.0,2.0,THURSDAY,1,0
LIMA,PE-1S,23.0,DESPISTE,4.0,2.0,THURSDAY,0,0
LIMA,PE-1N,23.0,DESPISTE,4.0,2.0,THURSDAY,0,0
LIMA,PE-1S,24.0,CHOQUE,8.0,2.0,THURSDAY,0,0
ICA,PE-30A,28.0,CHOQUE,6.0,2.0,THURSDAY,0,0
JUNIN,PE-3S,63.0,CHOQUE,11.0,2.0,THURSDAY,0,0
JUNIN,PE-3S,63.0,CHOQUE,11.0,2.0,THURSDAY,0,0
JUNIN,PE-3N,82.0,DESPISTE,17.0,2.0,THURSDAY,0,0
JUNIN,PE-3N,82.0,DESPISTE,17.0,2.0,THURSDAY,0,0
HUANUCO,PE-18A,91.0,DESPISTE,12.0,2.0,THURSDAY,0,0
LAMBAYEQUE,PE-1NJ,121.0,DESPISTE,9.0,2.0,THURSDAY,0,0
CAJAMARCA,PE-06A,150.0,DESPISTE,15.0,2.0,THURSDAY,0,0
CAJAMARCA,PE-06A,150.0,DESPISTE,15.0,2.0,THURSDAY,0,0
ANCASH,PE-1N,315.0,CHOQUE,4.0,2.0,THURSDAY,0,0
ANCASH,PE-1N,315.0,CHOQUE,4.0,2.0,THURSDAY,0,0
LA LIBERTAD,PE-1N,643.0,N.I.,7.0,2.0,THURSDAY,0,0
LA LIBERTAD,PE-1N,643.0,N.I.,7.0,2.0,THURSDAY,0,0
SAN MARTIN,PE-5N,653.0,CHOQUE,19.0,2.0,THURSDAY,1,0
AREQUIPA,PE-1S,989.0,CHOQUE,11.0,2.0,THURSDAY,0,0
PUNO,PE-3S,1156.0,DESPISTE,9.0,2.0,THURSDAY,0,0
PUNO,PE-3S,1156.0,DESPISTE,9.0,2.0,THURSDAY,0,0
TACNA,PE-1S,1285.0,DESPISTE,15.0,2.0,THURSDAY,0,0
LIMA,PE-1S,8.0,CHOQUE,20.0,2.0,FRIDAY,1,0
LIMA,PE-1S,30.0,VOLCADURA,17.0,2.0,FRIDAY,0,0
LIMA,PE-1N,44.0,DESPISTE,16.0,2.0,FRIDAY,0,0
LIMA,PE-1N,44.0,CHOQUE,23.0,2.0,FRIDAY,1,0
JUNIN,PE-3S,60.0,DESPISTE,13.0,2.0,FRIDAY,0,0
CUSCO,PE-34J,65.0,DESPISTE,12.0,2.0,FRIDAY,0,0
LIMA,PE-1N,103.0,DESPISTE,16.0,2.0,FRIDAY,0,0
LIMA,PE-1S,109.0,DESPISTE,19.0,2.0,FRIDAY,1,0
LIMA,PE-1S,109.0,DESPISTE,19.0,2.0,FRIDAY,1,0
JUNIN,PE-22,153.0,VOLCADURA,3.0,2.0,FRIDAY,0,0
LIMA,PE-1S,173.0,DESPISTE,15.0,2.0,FRIDAY,0,0
ICA,PE-1S,194.0,CHOQUE,17.0,2.0,FRIDAY,0,0
PUNO,PE-34A,208.0,DESPISTE,9.0,2.0,FRIDAY,0,1
LIMA,PE-1N,209.0,DESPISTE,7.0,2.0,FRIDAY,0,0
MADRE DE DIOS,PE-30C,328.0,DESPISTE,17.0,2.0,FRIDAY,0,0
MADRE DE DIOS,PE-30C,432.0,CHOQUE,13.0,2.0,FRIDAY,0,0
LAMBAYEQUE,PE-1N,824.0,DESPISTE,14.0,2.0,FRIDAY,0,0
LAMBAYEQUE,PE-1N,824.0,DESPISTE,14.0,2.0,FRIDAY,0,0
MOQUEGUA,PE-1S,1094.0,CHOQUE,5.0,2.0,FRIDAY,0,0
PUNO,PE-34B,4.0,CHOQUE,1.0,2.0,SATURDAY,0,1
PUNO,PE-34B,4.0,CHOQUE,21.0,2.0,SATURDAY,1,0
ICA,PE-28A,26.0,DESPISTE,7.0,2.0,SATURDAY,0,0
JUNIN,PE-3S,57.0,CHOQUE,16.0,2.0,SATURDAY,0,1
JUNIN,PE-3S,57.0,CHOQUE,16.0,2.0,SATURDAY,0,0
LIMA,PE-1S,169.0,DESPISTE,6.0,2.0,SATURDAY,0,0
LIMA,PE-1S,169.0,DESPISTE,6.0,2.0,SATURDAY,0,0
ICA,PE-1S,185.0,DESPISTE,6.0,2.0,SATURDAY,0,0
ICA,PE-1S,315.0,CHOQUE,7.0,2.0,SATURDAY,0,1
APURIMAC,PE-30A,393.0,VOLCADURA,13.0,2.0,SATURDAY,0,0
APURIMAC,PE-30A,393.0,VOLCADURA,14.0,2.0,SATURDAY,0,0
SAN MARTIN,PE-5N,486.0,DESPISTE,8.0,2.0,SATURDAY,0,0
LA LIBERTAD,PE-1N,561.0,CHOQUE,5.0,2.0,SATURDAY,0,0
LAMBAYEQUE,PE-1N,806.0,CHOQUE,20.0,2.0,SATURDAY,1,0
AREQUIPA,PE-1S,1057.0,CHOQUE,19.0,2.0,SATURDAY,1,0
AREQUIPA,PE-1S,1057.0,CHOQUE,19.0,2.0,SATURDAY,1,0
JUNIN,PE-22B,3.0,ESPECIAL,21.0,2.0,SUNDAY,1,0
LORETO,LO-103,8.0,CHOQUE,19.0,2.0,SUNDAY,1,0
UCAYALI,PE-18C,10.0,DESPISTE,11.0,2.0,SUNDAY,0,0
AREQUIPA,PE-34C,22.0,DESPISTE,23.0,2.0,SUNDAY,1,1
LA LIBERTAD,PE-10A,22.0,CHOQUE,21.0,2.0,SUNDAY,1,0
LIMA,PE-22,67.0,DESPISTE,17.0,2.0,SUNDAY,0,0
LAMBAYEQUE,PE-1NJ,70.0,CHOQUE,20.0,2.0,SUNDAY,1,0
LAMBAYEQUE,PE-1NJ,70.0,CHOQUE,20.0,2.0,SUNDAY,1,0
LIMA,PE-22,109.0,DESPISTE,18.0,2.0,SUNDAY,1,0
LIMA,PE-22,109.0,DESPISTE,18.0,2.0,SUNDAY,1,0
TUMBES,PE-1N,160.0,CHOQUE,0.0,2.0,SUNDAY,0,1
TUMBES,PE-1N,160.0,CHOQUE,0.0,2.0,SUNDAY,0,0
LA LIBERTAD,PE-10C,276.0,DESPISTE,4.0,2.0,SUNDAY,0,0
ICA,PE-1S,333.0,CHOQUE,6.0,2.0,SUNDAY,0,0
LA LIBERTAD,PE-1N,525.0,ATROPELLO,6.0,2.0,SUNDAY,0,1
SAN MARTIN,PE-5N,725.0,CHOQUE,20.0,2.0,SUNDAY,1,0
AREQUIPA,PE-1S,944.0,DESPISTE,18.0,2.0,SUNDAY,1,0
UCAYALI,PE-18C,18.0,DESPISTE,14.0,3.0,MONDAY,0,0
UCAYALI,PE-18C,22.0,CHOQUE,9.0,3.0,MONDAY,0,0
HUANUCO,PE-18A,36.0,DESPISTE,23.0,3.0,MONDAY,1,0
LAMBAYEQUE,PE-1NJ,56.0,CHOQUE,17.0,3.0,MONDAY,0,0
ANCASH,PE-16,65.0,DESPISTE,18.0,3.0,MONDAY,1,0
AREQUIPA,PE-34A,72.0,DESPISTE,6.0,3.0,MONDAY,0,0
LIMA,PE-22,72.0,DESPISTE,12.0,3.0,MONDAY,0,0
LIMA,PE-1S,127.0,CHOQUE,17.0,3.0,MONDAY,0,0
UCAYALI,PE-18C,134.0,CHOQUE,12.0,3.0,MONDAY,0,0
PASCO,PE-22,152.0,CHOQUE,15.0,3.0,MONDAY,0,0
AREQUIPA,PE-1S,586.0,CHOQUE,2.0,3.0,MONDAY,0,0
LAMBAYEQUE,PE-1N,872.0,CHOQUE,16.0,3.0,MONDAY,0,0
PIURA,PE-1N,987.0,DESPISTE,3.0,3.0,MONDAY,0,0
MOQUEGUA,PE-1S,1161.0,CHOQUE,17.0,3.0,MONDAY,0,0
TACNA,PE-1S,1270.0,DESPISTE,9.0,3.0,MONDAY,0,0
CAJAMARCA,N.I.,0.0,DESPISTE,21.0,3.0,TUESDAY,1,1
ANCASH,AN-110,5.0,DESPISTE,1.0,3.0,TUESDAY,0,0
LORETO,LO-103,45.0,DESPISTE,15.0,3.0,TUESDAY,0,0
JUNIN,PE-3N,50.0,DESPISTE,1.0,3.0,TUESDAY,0,0
CUSCO,PE-30C,67.0,CHOQUE,7.0,3.0,TUESDAY,0,1
PASCO,PA-107,103.0,CHOQUE,10.0,3.0,TUESDAY,0,0
LIMA,PE-1S,104.0,DESPISTE,23.0,3.0,TUESDAY,1,0
ANCASH,PE-16,114.0,CHOQUE,9.0,3.0,TUESDAY,0,0
LA LIBERTAD,PE-3N,154.0,CHOQUE,13.0,3.0,TUESDAY,0,1
PUNO,PE-34A,208.0,DESPISTE,15.0,3.0,TUESDAY,0,0
ICA,PE-1S,221.0,DESPISTE,6.0,3.0,TUESDAY,0,1
PUNO,PE-34B,225.0,DESPISTE,10.0,3.0,TUESDAY,0,0
PUNO,PE-34A,250.0,CHOQUE,10.0,3.0,TUESDAY,0,0
ANCASH,PE-1N,380.0,CHOQUE,22.0,3.0,TUESDAY,1,0
ANCASH,PE-1N,423.0,CHOQUE,5.0,3.0,TUESDAY,0,0
SAN MARTIN,PE-5N,652.0,DESPISTE,5.0,3.0,TUESDAY,0,0
CUSCO,PE-3S,1065.0,CHOQUE,7.0,3.0,TUESDAY,0,0
LIMA,PE-1S,9.0,CHOQUE,0.0,3.0,WEDNESDAY,0,0
UCAYALI,PE-18C,20.0,CHOQUE,13.0,3.0,WEDNESDAY,0,0
AREQUIPA,PE-34A,29.0,DESPISTE,5.0,3.0,WEDNESDAY,0,0
LIMA,PE-22,109.0,CHOQUE,14.0,3.0,WEDNESDAY,0,0
ANCASH,PE-3N,148.0,CHOQUE,7.0,3.0,WEDNESDAY,0,1
ICA,PE-1S,183.0,CHOQUE,5.0,3.0,WEDNESDAY,0,0
APURIMAC,PE-30A,306.0,CHOQUE,19.0,3.0,WEDNESDAY,1,0
ANCASH,PE-1N,399.0,DESPISTE,8.0,3.0,WEDNESDAY,0,0
LAMBAYEQUE,PE-1N,836.0,ATROPELLO,17.0,3.0,WEDNESDAY,0,0
CUSCO,PE-3S,1114.0,CHOQUE,21.0,3.0,WEDNESDAY,1,1
LORETO,LO-103,14.0,ESPECIAL,11.0,3.0,THURSDAY,0,0
PIURA,PE-1NN,14.0,CHOQUE,18.0,3.0,THURSDAY,1,0
LIMA,PE-20A,28.0,ATROPELLO,19.0,3.0,THURSDAY,1,0
LA LIBERTAD,PE-10A,69.0,CHOQUE,20.0,3.0,THURSDAY,1,0
LIMA,PE-22,85.0,DESPISTE,0.0,3.0,THURSDAY,0,0
LIMA,PE-1N,115.0,CHOQUE,7.0,3.0,THURSDAY,0,0
CUSCO,PE-30C,125.0,CHOQUE,20.0,3.0,THURSDAY,1,0
LIMA,PE-1N,149.0,CHOQUE,6.0,3.0,THURSDAY,0,1
ANCASH,PE-1N,396.0,CHOQUE,2.0,3.0,THURSDAY,0,0
ANCASH,PE-1N,396.0,CHOQUE,3.0,3.0,THURSDAY,0,0
MADRE DE DIOS,PE-30C,417.0,CHOQUE,22.0,3.0,THURSDAY,1,0
LA LIBERTAD,PE-1N,517.0,CHOQUE,13.0,3.0,THURSDAY,0,0
LA LIBERTAD,PE-1N,517.0,CHOQUE,13.0,3.0,THURSDAY,0,0
LA LIBERTAD,PE-1N,575.0,CHOQUE,12.0,3.0,THURSDAY,0,0
LA LIBERTAD,PE-1N,634.0,DESPISTE,3.0,3.0,THURSDAY,0,0
AREQUIPA,PE-1S,653.0,DESPISTE,21.0,3.0,THURSDAY,1,0
LAMBAYEQUE,PE-1N,807.0,CHOQUE,10.0,3.0,THURSDAY,0,0
CUSCO,PE-3S,950.0,CHOQUE,16.0,3.0,THURSDAY,0,0
AYACUCHO,PE-28B,17.0,CHOQUE,15.0,3.0,FRIDAY,0,0
ANCASH,PE-3N,34.0,DESPISTE,11.0,3.0,FRIDAY,0,0
CAJAMARCA,PE-08B,37.0,DESPISTE,22.0,3.0,FRIDAY,1,0
CAJAMARCA,PE-3N,47.0,CHOQUE,16.0,3.0,FRIDAY,0,0
AREQUIPA,PE-34A,62.0,DESPISTE,5.0,3.0,FRIDAY,0,0
LAMBAYEQUE,PE-1NJ,71.0,CHOQUE,22.0,3.0,FRIDAY,1,0
LIMA,PE-22,126.0,CHOQUE,7.0,3.0,FRIDAY,0,0
AYACUCHO,PE-28B,170.0,CHOQUE,17.0,3.0,FRIDAY,0,0
ANCASH,PE-1N,338.0,CHOQUE,3.0,3.0,FRIDAY,0,0
ICA,PE-1S,379.0,CHOQUE,19.0,3.0,FRIDAY,1,0
LA LIBERTAD,PE-1N,602.0,CHOQUE,7.0,3.0,FRIDAY,0,0
PIURA,PE-1N,899.0,CHOQUE,20.0,3.0,FRIDAY,1,1
CUSCO,PE-3S,937.0,ATROPELLO,15.0,3.0,FRIDAY,0,0
AREQUIPA,PE-34A,0.0,CHOQUE,17.0,3.0,SATURDAY,0,0
ICA,PE-1S,0.0,DESPISTE,12.0,3.0,SATURDAY,0,0
LIMA,PE-1NE,5.0,DESPISTE,19.0,3.0,SATURDAY,1,0
LIMA,PE-1S,47.0,DESPISTE,5.0,3.0,SATURDAY,0,0
JUNIN,PE-22,134.0,CHOQUE,8.0,3.0,SATURDAY,0,0
LIMA,PE-1N,145.0,DESPISTE,18.0,3.0,SATURDAY,1,0
ICA,PE-1S,204.0,CHOQUE,14.0,3.0,SATURDAY,0,0
AYACUCHO,PE-3S,320.0,DESPISTE,15.0,3.0,SATURDAY,0,0
APURIMAC,PE-30A,378.0,DESPISTE,11.0,3.0,SATURDAY,0,0
LAMBAYEQUE,PE-1N,758.0,ATROPELLO,2.0,3.0,SATURDAY,0,0
CUSCO,PE-3S,1015.0,DESPISTE,15.0,3.0,SATURDAY,0,0
CUSCO,PE-3S,1099.0,CHOQUE,22.0,3.0,SATURDAY,1,0
MOQUEGUA,PE-1S,1196.0,ATROPELLO,20.0,3.0,SATURDAY,1,0
JUNIN,PE-22B,7.0,CHOQUE,11.0,3.0,SUNDAY,0,0
UCAYALI,PE-18C,40.0,CHOQUE,5.0,3.0,SUNDAY,0,1
LIMA,PE-1N,42.0,CHOQUE,12.0,3.0,SUNDAY,0,1
LIMA,PE-22,46.0,DESPISTE,5.0,3.0,SUNDAY,0,0
LIMA,PE-20C,92.0,DESPISTE,5.0,3.0,SUNDAY,0,1
AREQUIPA,PE-34A,170.0,DESPISTE,15.0,3.0,SUNDAY,0,0
TUMBES,PE-1N,189.0,CHOQUE,20.0,3.0,SUNDAY,1,0
ANCASH,PE-1N,338.0,DESPISTE,18.0,3.0,SUNDAY,1,0
PIURA,PE-1N,13.0,CHOQUE,9.0,3.0,MONDAY,0,1
LIMA,PE-20A,26.0,DESPISTE,15.0,3.0,MONDAY,0,0
AYACUCHO,PE-38B,45.0,CHOQUE,6.0,3.0,MONDAY,0,0
LAMBAYEQUE,PE-1NJ,52.0,CHOQUE,7.0,3.0,MONDAY,0,1
JUNIN,PE-3S,66.0,DESPISTE,16.0,3.0,MONDAY,0,0
LIMA,PE-22,70.0,CHOQUE,20.0,3.0,MONDAY,1,0
AREQUIPA,PE-34A,73.0,DESPISTE,10.0,3.0,MONDAY,0,1
LIMA,PE-1S,91.0,CHOQUE,7.0,3.0,MONDAY,0,0
LAMBAYEQUE,PE-1NJ,98.0,CHOQUE,13.0,3.0,MONDAY,0,0
LIMA,PE-1S,98.0,CHOQUE,2.0,3.0,MONDAY,0,0
MOQUEGUA,PE-36A,125.0,VOLCADURA,17.0,3.0,MONDAY,0,0
PUNO,PE-34A,203.0,DESPISTE,9.0,3.0,MONDAY,0,0
HUANUCO,PE-3N,224.0,CHOQUE,12.0,3.0,MONDAY,0,0
MADRE DE DIOS,PE-30C,322.0,ATROPELLO,8.0,3.0,MONDAY,0,0
ICA,PE-1S,325.0,CHOQUE,14.0,3.0,MONDAY,0,0
ANCASH,PE-1N,360.0,DESPISTE,16.0,3.0,MONDAY,0,0
LA LIBERTAD,PE-1N,702.0,CHOQUE,11.0,3.0,MONDAY,0,1
AREQUIPA,PE-1S,926.0,DESPISTE,9.0,3.0,MONDAY,0,0
PIURA,PE-1N,984.0,CHOQUE,1.0,3.0,MONDAY,0,1
CAJAMARCA,PE-5N,1397.0,CHOQUE,16.0,3.0,MONDAY,0,1
N.I.,N.I.,0.0,CHOQUE,10.0,3.0,TUESDAY,0,0
JUNIN,PE-3SA,10.0,DESPISTE,2.0,3.0,TUESDAY,0,0
LIMA,PE-16,13.0,CHOQUE,13.0,3.0,TUESDAY,0,0
LA LIBERTAD,PE-10A,21.0,CHOQUE,17.0,3.0,TUESDAY,0,0
JUNIN,PE-5S,26.0,CHOQUE,22.0,3.0,TUESDAY,1,0
CAJAMARCA,PE-08,30.0,DESPISTE,16.0,3.0,TUESDAY,0,0
CAJAMARCA,PE-06B,32.0,DESPISTE,10.0,3.0,TUESDAY,0,0
LA LIBERTAD,PE-10A,61.0,DESPISTE,2.0,3.0,TUESDAY,0,0
LIMA,PE-1S,132.0,DESPISTE,2.0,3.0,TUESDAY,0,0
PASCO,PE-3N,141.0,CHOQUE,16.0,3.0,TUESDAY,0,0
LIMA,PE-1N,153.0,DESPISTE,8.0,3.0,TUESDAY,0,0
LIMA,PE-1N,160.0,CHOQUE,2.0,3.0,TUESDAY,0,0
PIURA,PE-1NJ,326.0,CHOQUE,13.0,3.0,TUESDAY,0,0
LA LIBERTAD,PE-1N,578.0,DESPISTE,1.0,3.0,TUESDAY,0,0
PUNO,N.I.,0.0,DESPISTE,8.0,3.0,WEDNESDAY,0,1
AREQUIPA,AR-115,34.0,CHOQUE,7.0,3.0,WEDNESDAY,0,0
JUNIN,PE-5S,47.0,CHOQUE,23.0,3.0,WEDNESDAY,1,0
PIURA,PE-1N,67.0,CHOQUE,8.0,3.0,WEDNESDAY,0,1
LAMBAYEQUE,PE-1NJ,78.0,DESPISTE,18.0,3.0,WEDNESDAY,1,0
MOQUEGUA,PE-36A,84.0,CHOQUE,17.0,3.0,WEDNESDAY,0,0
MOQUEGUA,PE-36A,84.0,DESPISTE,18.0,3.0,WEDNESDAY,1,0
LIMA,PE-1N,88.0,CHOQUE,2.0,3.0,WEDNESDAY,0,0
AREQUIPA,PE-34A,90.0,CHOQUE,18.0,3.0,WEDNESDAY,1,0
LIMA,PE-1N,97.0,DESPISTE,20.0,3.0,WEDNESDAY,1,0
LIMA,PE-22,121.0,VOLCADURA,7.0,3.0,WEDNESDAY,0,0
LIMA,PE-22,128.0,DESPISTE,8.0,3.0,WEDNESDAY,0,0
LIMA,PE-1N,153.0,DESPISTE,12.0,3.0,WEDNESDAY,0,0
LIMA,LM-101,157.0,CHOQUE,22.0,3.0,WEDNESDAY,1,0
MADRE DE DIOS,PE-30C,464.0,DESPISTE,11.0,3.0,WEDNESDAY,0,0
LAMBAYEQUE,PE-1N,811.0,CHOQUE,9.0,3.0,WEDNESDAY,0,0
JUNIN,PE-22B,30.0,DESPISTE,6.0,3.0,THURSDAY,0,0
CAJAMARCA,PE-08B,35.0,CHOQUE,20.0,3.0,THURSDAY,1,0
JUNIN,PE-3N,70.0,DESPISTE,12.0,3.0,THURSDAY,0,0
PASCO,PE-3N,97.0,DESPISTE,19.0,3.0,THURSDAY,1,0
JUNIN,PE-22,144.0,DESPISTE,11.0,3.0,THURSDAY,0,0
PUNO,PE-34A,202.0,DESPISTE,6.0,3.0,THURSDAY,0,0
ICA,PE-1S,217.0,CHOQUE,13.0,3.0,THURSDAY,0,0
APURIMAC,PE-30A,390.0,CHOQUE,10.0,3.0,THURSDAY,0,0
SAN MARTIN,PE-5N,553.0,CHOQUE,18.0,3.0,THURSDAY,1,0
PUNO,PE-3S,1285.0,CHOQUE,19.0,3.0,THURSDAY,1,0
LORETO,LO-103,7.0,DESPISTE,23.0,3.0,FRIDAY,1,0
LA LIBERTAD,PE-10A,23.0,CHOQUE,9.0,3.0,FRIDAY,0,1
AREQUIPA,PE-34A,56.0,CHOQUE,19.0,3.0,FRIDAY,1,1
JUNIN,PE-22B,95.0,CHOQUE,20.0,3.0,FRIDAY,1,1
PASCO,PE-3N,106.0,CHOQUE,22.0,3.0,FRIDAY,1,1
AREQUIPA,PE-34A,110.0,DESPISTE,4.0,3.0,FRIDAY,0,0
ANCASH,PE-16,118.0,DESPISTE,10.0,3.0,FRIDAY,0,0
AMAZONAS,PE-5N,200.0,CHOQUE,16.0,3.0,FRIDAY,0,0
ICA,PE-1S,262.0,DESPISTE,18.0,3.0,FRIDAY,1,0
MADRE DE DIOS,PE-30C,422.0,CHOQUE,8.0,3.0,FRIDAY,0,0
HUANUCO,PE-5N,520.0,CHOQUE,6.0,3.0,FRIDAY,0,1
SAN MARTIN,PE-5N,522.0,ESPECIAL,20.0,3.0,FRIDAY,1,0
LA LIBERTAD,PE-1N,622.0,CHOQUE,20.0,3.0,FRIDAY,1,0
AREQUIPA,PE-1S,977.0,CHOQUE,20.0,3.0,FRIDAY,1,0
MOQUEGUA,PE-1S,1155.0,DESPISTE,22.0,3.0,FRIDAY,1,0
CUSCO,N.I.,0.0,CHOQUE,19.0,3.0,SATURDAY,1,0
LIMA,PE-1NE,0.0,CHOQUE,21.0,3.0,SATURDAY,1,0
CUSCO,PE-34G,17.0,DESPISTE,18.0,3.0,SATURDAY,1,0
LIMA,PE-1S,21.0,CHOQUE,20.0,3.0,SATURDAY,1,0
CAJAMARCA,PE-3N,30.0,DESPISTE,18.0,3.0,SATURDAY,1,0
CAJAMARCA,PE-08,37.0,CHOQUE,8.0,3.0,SATURDAY,0,0
JUNIN,PE-5S,77.0,DESPISTE,6.0,3.0,SATURDAY,0,1
CUSCO,PE-28B,115.0,CHOQUE,16.0,3.0,SATURDAY,0,0
LIMA,PE-1N,131.0,DESPISTE,4.0,3.0,SATURDAY,0,1
JUNIN,PE-22,132.0,DESPISTE,2.0,3.0,SATURDAY,0,0
PUNO,PE-34A,202.0,DESPISTE,17.0,3.0,SATURDAY,0,0
LIMA,PE-1N,219.0,N.I.,19.0,3.0,SATURDAY,1,0
PUNO,PE-34A,248.0,CHOQUE,18.0,3.0,SATURDAY,1,0
PUNO,PE-34B,286.0,CHOQUE,19.0,3.0,SATURDAY,1,0
ANCASH,PE-1N,387.0,CHOQUE,23.0,3.0,SATURDAY,1,0
MADRE DE DIOS,PE-30C,414.0,DESPISTE,19.0,3.0,SATURDAY,1,0
MOQUEGUA,PE-1S,1143.0,VOLCADURA,9.0,3.0,SATURDAY,0,0
AREQUIPA,PE-34A,14.0,DESPISTE,15.0,3.0,SUNDAY,0,1
CAJAMARCA,PE-3N,22.0,CHOQUE,17.0,3.0,SUNDAY,0,0
JUNIN,PE-3SA,52.0,CHOQUE,5.0,3.0,SUNDAY,0,0
PIURA,PE-1N,68.0,DESPISTE,11.0,3.0,SUNDAY,0,0
LIMA,PE-1S,100.0,CHOQUE,21.0,3.0,SUNDAY,1,0
AREQUIPA,PE-34A,151.0,DESPISTE,16.0,3.0,SUNDAY,0,0
ANCASH,PE-1N,282.0,CHOQUE,6.0,3.0,SUNDAY,0,0
APURIMAC,PE-30A,378.0,DESPISTE,16.0,3.0,SUNDAY,0,0
ICA,PE-1S,394.0,DESPISTE,13.0,3.0,SUNDAY,0,0
APURIMAC,PE-30A,398.0,DESPISTE,12.0,3.0,SUNDAY,0,0
LA LIBERTAD,PE-1N,489.0,CHOQUE,10.0,3.0,SUNDAY,0,0
LIMA,PE-1S,22.0,DESPISTE,12.0,3.0,MONDAY,0,0
LIMA,PE-1NE,23.0,CHOQUE,0.0,3.0,MONDAY,0,0
PIURA,PE-02,23.0,DESPISTE,15.0,3.0,MONDAY,0,1
PIURA,PE-1N,29.0,CHOQUE,22.0,3.0,MONDAY,1,0
PUNO,PE-34H,32.0,ATROPELLO,13.0,3.0,MONDAY,0,1
LAMBAYEQUE,PE-1NJ,47.0,CHOQUE,16.0,3.0,MONDAY,0,0
LIMA,PE-22,72.0,DESPISTE,5.0,3.0,MONDAY,0,0
JUNIN,PE-22B,81.0,DESPISTE,11.0,3.0,MONDAY,0,0
LIMA,PE-1S,97.0,ATROPELLO,4.0,3.0,MONDAY,0,1
LIMA,PE-1S,104.0,CHOQUE,17.0,3.0,MONDAY,0,0
AREQUIPA,PE-34A,133.0,CHOQUE,14.0,3.0,MONDAY,0,0
PASCO,PE-3N,133.0,CHOQUE,16.0,3.0,MONDAY,0,0
AREQUIPA,PE-34A,135.0,DESPISTE,15.0,3.0,MONDAY,0,0
PUNO,PE-34A,160.0,DESPISTE,16.0,3.0,MONDAY,0,0
HUANUCO,PE-3N,204.0,CHOQUE,21.0,3.0,MONDAY,1,0
ICA,PE-1S,226.0,DESPISTE,11.0,3.0,MONDAY,0,0
MADRE DE DIOS,N.I.,322.0,ESPECIAL,21.0,3.0,MONDAY,1,0
LA LIBERTAD,PE-1N,536.0,DESPISTE,5.0,3.0,MONDAY,0,0
LAMBAYEQUE,PE-1N,808.0,CHOQUE,0.0,3.0,MONDAY,0,0
APURIMAC,PE-3S,809.0,CHOQUE,10.0,3.0,MONDAY,0,0
LORETO,LO-103,10.0,DESPISTE,20.0,3.0,TUESDAY,1,0
LIMA,PE-1S,30.0,DESPISTE,17.0,3.0,TUESDAY,0,0
CAJAMARCA,PE-06B,94.0,DESPISTE,1.0,3.0,TUESDAY,0,0
ANCASH,PE-16,121.0,DESPISTE,0.0,3.0,TUESDAY,0,0
JUNIN,PE-22,139.0,DESPISTE,9.0,3.0,TUESDAY,0,0
PUNO,PE-34A,205.0,DESPISTE,18.0,3.0,TUESDAY,1,0
SAN MARTIN,PE-5N,434.0,CHOQUE,14.0,3.0,TUESDAY,0,0
APURIMAC,PE-30A,443.0,DESPISTE,17.0,3.0,TUESDAY,0,0
CUSCO,PE-3S,1103.0,CHOQUE,19.0,3.0,TUESDAY,1,0
ANCASH,AN-624,0.0,DESPISTE,15.0,3.0,WEDNESDAY,0,0
PASCO,N.I.,0.0,DESPISTE,22.0,3.0,WEDNESDAY,1,0
LIMA,PE-1S,22.0,CHOQUE,22.0,3.0,WEDNESDAY,1,0
PASCO,PE-20A,84.0,DESPISTE,6.0,3.0,WEDNESDAY,0,0
CUSCO,PE-3SG,124.0,VOLCADURA,11.0,3.0,WEDNESDAY,0,0
PASCO,PE-3N,169.0,CHOQUE,21.0,3.0,WEDNESDAY,1,0
CAJAMARCA,PE-08B,184.0,ATROPELLO,12.0,3.0,WEDNESDAY,0,0
LAMBAYEQUE,PE-1N,755.0,CHOQUE,5.0,3.0,WEDNESDAY,0,0
TACNA,PE-1S,1292.0,CHOQUE,5.0,3.0,WEDNESDAY,0,0
LIMA,PE-1N,84.0,CHOQUE,19.0,3.0,THURSDAY,1,0
LIMA,PE-1S,97.0,CHOQUE,19.0,3.0,THURSDAY,1,0
PUNO,PE-34A,288.0,DESPISTE,21.0,3.0,THURSDAY,1,0
MADRE DE DIOS,PE-30C,324.0,CHOQUE,2.0,3.0,THURSDAY,0,1
ICA,PE-1S,375.0,DESPISTE,0.0,3.0,THURSDAY,0,1
AMAZONAS,PE-5N,380.0,ATROPELLO,16.0,3.0,THURSDAY,0,0
CUSCO,PE-34G,17.0,DESPISTE,3.0,3.0,FRIDAY,0,0
CUSCO,PE-30C,20.0,CHOQUE,16.0,3.0,FRIDAY,0,0
LORETO,LO-103,34.0,DESPISTE,19.0,3.0,FRIDAY,1,0
LIMA,PE-1S,42.0,CHOQUE,5.0,3.0,FRIDAY,0,0
LIMA,PE-1S,115.0,CHOQUE,20.0,3.0,FRIDAY,1,1
CUSCO,N.I.,160.0,CHOQUE,18.0,3.0,FRIDAY,1,0
MADRE DE DIOS,PE-30C,389.0,CHOQUE,19.0,3.0,FRIDAY,1,0
ANCASH,PE-1N,405.0,DESPISTE,8.0,3.0,FRIDAY,0,0
AREQUIPA,PE-1S,702.0,CHOQUE,10.0,3.0,FRIDAY,0,0
PIURA,PE-1N,905.0,DESPISTE,21.0,3.0,FRIDAY,1,0
CUSCO,PE-3S,986.0,CHOQUE,3.0,3.0,FRIDAY,0,1
LIMA,PE-1N,5.0,CHOQUE,14.0,3.0,SATURDAY,0,1
PUNO,PE-34H,6.0,CHOQUE,18.0,3.0,SATURDAY,1,0
SAN MARTIN,PE-5NB,14.0,DESPISTE,20.0,3.0,SATURDAY,1,1
AREQUIPA,PE-34A,17.0,CHOQUE,17.0,3.0,SATURDAY,0,0
JUNIN,PE-3S,73.0,DESPISTE,11.0,3.0,SATURDAY,0,0
AREQUIPA,PE-34A,105.0,CHOQUE,16.0,3.0,SATURDAY,0,1
LIMA,PE-22,120.0,CHOQUE,8.0,3.0,SATURDAY,0,0
LIMA,PE-1N,214.0,CHOQUE,12.0,3.0,SATURDAY,0,1
APURIMAC,PE-30A,298.0,DESPISTE,18.0,3.0,SATURDAY,1,0
LA LIBERTAD,PE-1N,459.0,DESPISTE,6.0,3.0,SATURDAY,0,1
AREQUIPA,PE-1S,596.0,DESPISTE,11.0,3.0,SATURDAY,0,0
LA LIBERTAD,PE-1N,691.0,CHOQUE,20.0,3.0,SATURDAY,1,1
LAMBAYEQUE,PE-1N,803.0,CHOQUE,20.0,3.0,SATURDAY,1,1
AREQUIPA,PE-1S,948.0,DESPISTE,21.0,3.0,SATURDAY,1,0
CAJAMARCA,PE-08A,17.0,DESPISTE,9.0,3.0,SUNDAY,0,0
JUNIN,PE-3SA,20.0,DESPISTE,16.0,3.0,SUNDAY,0,0
CAJAMARCA,PE-3N,38.0,CHOQUE,11.0,3.0,SUNDAY,0,0
CAJAMARCA,PE-08B,65.0,ATROPELLO,20.0,3.0,SUNDAY,1,0
LAMBAYEQUE,PE-1NJ,95.0,DESPISTE,20.0,3.0,SUNDAY,1,0
JUNIN,PE-5S,115.0,ESPECIAL,21.0,3.0,SUNDAY,1,1
JUNIN,PE-22,154.0,DESPISTE,13.0,3.0,SUNDAY,0,0
AMAZONAS,PE-5N,233.0,CHOQUE,17.0,3.0,SUNDAY,0,0
LIMA,N.I.,0.0,DESPISTE,11.0,3.0,MONDAY,0,0
JUNIN,PE-3N,2.0,CHOQUE,4.0,3.0,MONDAY,0,0
LIMA,PE-1NE,8.0,CHOQUE,13.0,3.0,MONDAY,0,0
AREQUIPA,PE-34,33.0,DESPISTE,20.0,3.0,MONDAY,1,0
LIMA,PE-22,102.0,CHOQUE,11.0,3.0,MONDAY,0,0
CUSCO,PE-30C,145.0,DESPISTE,14.0,3.0,MONDAY,0,0
LIMA,PE-1N,187.0,DESPISTE,6.0,3.0,MONDAY,0,0
TUMBES,PE-1N,196.0,DESPISTE,20.0,3.0,MONDAY,1,0
HUANUCO,PE-5N,221.0,CHOQUE,11.0,3.0,MONDAY,0,1
AYACUCHO,PE-28A,302.0,CHOQUE,6.0,3.0,MONDAY,0,0
AYACUCHO,PE-3S,450.0,CHOQUE,7.0,3.0,MONDAY,0,0
SAN MARTIN,PE-5N,514.0,DESPISTE,15.0,3.0,MONDAY,0,0
ANCASH,PE-3N,600.0,CHOQUE,12.0,3.0,MONDAY,0,0
LA LIBERTAD,PE-1N,701.0,CHOQUE,1.0,3.0,MONDAY,0,1
AREQUIPA,PE-1S,960.0,DESPISTE,18.0,3.0,MONDAY,1,0
CUSCO,PE-30C,2.0,CHOQUE,17.0,3.0,TUESDAY,0,0
LIMA,PE-22,9.0,DESPISTE,11.0,3.0,TUESDAY,0,0
LIMA,PE-20C,19.0,CHOQUE,7.0,3.0,TUESDAY,0,0
PIURA,PE-1N,23.0,CHOQUE,10.0,3.0,TUESDAY,0,0
JUNIN,PE-3SA,40.0,DESPISTE,16.0,3.0,TUESDAY,0,0
LIMA,PE-1S,89.0,DESPISTE,6.0,3.0,TUESDAY,0,0
LIMA,PE-1N,115.0,DESPISTE,6.0,3.0,TUESDAY,0,0
LIMA,PE-22,132.0,DESPISTE,11.0,3.0,TUESDAY,0,0
JUNIN,PE-22,163.0,CHOQUE,15.0,3.0,TUESDAY,0,0
AYACUCHO,PE-3S,501.0,DESPISTE,10.0,3.0,TUESDAY,0,0
LAMBAYEQUE,PE-1N,754.0,CHOQUE,5.0,3.0,TUESDAY,0,1
LAMBAYEQUE,PE-1N,795.0,CHOQUE,12.0,3.0,TUESDAY,0,0
AREQUIPA,PE-1S,844.0,CHOQUE,20.0,3.0,TUESDAY,1,0
AREQUIPA,PE-1S,873.0,DESPISTE,21.0,3.0,TUESDAY,1,0
UCAYALI,PE-18C,72.0,DESPISTE,6.0,3.0,WEDNESDAY,0,0
TACNA,PE-1SD,76.0,CHOQUE,9.0,3.0,WEDNESDAY,0,0
JUNIN,PE-5S,78.0,CHOQUE,14.0,3.0,WEDNESDAY,0,1
MOQUEGUA,PE-36A,83.0,CHOQUE,14.0,3.0,WEDNESDAY,0,0
JUNIN,PE-3SB,104.0,DESPISTE,12.0,3.0,WEDNESDAY,0,0
LIMA,PE-1N,148.0,DESPISTE,21.0,3.0,WEDNESDAY,1,0
AYACUCHO,PE-30A,177.0,DESPISTE,19.0,3.0,WEDNESDAY,1,0
ICA,PE-1S,226.0,DESPISTE,1.0,3.0,WEDNESDAY,0,0
ICA,PE-1S,303.0,DESPISTE,4.0,3.0,WEDNESDAY,0,0
ANCASH,PE-1N,362.0,DESPISTE,10.0,3.0,WEDNESDAY,0,0
AREQUIPA,PE-1S,685.0,CHOQUE,20.0,3.0,WEDNESDAY,1,0
LAMBAYEQUE,PE-1N,764.0,DESPISTE,22.0,3.0,WEDNESDAY,1,0
AREQUIPA,PE-34A,43.0,CHOQUE,9.0,3.0,THURSDAY,0,0
LIMA,PE-1N,85.0,DESPISTE,1.0,3.0,THURSDAY,0,0
LIMA,PE-1N,85.0,CHOQUE,5.0,3.0,THURSDAY,0,0
ANCASH,PE-16,114.0,CHOQUE,17.0,3.0,THURSDAY,0,1
PUNO,PE-36A,281.0,DESPISTE,3.0,3.0,THURSDAY,0,0
SAN MARTIN,PE-5N,471.0,CHOQUE,22.0,3.0,THURSDAY,1,0
HUANUCO,PE-5N,489.0,DESPISTE,6.0,3.0,THURSDAY,0,0
CUSCO,PE-3S,1062.0,DESPISTE,19.0,3.0,THURSDAY,1,0
PUNO,PE-3S,1224.0,ATROPELLO,16.0,3.0,THURSDAY,0,1
LORETO,PE-5NI,3.0,DESPISTE,23.0,3.0,FRIDAY,1,0
LAMBAYEQUE,PE-1NJ,29.0,CHOQUE,2.0,3.0,FRIDAY,0,0
PIURA,PI-102,53.0,CHOQUE,2.0,3.0,FRIDAY,0,0
JUNIN,PE-5S,74.0,DESPISTE,16.0,3.0,FRIDAY,0,0
AREQUIPA,PE-34A,75.0,CHOQUE,19.0,3.0,FRIDAY,1,1
LIMA,PE-1N,75.0,CHOQUE,17.0,3.0,FRIDAY,0,0
AREQUIPA,PE-34A,95.0,DESPISTE,8.0,3.0,FRIDAY,0,0
LIMA,PE-1S,113.0,DESPISTE,18.0,3.0,FRIDAY,1,0
PIURA,PE-1NJ,182.0,DESPISTE,11.0,3.0,FRIDAY,0,1
LA LIBERTAD,PE-1N,478.0,DESPISTE,22.0,3.0,FRIDAY,1,0
AREQUIPA,PE-1S,986.0,CHOQUE,20.0,3.0,FRIDAY,1,0
LAMBAYEQUE,PE-04B,4.0,ATROPELLO,11.0,3.0,SATURDAY,0,0
PIURA,PE-1N,4.0,CHOQUE,17.0,3.0,SATURDAY,0,0
ICA,PE-28A,16.0,CHOQUE,2.0,3.0,SATURDAY,0,1
LIMA,PE-20A,23.0,CHOQUE,18.0,3.0,SATURDAY,1,0
JUNIN,PE-22B,26.0,DESPISTE,10.0,3.0,SATURDAY,0,0
CUSCO,PE-28F,37.0,CHOQUE,11.0,3.0,SATURDAY,0,0
LIMA,PE-1N,75.0,CHOQUE,17.0,3.0,SATURDAY,0,0
JUNIN,PE-22B,84.0,CHOQUE,12.0,3.0,SATURDAY,0,0
LIMA,PE-22,85.0,ESPECIAL,8.0,3.0,SATURDAY,0,1
PUNO,PE-36A,269.0,DESPISTE,11.0,3.0,SATURDAY,0,0
SAN MARTIN,PE-5N,491.0,CHOQUE,15.0,3.0,SATURDAY,0,0
SAN MARTIN,PE-5N,501.0,ATROPELLO,20.0,3.0,SATURDAY,1,0
CUSCO,PE-28B,551.0,DESPISTE,4.0,3.0,SATURDAY,0,0
AREQUIPA,PE-1S,733.0,CHOQUE,11.0,3.0,SATURDAY,0,0
CUSCO,PE-3S,905.0,CHOQUE,8.0,3.0,SATURDAY,0,0
LORETO,PE-5NI,9.0,DESPISTE,19.0,3.0,SUNDAY,1,0
AREQUIPA,PE-34J,16.0,DESPISTE,16.0,3.0,SUNDAY,0,0
PUNO,PE-34H,21.0,DESPISTE,17.0,3.0,SUNDAY,0,0
JUNIN,PE-3N,39.0,CHOQUE,11.0,3.0,SUNDAY,0,0
AYACUCHO,PE-30A,187.0,CHOQUE,20.0,3.0,SUNDAY,1,0
ICA,PE-1S,206.0,DESPISTE,7.0,3.0,SUNDAY,0,0
PUNO,PE-36A,299.0,DESPISTE,13.0,3.0,SUNDAY,0,0
APURIMAC,PE-30A,305.0,DESPISTE,14.0,3.0,SUNDAY,0,0
APURIMAC,PE-30A,390.0,CHOQUE,21.0,3.0,SUNDAY,1,0
AYACUCHO,PE-3S,423.0,CHOQUE,16.0,3.0,SUNDAY,0,0
AREQUIPA,PE-34A,1.0,CHOQUE,8.0,3.0,MONDAY,0,0
MOQUEGUA,PE-36,18.0,DESPISTE,7.0,3.0,MONDAY,0,0
CUSCO,PE-34G,24.0,DESPISTE,17.0,3.0,MONDAY,0,0
SAN MARTIN,PE-5NB,28.0,ESPECIAL,6.0,3.0,MONDAY,0,0
LAMBAYEQUE,PE-06A,39.0,CHOQUE,9.0,3.0,MONDAY,0,0
JUNIN,PE-3S,60.0,DESPISTE,22.0,3.0,MONDAY,1,0
AREQUIPA,PE-34A,63.0,CHOQUE,6.0,3.0,MONDAY,0,0
AREQUIPA,PE-1SD,75.0,DESPISTE,12.0,3.0,MONDAY,0,0
ANCASH,PE-16,94.0,DESPISTE,16.0,3.0,MONDAY,0,0
LIMA,PE-22,99.0,CHOQUE,21.0,3.0,MONDAY,1,0
HUANUCO,PE-18A,118.0,DESPISTE,11.0,3.0,MONDAY,0,0
LIMA,PE-1N,150.0,CHOQUE,16.0,3.0,MONDAY,0,0
ANCASH,PE-3N,162.0,CHOQUE,16.0,3.0,MONDAY,0,0
LIMA,PE-1N,218.0,DESPISTE,3.0,3.0,MONDAY,0,0
PUNO,PE-34A,226.0,DESPISTE,17.0,3.0,MONDAY,0,0
PUNO,PE-34A,226.0,DESPISTE,19.0,3.0,MONDAY,1,0
ANCASH,PE-1N,292.0,CHOQUE,19.0,3.0,MONDAY,1,0
AMAZONAS,PE-5N,320.0,DESPISTE,10.0,3.0,MONDAY,0,0
AYACUCHO,PE-3S,412.0,DESPISTE,17.0,3.0,MONDAY,0,0
APURIMAC,PE-3S,824.0,CHOQUE,11.0,3.0,MONDAY,0,0
APURIMAC,PE-3S,843.0,CHOQUE,20.0,3.0,MONDAY,1,0
MOQUEGUA,PE-1S,1098.0,CHOQUE,1.0,3.0,MONDAY,0,0
CAJAMARCA,PE-3N,8.0,CHOQUE,12.0,3.0,TUESDAY,0,0
AREQUIPA,PE-34E,10.0,DESPISTE,14.0,3.0,TUESDAY,0,0
AREQUIPA,PE-34,10.0,CHOQUE,15.0,3.0,TUESDAY,0,0
JUNIN,PE-3N,11.0,DESPISTE,7.0,3.0,TUESDAY,0,0
JUNIN,PE-3SA,26.0,CHOQUE,10.0,3.0,TUESDAY,0,0
JUNIN,PE-3N,54.0,DESPISTE,5.0,3.0,TUESDAY,0,0
LIMA,PE-1N,69.0,CHOQUE,8.0,3.0,TUESDAY,0,0
LIMA,PE-1N,89.0,ATROPELLO,15.0,3.0,TUESDAY,0,1
PASCO,PE-3N,137.0,DESPISTE,7.0,3.0,TUESDAY,0,0
LIMA,PE-1S,169.0,CHOQUE,6.0,3.0,TUESDAY,0,0
PUNO,PE-34A,228.0,DESPISTE,6.0,3.0,TUESDAY,0,0
ICA,PE-1S,423.0,CHOQUE,11.0,3.0,TUESDAY,0,1
MADRE DE DIOS,PE-30C,463.0,ATROPELLO,19.0,3.0,TUESDAY,1,0
AREQUIPA,PE-1S,598.0,DESPISTE,20.0,3.0,TUESDAY,1,0
PIURA,PE-1NL,3.0,CHOQUE,0.0,3.0,WEDNESDAY,0,1
JUNIN,PE-22B,8.0,DESPISTE,20.0,3.0,WEDNESDAY,1,0
LAMBAYEQUE,LA-115,13.0,CHOQUE,5.0,3.0,WEDNESDAY,0,1
MOQUEGUA,PE-1SD,17.0,CHOQUE,23.0,3.0,WEDNESDAY,1,0
LIMA,PE-1NA,18.0,DESPISTE,8.0,3.0,WEDNESDAY,0,0
UCAYALI,PE-18C,29.0,CHOQUE,17.0,3.0,WEDNESDAY,0,0
MOQUEGUA,PE-36B,42.0,CHOQUE,19.0,3.0,WEDNESDAY,1,0
AMAZONAS,PE-08C,45.0,CHOQUE,13.0,3.0,WEDNESDAY,0,0
LIMA,PE-1S,57.0,CHOQUE,14.0,3.0,WEDNESDAY,0,0
LAMBAYEQUE,PE-06A,65.0,N.I.,21.0,3.0,WEDNESDAY,1,0
LIMA,PE-1S,79.0,DESPISTE,15.0,3.0,WEDNESDAY,0,0
PASCO,PE-3N,139.0,CHOQUE,7.0,3.0,WEDNESDAY,0,0
LIMA,PE-1S,148.0,VOLCADURA,9.0,3.0,WEDNESDAY,0,0
PUNO,PE-34H,163.0,CHOQUE,11.0,3.0,WEDNESDAY,0,0
AREQUIPA,PE-34A,181.0,DESPISTE,19.0,3.0,WEDNESDAY,1,0
PUNO,PE-34A,181.0,DESPISTE,19.0,3.0,WEDNESDAY,1,0
ICA,PE-1S,226.0,DESPISTE,0.0,3.0,WEDNESDAY,0,0
LA LIBERTAD,PE-1N,632.0,CHOQUE,20.0,3.0,WEDNESDAY,1,1
APURIMAC,PE-3S,827.0,CHOQUE,5.0,3.0,WEDNESDAY,0,0
PIURA,PE-1N,1019.0,CHOQUE,14.0,3.0,WEDNESDAY,0,0
LIMA,PE-1S,108.0,CHOQUE,6.0,4.0,THURSDAY,0,0
LIMA,PE-1S,134.0,DESPISTE,7.0,4.0,THURSDAY,0,0
ICA,PE-1S,338.0,ESPECIAL,16.0,4.0,THURSDAY,0,0
ANCASH,PE-1N,341.0,DESPISTE,1.0,4.0,THURSDAY,0,0
AMAZONAS,PE-5N,353.0,DESPISTE,9.0,4.0,THURSDAY,0,0
ANCASH,PE-1N,359.0,DESPISTE,18.0,4.0,THURSDAY,1,0
ANCASH,PE-1N,422.0,CHOQUE,4.0,4.0,THURSDAY,0,1
SAN MARTIN,PE-5N,531.0,ATROPELLO,21.0,4.0,THURSDAY,1,0
JUNIN,PE-3S,5.0,DESPISTE,7.0,4.0,SATURDAY,0,0
LAMBAYEQUE,PE-06A,24.0,CHOQUE,5.0,4.0,SATURDAY,0,0
CAJAMARCA,PE-08B,87.0,DESPISTE,18.0,4.0,SATURDAY,1,0
AREQUIPA,PE-34A,156.0,DESPISTE,13.0,4.0,SATURDAY,0,0
LIMA,PE-1N,170.0,CHOQUE,7.0,4.0,SATURDAY,0,0
ANCASH,PE-3N,651.0,CHOQUE,21.0,4.0,SATURDAY,1,0
TUMBES,TU-101,,CHOQUE,17.0,4.0,SATURDAY,0,0
CAJAMARCA,PE-08B,2.0,CHOQUE,22.0,4.0,SUNDAY,1,1
CUSCO,CU-117,14.0,DESPISTE,19.0,4.0,SUNDAY,1,0
LAMBAYEQUE,PE-1NJ,20.0,CHOQUE,19.0,4.0,SUNDAY,1,0
JUNIN,PE-3N,31.0,DESPISTE,19.0,4.0,SUNDAY,1,0
LIMA,PE-1S,51.0,ESPECIAL,6.0,4.0,SUNDAY,0,1
JUNIN,PE-3S,56.0,DESPISTE,13.0,4.0,SUNDAY,0,0
JUNIN,PE-22B,62.0,DESPISTE,17.0,4.0,SUNDAY,0,0
HUANUCO,PE-18A,64.0,CHOQUE,17.0,4.0,SUNDAY,0,1
CAJAMARCA,PE-3N,76.0,DESPISTE,9.0,4.0,SUNDAY,0,0
LIMA,PE-22,82.0,DESPISTE,4.0,4.0,SUNDAY,0,0
LIMA,PE-22,97.0,DESPISTE,0.0,4.0,SUNDAY,0,0
AREQUIPA,PE-34A,185.0,CHOQUE,10.0,4.0,SUNDAY,0,0
PUNO,PE-34B,269.0,CHOQUE,21.0,4.0,SUNDAY,1,0
PUNO,PE-34A,297.0,CHOQUE,10.0,4.0,SUNDAY,0,0
LA LIBERTAD,PE-1N,675.0,VOLCADURA,14.0,4.0,SUNDAY,0,0
LAMBAYEQUE,PE-1NJ,22.0,CHOQUE,7.0,4.0,MONDAY,0,0
SAN MARTIN,PE-5NB,29.0,CHOQUE,9.0,4.0,MONDAY,0,0
CAJAMARCA,PE-3N,31.0,CHOQUE,11.0,4.0,MONDAY,0,0
JUNIN,PE-3SB,104.0,DESPISTE,13.0,4.0,MONDAY,0,0
HUANUCO,PE-18A,117.0,CHOQUE,23.0,4.0,MONDAY,1,0
LIMA,PE-1S,128.0,CHOQUE,11.0,4.0,MONDAY,0,0
ICA,PE-1S,254.0,CHOQUE,6.0,4.0,MONDAY,0,0
ANCASH,PE-1N,380.0,CHOQUE,23.0,4.0,MONDAY,1,0
SAN MARTIN,PE-5N,446.0,DESPISTE,16.0,4.0,MONDAY,0,0
LAMBAYEQUE,PE-1N,876.0,DESPISTE,4.0,4.0,MONDAY,0,0
CUSCO,PE-3S,913.0,DESPISTE,15.0,4.0,MONDAY,0,0
AREQUIPA,PE-1S,57.0,CHOQUE,15.0,4.0,TUESDAY,0,0
HUANUCO,PE-18A,85.0,CHOQUE,7.0,4.0,TUESDAY,0,1
ANCASH,PE-16,87.0,DESPISTE,19.0,4.0,TUESDAY,1,0
CAJAMARCA,PE-3N,87.0,DESPISTE,11.0,4.0,TUESDAY,0,0
LIMA,PE-22,112.0,CHOQUE,12.0,4.0,TUESDAY,0,0
LIMA,PE-1N,121.0,CHOQUE,1.0,4.0,TUESDAY,0,0
PASCO,PE-3N,144.0,CHOQUE,17.0,4.0,TUESDAY,0,0
LIMA,PE-1N,212.0,DESPISTE,1.0,4.0,TUESDAY,0,1
PUNO,PE-34A,236.0,DESPISTE,8.0,4.0,TUESDAY,0,0
LA LIBERTAD,PE-1N,451.0,ATROPELLO,19.0,4.0,TUESDAY,1,0
SAN MARTIN,PE-5N,596.0,CHOQUE,23.0,4.0,TUESDAY,1,0
AREQUIPA,AR-106,1.0,CHOQUE,20.0,4.0,WEDNESDAY,1,0
ANCASH,PE-12B,9.0,DESPISTE,14.0,4.0,WEDNESDAY,0,0
JUNIN,PE-3N,21.0,DESPISTE,16.0,4.0,WEDNESDAY,0,0
AREQUIPA,PE-1SD,33.0,CHOQUE,10.0,4.0,WEDNESDAY,0,0
LIMA,PE-1N,36.0,ATROPELLO,21.0,4.0,WEDNESDAY,1,1
LIMA,PE-1S,53.0,CHOQUE,2.0,4.0,WEDNESDAY,0,0
PUNO,PE-34B,82.0,CHOQUE,8.0,4.0,WEDNESDAY,0,0
LIMA,PE-22,126.0,CHOQUE,14.0,4.0,WEDNESDAY,0,0
ANCASH,PE-1N,371.0,CHOQUE,3.0,4.0,WEDNESDAY,0,1
SAN MARTIN,PE-5N,432.0,DESPISTE,20.0,4.0,WEDNESDAY,1,0
SAN MARTIN,PE-5N,447.0,DESPISTE,11.0,4.0,WEDNESDAY,0,0
AREQUIPA,PE-1S,515.0,CHOQUE,20.0,4.0,WEDNESDAY,1,0
LA LIBERTAD,PE-1N,640.0,DESPISTE,11.0,4.0,WEDNESDAY,0,0
LA LIBERTAD,PE-1N,640.0,DESPISTE,11.0,4.0,WEDNESDAY,0,0
AREQUIPA,PE-1S,862.0,CHOQUE,14.0,4.0,WEDNESDAY,0,0
PIURA,PE-1N,892.0,DESPISTE,7.0,4.0,WEDNESDAY,0,0
AREQUIPA,PE-1S,959.0,CHOQUE,8.0,4.0,WEDNESDAY,0,0
AREQUIPA,PE-1S,1041.0,CHOQUE,13.0,4.0,WEDNESDAY,0,0
AREQUIPA,PE-1S,1048.0,N.I.,17.0,4.0,WEDNESDAY,0,1
MOQUEGUA,PE-1S,1123.0,DESPISTE,16.0,4.0,WEDNESDAY,0,0
AREQUIPA,PE-34J,17.0,DESPISTE,15.0,4.0,THURSDAY,0,0
UCAYALI,PE-18C,19.0,CHOQUE,14.0,4.0,THURSDAY,0,0
MOQUEGUA,PE-1SD,21.0,CHOQUE,19.0,4.0,THURSDAY,1,0
LIMA,PE-1S,52.0,DESPISTE,17.0,4.0,THURSDAY,0,0
LIMA,PE-1S,71.0,DESPISTE,12.0,4.0,THURSDAY,0,1
LIMA,PE-22,126.0,CHOQUE,14.0,4.0,THURSDAY,0,0
LIMA,PE-1S,128.0,CHOQUE,5.0,4.0,THURSDAY,0,0
PIURA,PE-1N,135.0,CHOQUE,16.0,4.0,THURSDAY,0,0
ANCASH,PE-3N,149.0,DESPISTE,7.0,4.0,THURSDAY,0,0
LIMA,PE-1N,168.0,CHOQUE,12.0,4.0,THURSDAY,0,0
AYACUCHO,PE-30A,238.0,DESPISTE,7.0,4.0,THURSDAY,0,1
SAN MARTIN,PE-5N,434.0,ATROPELLO,15.0,4.0,THURSDAY,0,1
MOQUEGUA,PE-1S,1149.0,DESPISTE,16.0,4.0,THURSDAY,0,0
PUNO,PE-3S,1427.0,CHOQUE,17.0,4.0,THURSDAY,0,0
CUSCO,PE-28G,,CHOQUE,9.0,4.0,THURSDAY,0,0
PIURA,PE-1N,20.0,DESPISTE,6.0,4.0,FRIDAY,0,0
ICA,PE-1S,39.0,DESPISTE,20.0,4.0,FRIDAY,1,0
SAN MARTIN,PE-5NB,75.0,CHOQUE,14.0,4.0,FRIDAY,0,0
LAMBAYEQUE,PE-1NJ,91.0,CHOQUE,0.0,4.0,FRIDAY,0,0
AYACUCHO,PE-30A,101.0,DESPISTE,15.0,4.0,FRIDAY,0,0
AYACUCHO,PE-30A,102.0,DESPISTE,15.0,4.0,FRIDAY,0,0
MOQUEGUA,PE-36A,103.0,DESPISTE,15.0,4.0,FRIDAY,0,0
LIMA,PE-20A,113.0,CHOQUE,14.0,4.0,FRIDAY,0,0
AREQUIPA,PE-34A,130.0,CHOQUE,15.0,4.0,FRIDAY,0,1
PUNO,PE-34A,230.0,DESPISTE,15.0,4.0,FRIDAY,0,0
CUSCO,PE-28B,478.0,CHOQUE,21.0,4.0,FRIDAY,1,0
ANCASH,PE-3N,588.0,DESPISTE,9.0,4.0,FRIDAY,0,0
APURIMAC,PE-3S,641.0,CHOQUE,21.0,4.0,FRIDAY,1,1
AREQUIPA,PE-1S,1031.0,DESPISTE,7.0,4.0,FRIDAY,0,0
TACNA,PE-1S,1298.0,CHOQUE,12.0,4.0,FRIDAY,0,0
CAJAMARCA,PE-08B,2.0,DESPISTE,21.0,4.0,SATURDAY,1,0
CUSCO,CU-117,14.0,ATROPELLO,19.0,4.0,SATURDAY,1,1
LAMBAYEQUE,PE-1NJ,20.0,CHOQUE,19.0,4.0,SATURDAY,1,0
CAJAMARCA,PE-3N,31.0,DESPISTE,9.0,4.0,SATURDAY,0,0
LIMA,PE-22,45.0,CHOQUE,17.0,4.0,SATURDAY,0,1
LIMA,PE-1S,51.0,DESPISTE,16.0,4.0,SATURDAY,0,0
JUNIN,PE-3S,56.0,CHOQUE,16.0,4.0,SATURDAY,0,1
JUNIN,PE-22B,62.0,DESPISTE,20.0,4.0,SATURDAY,1,0
HUANUCO,PE-18A,64.0,DESPISTE,17.0,4.0,SATURDAY,0,0
LIMA,PE-22,82.0,DESPISTE,16.0,4.0,SATURDAY,0,0
JUNIN,PE-3SB,104.0,DESPISTE,6.0,4.0,SATURDAY,0,0
LIMA,PE-1S,128.0,DESPISTE,3.0,4.0,SATURDAY,0,0
AREQUIPA,PE-34A,185.0,DESPISTE,17.0,4.0,SATURDAY,0,0
ANCASH,PE-1N,407.0,DESPISTE,9.0,4.0,SATURDAY,0,0
LA LIBERTAD,PE-1N,675.0,DESPISTE,18.0,4.0,SATURDAY,1,0
LAMBAYEQUE,PE-1N,748.0,CHOQUE,19.0,4.0,SATURDAY,1,0
LAMBAYEQUE,PE-1N,876.0,DESPISTE,8.0,4.0,SATURDAY,0,0
SAN MARTIN,PE-5NB,29.0,CHOQUE,23.0,4.0,SUNDAY,1,1
JUNIN,PE-3N,31.0,DESPISTE,0.0,4.0,SUNDAY,0,0
JUNIN,PE-3S,69.0,CHOQUE,22.0,4.0,SUNDAY,1,0
CAJAMARCA,PE-3N,87.0,CHOQUE,14.0,4.0,SUNDAY,0,0
HUANUCO,PE-18A,117.0,CHOQUE,8.0,4.0,SUNDAY,0,0
LIMA,PE-1N,212.0,CHOQUE,3.0,4.0,SUNDAY,0,1
PUNO,PE-34A,236.0,DESPISTE,4.0,4.0,SUNDAY,0,0
ICA,PE-1S,290.0,ATROPELLO,16.0,4.0,SUNDAY,0,0
SAN MARTIN,PE-5N,446.0,CHOQUE,16.0,4.0,SUNDAY,0,0
LA LIBERTAD,PE-1N,451.0,CHOQUE,5.0,4.0,SUNDAY,0,0
LIMA,PE-22,1.0,CHOQUE,9.0,4.0,MONDAY,0,0
ANCASH,PE-14C,49.0,DESPISTE,7.0,4.0,MONDAY,0,1
LIMA,PE-1S,67.0,ESPECIAL,2.0,4.0,MONDAY,0,0
ANCASH,PE-16,86.0,DESPISTE,5.0,4.0,MONDAY,0,0
LIMA,PE-22,102.0,DESPISTE,8.0,4.0,MONDAY,0,0
JUNIN,PE-22,137.0,CHOQUE,23.0,4.0,MONDAY,1,0
PUNO,PE-34B,220.0,DESPISTE,2.0,4.0,MONDAY,0,0
APURIMAC,PE-30A,331.0,DESPISTE,20.0,4.0,MONDAY,1,0
ANCASH,PE-1N,383.0,CHOQUE,14.0,4.0,MONDAY,0,1
SAN MARTIN,PE-5N,569.0,N.I.,9.0,4.0,MONDAY,0,1
AREQUIPA,PE-1S,772.0,DESPISTE,11.0,4.0,MONDAY,0,0
AREQUIPA,PE-1S,772.0,DESPISTE,11.0,4.0,MONDAY,0,0
LAMBAYEQUE,PE-1N,877.0,DESPISTE,5.0,4.0,MONDAY,0,0
PUNO,PE-3S,1231.0,DESPISTE,9.0,4.0,MONDAY,0,0
PUNO,PE-3S,1288.0,CHOQUE,10.0,4.0,MONDAY,0,1
LA LIBERTAD,PE-10A,21.0,CHOQUE,3.0,4.0,TUESDAY,0,0
LIMA,PE-1S,48.0,DESPISTE,14.0,4.0,TUESDAY,0,0
LAMBAYEQUE,PE-06A,55.0,CHOQUE,15.0,4.0,TUESDAY,0,0
LIMA,PE-1N,74.0,DESPISTE,16.0,4.0,TUESDAY,0,0
AMAZONAS,PE-5N,197.0,DESPISTE,3.0,4.0,TUESDAY,0,0
ICA,PE-1S,226.0,CHOQUE,21.0,4.0,TUESDAY,1,0
MADRE DE DIOS,PE-30C,408.0,DESPISTE,18.0,4.0,TUESDAY,1,0
ANCASH,PE-1N,418.0,CHOQUE,15.0,4.0,TUESDAY,0,0
LA LIBERTAD,PE-1N,732.0,DESPISTE,8.0,4.0,TUESDAY,0,0
AREQUIPA,PE-1S,946.0,CHOQUE,8.0,4.0,TUESDAY,0,0
PIURA,PE-1N,967.0,DESPISTE,23.0,4.0,TUESDAY,1,0
JUNIN,PE-3N,31.0,VOLCADURA,17.0,4.0,WEDNESDAY,0,0
LAMBAYEQUE,PE-06A,47.0,DESPISTE,12.0,4.0,WEDNESDAY,0,0
AYACUCHO,PE-30A,75.0,DESPISTE,5.0,4.0,WEDNESDAY,0,0
LIMA,PE-22,117.0,DESPISTE,16.0,4.0,WEDNESDAY,0,0
LIMA,PE-1N,165.0,CHOQUE,4.0,4.0,WEDNESDAY,0,0
AREQUIPA,PE-34A,180.0,DESPISTE,8.0,4.0,WEDNESDAY,0,0
PUNO,PE-36A,286.0,DESPISTE,17.0,4.0,WEDNESDAY,0,0
APURIMAC,PE-30A,374.0,DESPISTE,4.0,4.0,WEDNESDAY,0,0
SAN MARTIN,PE-5N,443.0,CHOQUE,7.0,4.0,WEDNESDAY,0,0
LA LIBERTAD,PE-1N,639.0,CHOQUE,19.0,4.0,WEDNESDAY,1,0
AREQUIPA,PE-1S,817.0,CHOQUE,10.0,4.0,WEDNESDAY,0,0
AREQUIPA,PE-1S,875.0,DESPISTE,5.0,4.0,WEDNESDAY,0,0
ANCASH,PE-12,22.0,VOLCADURA,18.0,4.0,THURSDAY,1,0
LIMA,PE-22,23.0,CHOQUE,22.0,4.0,THURSDAY,1,0
JUNIN,PE-3SA,27.0,CHOQUE,12.0,4.0,THURSDAY,0,0
AREQUIPA,AR-106,29.0,CHOQUE,20.0,4.0,THURSDAY,1,0
JUNIN,PE-3N,31.0,DESPISTE,7.0,4.0,THURSDAY,0,0
JUNIN,PE-3SA,47.0,DESPISTE,0.0,4.0,THURSDAY,0,1
MOQUEGUA,PE-36A,47.0,DESPISTE,7.0,4.0,THURSDAY,0,0
LIMA,PE-1N,72.0,CHOQUE,16.0,4.0,THURSDAY,0,0
ANCASH,PE-3N,123.0,DESPISTE,9.0,4.0,THURSDAY,0,0
ICA,PE-1S,196.0,DESPISTE,21.0,4.0,THURSDAY,1,0
ICA,PE-1S,377.0,DESPISTE,21.0,4.0,THURSDAY,1,0
MADRE DE DIOS,PE-30C,386.0,DESPISTE,13.0,4.0,THURSDAY,0,0
APURIMAC,PE-30A,411.0,CHOQUE,9.0,4.0,THURSDAY,0,0
ANCASH,PE-3N,501.0,CHOQUE,12.0,4.0,THURSDAY,0,0
MOQUEGUA,PE-1S,1159.0,DESPISTE,14.0,4.0,THURSDAY,0,0
JUNIN,PE-3N,30.0,DESPISTE,17.0,4.0,FRIDAY,0,1
LIMA,PE-1S,41.0,DESPISTE,6.0,4.0,FRIDAY,0,0
JUNIN,PE-3SA,46.0,DESPISTE,20.0,4.0,FRIDAY,1,0
JUNIN,PE-3N,50.0,DESPISTE,14.0,4.0,FRIDAY,0,0
LIMA,PE-1N,58.0,CHOQUE,17.0,4.0,FRIDAY,0,0
CAJAMARCA,PE-3N,92.0,CHOQUE,12.0,4.0,FRIDAY,0,0
LA LIBERTAD,PE-3N,122.0,CHOQUE,17.0,4.0,FRIDAY,0,0
LAMBAYEQUE,PE-1NJ,148.0,DESPISTE,7.0,4.0,FRIDAY,0,0
AREQUIPA,PE-34A,152.0,CHOQUE,7.0,4.0,FRIDAY,0,0
AYACUCHO,PE-28A,289.0,CHOQUE,10.0,4.0,FRIDAY,0,0
APURIMAC,PE-30A,326.0,DESPISTE,12.0,4.0,FRIDAY,0,0
ANCASH,PE-1N,375.0,DESPISTE,20.0,4.0,FRIDAY,1,0
ICA,PE-1S,377.0,CHOQUE,12.0,4.0,FRIDAY,0,0
ICA,PE-1S,430.0,ATROPELLO,4.0,4.0,FRIDAY,0,0
LA LIBERTAD,PE-1N,514.0,CHOQUE,20.0,4.0,FRIDAY,1,0
AREQUIPA,PE-1S,769.0,CHOQUE,8.0,4.0,FRIDAY,0,0
AREQUIPA,PE-1S,814.0,CHOQUE,18.0,4.0,FRIDAY,1,0
PUNO,PE-3SA,1430.0,CHOQUE,21.0,4.0,FRIDAY,1,1
JUNIN,PE-3SA,20.0,CHOQUE,17.0,4.0,SATURDAY,0,0
JUNIN,PE-3N,27.0,CHOQUE,15.0,4.0,SATURDAY,0,1
AREQUIPA,PE-34A,52.0,CHOQUE,15.0,4.0,SATURDAY,0,0
AREQUIPA,PE-34A,52.0,DESPISTE,18.0,4.0,SATURDAY,1,0
JUNIN,PE-3N,59.0,CHOQUE,21.0,4.0,SATURDAY,1,0
LIMA,PE-1S,75.0,CHOQUE,5.0,4.0,SATURDAY,0,0
LIMA,PE-22,112.0,DESPISTE,18.0,4.0,SATURDAY,1,0
JUNIN,PE-5S,116.0,CHOQUE,22.0,4.0,SATURDAY,1,0
LIMA,PE-1N,192.0,DESPISTE,7.0,4.0,SATURDAY,0,0
PUNO,PE-34A,290.0,CHOQUE,16.0,4.0,SATURDAY,0,0
ANCASH,PE-1N,442.0,CHOQUE,11.0,4.0,SATURDAY,0,0
ICA,PE-1S,454.0,CHOQUE,23.0,4.0,SATURDAY,1,1
SAN MARTIN,PE-5N,492.0,DESPISTE,17.0,4.0,SATURDAY,0,0
LA LIBERTAD,PE-1N,581.0,CHOQUE,16.0,4.0,SATURDAY,0,0
LA LIBERTAD,PE-1N,681.0,DESPISTE,6.0,4.0,SATURDAY,0,0
LAMBAYEQUE,PE-1N,825.0,DESPISTE,4.0,4.0,SATURDAY,0,0
AREQUIPA,PE-1S,973.0,CHOQUE,8.0,4.0,SATURDAY,0,0
AREQUIPA,PE-34A,12.0,CHOQUE,17.0,4.0,SUNDAY,0,0
AREQUIPA,PE-34A,14.0,DESPISTE,0.0,4.0,SUNDAY,0,0
LIMA,PE-20C,31.0,CHOQUE,19.0,4.0,SUNDAY,1,0
JUNIN,PE-3S,74.0,DESPISTE,15.0,4.0,SUNDAY,0,0
LIMA,PE-22,78.0,CHOQUE,12.0,4.0,SUNDAY,0,0
LIMA,PE-22,108.0,DESPISTE,19.0,4.0,SUNDAY,1,0
LIMA,PE-22,112.0,CHOQUE,17.0,4.0,SUNDAY,0,0
AREQUIPA,PE-34A,140.0,DESPISTE,2.0,4.0,SUNDAY,0,0
JUNIN,PE-22,153.0,DESPISTE,17.0,4.0,SUNDAY,0,1
ICA,PE-1S,197.0,CHOQUE,8.0,4.0,SUNDAY,0,1
SAN MARTIN,PE-5N,379.0,DESPISTE,14.0,4.0,SUNDAY,0,0
LA LIBERTAD,PE-1N,556.0,DESPISTE,17.0,4.0,SUNDAY,0,0
APURIMAC,PE-3S,764.0,DESPISTE,6.0,4.0,SUNDAY,0,0
AREQUIPA,PE-34A,12.0,DESPISTE,17.0,4.0,MONDAY,0,0
LIMA,PE-20C,31.0,DESPISTE,22.0,4.0,MONDAY,1,0
LAMBAYEQUE,PE-1NJ,51.0,VOLCADURA,1.0,4.0,MONDAY,0,0
JUNIN,PE-3S,71.0,DESPISTE,16.0,4.0,MONDAY,0,0
JUNIN,PE-3S,74.0,CHOQUE,23.0,4.0,MONDAY,1,0
LIMA,PE-22,78.0,CHOQUE,14.0,4.0,MONDAY,0,0
LIMA,PE-1N,140.0,DESPISTE,4.0,4.0,MONDAY,0,0
AYACUCHO,PE-28B,160.0,DESPISTE,0.0,4.0,MONDAY,0,0
ICA,PE-1S,197.0,DESPISTE,10.0,4.0,MONDAY,0,0
SAN MARTIN,PE-5N,379.0,CHOQUE,15.0,4.0,MONDAY,0,0
SAN MARTIN,PE-5N,516.0,CHOQUE,8.0,4.0,MONDAY,0,0
LA LIBERTAD,PE-1N,556.0,CHOQUE,8.0,4.0,MONDAY,0,0
PUNO,PE-34I,1.0,CHOQUE,7.0,4.0,TUESDAY,0,0
UCAYALI,PE-18C,18.0,CHOQUE,7.0,4.0,TUESDAY,0,0
LA LIBERTAD,PE-10A,25.0,CHOQUE,5.0,4.0,TUESDAY,0,0
UCAYALI,PE-5SA,39.0,DESPISTE,18.0,4.0,TUESDAY,1,0
LIMA,PE-22,106.0,CHOQUE,21.0,4.0,TUESDAY,1,0
MADRE DE DIOS,PE-30C,278.0,DESPISTE,21.0,4.0,TUESDAY,1,0
LA LIBERTAD,PE-1N,513.0,CHOQUE,15.0,4.0,TUESDAY,0,0
LAMBAYEQUE,PE-1N,813.0,CHOQUE,5.0,4.0,TUESDAY,0,0
PUNO,PE-3S,1319.0,CHOQUE,16.0,4.0,TUESDAY,0,0
CUSCO,N.I.,,CHOQUE,11.0,4.0,TUESDAY,0,0
JUNIN,PE-3SA,11.0,DESPISTE,6.0,4.0,WEDNESDAY,0,0
LORETO,LO-103,15.0,DESPISTE,15.0,4.0,WEDNESDAY,0,0
JUNIN,PE-3S,29.0,CHOQUE,17.0,4.0,WEDNESDAY,0,0
LIMA,PE-22,103.0,CHOQUE,14.0,4.0,WEDNESDAY,0,0
PIURA,PE-1N,124.0,DESPISTE,6.0,4.0,WEDNESDAY,0,0
ICA,PE-1S,196.0,CHOQUE,12.0,4.0,WEDNESDAY,0,0
CUSCO,PE-28B,197.0,DESPISTE,2.0,4.0,WEDNESDAY,0,0
LIMA,PE-1N,200.0,DESPISTE,6.0,4.0,WEDNESDAY,0,0
PUNO,PE-34A,241.0,DESPISTE,5.0,4.0,WEDNESDAY,0,0
ICA,PE-1S,279.0,CHOQUE,8.0,4.0,WEDNESDAY,0,0
APURIMAC,PE-3S,583.0,CHOQUE,19.0,4.0,WEDNESDAY,1,0
AREQUIPA,PE-1S,859.0,CHOQUE,6.0,4.0,WEDNESDAY,0,1
LIMA,PE-20C,22.0,DESPISTE,11.0,4.0,THURSDAY,0,1
AREQUIPA,PE-34,33.0,DESPISTE,5.0,4.0,THURSDAY,0,0
APURIMAC,PE-30A,367.0,CHOQUE,7.0,4.0,THURSDAY,0,0
APURIMAC,PE-30A,367.0,CHOQUE,14.0,4.0,THURSDAY,0,0
ANCASH,PE-1N,395.0,DESPISTE,8.0,4.0,THURSDAY,0,0
LA LIBERTAD,PE-1N,479.0,DESPISTE,11.0,4.0,THURSDAY,0,0
AREQUIPA,PE-1S,557.0,CHOQUE,18.0,4.0,THURSDAY,1,0
LIMA,PE-1NE,5.0,DESPISTE,19.0,4.0,FRIDAY,1,0
CUSCO,PE-34G,34.0,DESPISTE,13.0,4.0,FRIDAY,0,0
ANCASH,PE-16,84.0,CHOQUE,16.0,4.0,FRIDAY,0,0
AREQUIPA,PE-34A,119.0,CHOQUE,1.0,4.0,FRIDAY,0,0
LIMA,PE-1N,130.0,DESPISTE,6.0,4.0,FRIDAY,0,0
LAMBAYEQUE,PE-06A,138.0,CHOQUE,15.0,4.0,FRIDAY,0,0
LIMA,PE-1S,145.0,DESPISTE,0.0,4.0,FRIDAY,0,1
ICA,PE-1S,186.0,CHOQUE,9.0,4.0,FRIDAY,0,0
PUNO,PE-34A,248.0,CHOQUE,15.0,4.0,FRIDAY,0,1
ICA,PE-1S,328.0,DESPISTE,17.0,4.0,FRIDAY,0,0
ANCASH,PE-1N,331.0,DESPISTE,23.0,4.0,FRIDAY,1,0
MADRE DE DIOS,PE-30C,389.0,DESPISTE,17.0,4.0,FRIDAY,0,0
ANCASH,PE-1N,395.0,DESPISTE,23.0,4.0,FRIDAY,1,0
ICA,PE-1S,488.0,CHOQUE,5.0,4.0,FRIDAY,0,0
LA LIBERTAD,PE-1N,618.0,CHOQUE,4.0,4.0,FRIDAY,0,0
AREQUIPA,PE-1S,754.0,CHOQUE,12.0,4.0,FRIDAY,0,0
AREQUIPA,PE-1S,945.0,DESPISTE,16.0,4.0,FRIDAY,0,0
CUSCO,PE-28G,3.0,DESPISTE,22.0,4.0,SATURDAY,1,0
LIMA,PE-1NB,6.0,CHOQUE,8.0,4.0,SATURDAY,0,0
JUNIN,PE-5S,59.0,CHOQUE,5.0,4.0,SATURDAY,0,1
JUNIN,PE-3SB,101.0,CHOQUE,10.0,4.0,SATURDAY,0,1
MOQUEGUA,PE-36A,104.0,DESPISTE,14.0,4.0,SATURDAY,0,0
JUNIN,PE-1S,112.0,ATROPELLO,10.0,4.0,SATURDAY,0,0
HUANUCO,PE-18A,121.0,DESPISTE,9.0,4.0,SATURDAY,0,0
AREQUIPA,PE-34A,179.0,DESPISTE,7.0,4.0,SATURDAY,0,0
LIMA,PE-1N,197.0,CHOQUE,6.0,4.0,SATURDAY,0,0
AREQUIPA,PE-1S,622.0,DESPISTE,15.0,4.0,SATURDAY,0,0
APURIMAC,PE-3S,718.0,CHOQUE,22.0,4.0,SATURDAY,1,0
LORETO,LO-103,10.0,DESPISTE,16.0,4.0,SUNDAY,0,0
AREQUIPA,PE-34E,23.0,DESPISTE,15.0,4.0,SUNDAY,0,0
LIMA,PE-22,55.0,DESPISTE,16.0,4.0,SUNDAY,0,0
LIMA,PE-1S,142.0,DESPISTE,13.0,4.0,SUNDAY,0,0
LIMA,PE-1S,168.0,DESPISTE,4.0,4.0,SUNDAY,0,0
AYACUCHO,PE-30A,181.0,DESPISTE,15.0,4.0,SUNDAY,0,0
PUNO,PE-34B,318.0,DESPISTE,22.0,4.0,SUNDAY,1,0
LA LIBERTAD,PE-1N,653.0,CHOQUE,4.0,4.0,SUNDAY,0,0
PIURA,PE-1N,1132.0,DESPISTE,6.0,4.0,SUNDAY,0,0
LIMA,PE-22,9.0,ESPECIAL,8.0,4.0,MONDAY,0,0
SAN MARTIN,PE-5N,12.0,DESPISTE,11.0,4.0,MONDAY,0,0
LIMA,PE-22,22.0,CHOQUE,22.0,4.0,MONDAY,1,1
PUNO,PE-38A,23.0,DESPISTE,9.0,4.0,MONDAY,0,1
PUNO,PE-38A,23.0,DESPISTE,10.0,4.0,MONDAY,0,1
PIURA,PE-02,44.0,CHOQUE,20.0,4.0,MONDAY,1,1
LAMBAYEQUE,PE-1NJ,49.0,DESPISTE,17.0,4.0,MONDAY,0,0
PUNO,PE-38A,50.0,CHOQUE,6.0,4.0,MONDAY,0,0
ANCASH,PE-14A,93.0,CHOQUE,16.0,4.0,MONDAY,0,0
ANCASH,PE-3N,176.0,CHOQUE,7.0,4.0,MONDAY,0,0
ICA,PE-1S,176.0,DESPISTE,7.0,4.0,MONDAY,0,0
MADRE DE DIOS,PE-30C,251.0,CHOQUE,22.0,4.0,MONDAY,1,0
HUANUCO,PE-5N,278.0,CHOQUE,9.0,4.0,MONDAY,0,0
MADRE DE DIOS,PE-30C,343.0,CHOQUE,10.0,4.0,MONDAY,0,0
SAN MARTIN,PE-5N,695.0,DESPISTE,15.0,4.0,MONDAY,0,0
SAN MARTIN,PE-5N,744.0,CHOQUE,22.0,4.0,MONDAY,1,1
APURIMAC,PE-3S,813.0,CHOQUE,8.0,4.0,MONDAY,0,0
APURIMAC,PE-3S,818.0,CHOQUE,15.0,4.0,MONDAY,0,0
MOQUEGUA,PE-1S,1160.0,CHOQUE,9.0,4.0,MONDAY,0,0
PUNO,PE-36B,14.0,DESPISTE,14.0,4.0,TUESDAY,0,0
PUNO,PE-36B,14.0,CHOQUE,14.0,4.0,TUESDAY,0,0
PUNO,PE-36B,17.0,CHOQUE,14.0,4.0,TUESDAY,0,0
ANCASH,PE-12,23.0,CHOQUE,6.0,4.0,TUESDAY,0,0
LIMA,PE-1S,34.0,DESPISTE,8.0,4.0,TUESDAY,0,0
PIURA,PE-02,41.0,DESPISTE,14.0,4.0,TUESDAY,0,0
JUNIN,PE-3S,57.0,DESPISTE,6.0,4.0,TUESDAY,0,0
PASCO,PE-5N,115.0,DESPISTE,10.0,4.0,TUESDAY,0,0
PIURA,PE-1NJ,172.0,CHOQUE,6.0,4.0,TUESDAY,0,0
PUNO,PE-36A,225.0,DESPISTE,12.0,4.0,TUESDAY,0,0
MADRE DE DIOS,PE-30C,324.0,CHOQUE,11.0,4.0,TUESDAY,0,0
ICA,PE-1S,384.0,ESPECIAL,12.0,4.0,TUESDAY,0,0
HUANUCO,PE-5N,468.0,CHOQUE,16.0,4.0,TUESDAY,0,0
HUANUCO,PE-5N,472.0,ATROPELLO,18.0,4.0,TUESDAY,1,0
LA LIBERTAD,PE-1N,533.0,DESPISTE,15.0,4.0,TUESDAY,0,0
LA LIBERTAD,PE-1N,550.0,DESPISTE,8.0,4.0,TUESDAY,0,0
AREQUIPA,PE-1S,632.0,DESPISTE,15.0,4.0,TUESDAY,0,0
SAN MARTIN,PE-5N,755.0,CHOQUE,10.0,4.0,TUESDAY,0,0
CUSCO,PE-3S,927.0,ATROPELLO,10.0,4.0,TUESDAY,0,0
JUNIN,PE-3S,24.0,CHOQUE,18.0,4.0,WEDNESDAY,1,0
JUNIN,PE-3SA,30.0,CHOQUE,9.0,4.0,WEDNESDAY,0,0
LIMA,PE-1N,98.0,DESPISTE,8.0,4.0,WEDNESDAY,0,0
LIMA,PE-22,129.0,DESPISTE,8.0,4.0,WEDNESDAY,0,0
PASCO,PE-3N,146.0,DESPISTE,13.0,4.0,WEDNESDAY,0,0
ICA,PE-1SE,191.0,DESPISTE,13.0,4.0,WEDNESDAY,0,0
ICA,PE-1S,207.0,CHOQUE,20.0,4.0,WEDNESDAY,1,1
LIMA,PE-1N,215.0,DESPISTE,11.0,4.0,WEDNESDAY,0,0
UCAYALI,PE-5N,379.0,CHOQUE,15.0,4.0,WEDNESDAY,0,0
LA LIBERTAD,PE-1N,450.0,CHOQUE,13.0,4.0,WEDNESDAY,0,0
CUSCO,PE-28B,479.0,DESPISTE,7.0,4.0,WEDNESDAY,0,0
LA LIBERTAD,PE-1N,577.0,CHOQUE,11.0,4.0,WEDNESDAY,0,1
CUSCO,PE-3S,1023.0,CHOQUE,5.0,4.0,WEDNESDAY,0,0
CUSCO,PE-3S,1036.0,ATROPELLO,18.0,4.0,WEDNESDAY,1,1
MOQUEGUA,PE-1S,1151.0,DESPISTE,10.0,4.0,WEDNESDAY,0,0
AREQUIPA,PE-34A,2.0,CHOQUE,19.0,4.0,THURSDAY,1,0
JUNIN,PE-3N,8.0,DESPISTE,7.0,4.0,THURSDAY,0,1
JUNIN,PE-3S,23.0,CHOQUE,12.0,4.0,THURSDAY,0,0
TACNA,PE-38,30.0,CHOQUE,7.0,4.0,THURSDAY,0,0
JUNIN,PE-3S,75.0,DESPISTE,10.0,4.0,THURSDAY,0,0
AYACUCHO,PE-30A,102.0,DESPISTE,1.0,4.0,THURSDAY,0,0
AYACUCHO,PE-30A,102.0,DESPISTE,5.0,4.0,THURSDAY,0,0
LIMA,PE-1N,102.0,CHOQUE,1.0,4.0,THURSDAY,0,0
CUSCO,PE-30C,144.0,DESPISTE,0.0,4.0,THURSDAY,0,0
AREQUIPA,PE-1S,940.0,DESPISTE,20.0,4.0,THURSDAY,1,0
MOQUEGUA,PE-1S,1111.0,CHOQUE,14.0,4.0,THURSDAY,0,0
JUNIN,PE-3SA,10.0,DESPISTE,2.0,4.0,FRIDAY,0,0
TACNA,PE-38,43.0,DESPISTE,14.0,4.0,FRIDAY,0,0
LIMA,PE-20A,63.0,DESPISTE,21.0,4.0,FRIDAY,1,0
LIMA,PE-1N,199.0,DESPISTE,12.0,4.0,FRIDAY,0,0
PUNO,PE-34A,224.0,DESPISTE,5.0,4.0,FRIDAY,0,0
LA LIBERTAD,PE-1N,523.0,CHOQUE,19.0,4.0,FRIDAY,1,1
N.I.,N.I.,,DESPISTE,23.0,4.0,FRIDAY,1,0
ANCASH,PE-14,1.0,CHOQUE,19.0,5.0,SATURDAY,1,0
LIMA,PE-1NE,6.0,DESPISTE,19.0,5.0,SATURDAY,1,0
LA LIBERTAD,PE-08,8.0,CHOQUE,16.0,5.0,SATURDAY,0,0
JUNIN,PE-3SA,20.0,DESPISTE,5.0,5.0,SATURDAY,0,0
CAJAMARCA,PE-5N,26.0,ATROPELLO,2.0,5.0,SATURDAY,0,0
PUNO,PU-111,31.0,DESPISTE,6.0,5.0,SATURDAY,0,1
JUNIN,PE-3N,39.0,DESPISTE,5.0,5.0,SATURDAY,0,0
ANCASH,AN-110,69.0,CHOQUE,20.0,5.0,SATURDAY,1,0
LAMBAYEQUE,PE-1NJ,92.0,CHOQUE,22.0,5.0,SATURDAY,1,0
LIMA,PE-22,112.0,CHOQUE,16.0,5.0,SATURDAY,0,0
JUNIN,PE-22,159.0,DESPISTE,5.0,5.0,SATURDAY,0,0
PUNO,PE-34B,334.0,DESPISTE,8.0,5.0,SATURDAY,0,1
ANCASH,PE-1N,416.0,DESPISTE,11.0,5.0,SATURDAY,0,0
MADRE DE DIOS,PE-30C,455.0,CHOQUE,23.0,5.0,SATURDAY,1,0
LA LIBERTAD,PE-1N,735.0,ESPECIAL,1.0,5.0,SATURDAY,0,0
AREQUIPA,PE-1S,940.0,DESPISTE,3.0,5.0,SATURDAY,0,0
TACNA,PE-1S,1292.0,CHOQUE,23.0,5.0,SATURDAY,1,0
UCAYALI,PE-18C,17.0,DESPISTE,1.0,5.0,SUNDAY,0,0
PUNO,PE-36B,38.0,CHOQUE,20.0,5.0,SUNDAY,1,0
LIMA,PE-20A,46.0,DESPISTE,21.0,5.0,SUNDAY,1,0
ANCASH,PE-16,85.0,DESPISTE,6.0,5.0,SUNDAY,0,0
LIMA,PE-1N,89.0,CHOQUE,11.0,5.0,SUNDAY,0,0
AREQUIPA,PE-34A,110.0,CHOQUE,19.0,5.0,SUNDAY,1,0
JUNIN,PE-22B,118.0,CHOQUE,3.0,5.0,SUNDAY,0,1
PUNO,PE-34A,275.0,DESPISTE,18.0,5.0,SUNDAY,1,0
LA LIBERTAD,PE-1N,487.0,CHOQUE,17.0,5.0,SUNDAY,0,0
SAN MARTIN,PE-5N,487.0,CHOQUE,11.0,5.0,SUNDAY,0,0
SAN MARTIN,PE-5N,527.0,DESPISTE,19.0,5.0,SUNDAY,1,0
JUNIN,PE-3SB,77.0,CHOQUE,23.0,5.0,MONDAY,1,0
ANCASH,PE-1N,381.0,CHOQUE,19.0,5.0,MONDAY,1,0
APURIMAC,PE-30A,398.0,DESPISTE,12.0,5.0,MONDAY,0,0
CUSCO,PE-3S,1091.0,ATROPELLO,20.0,5.0,MONDAY,1,1
JUNIN,PE-3SA,19.0,CHOQUE,19.0,5.0,TUESDAY,1,0
LIMA,PE-1N,24.0,ESPECIAL,10.0,5.0,TUESDAY,0,0
AREQUIPA,AR-113,28.0,CHOQUE,7.0,5.0,TUESDAY,0,0
UCAYALI,PE-18C,75.0,DESPISTE,8.0,5.0,TUESDAY,0,0
LA LIBERTAD,PE-10A,111.0,DESPISTE,16.0,5.0,TUESDAY,0,0
PASCO,PE-3N,127.0,CHOQUE,21.0,5.0,TUESDAY,1,0
LIMA,PE-1N,159.0,DESPISTE,7.0,5.0,TUESDAY,0,0
CUSCO,PE-28B,171.0,DESPISTE,11.0,5.0,TUESDAY,0,0
AMAZONAS,PE-5N,365.0,CHOQUE,15.0,5.0,TUESDAY,0,0
APURIMAC,PE-30A,383.0,CHOQUE,12.0,5.0,TUESDAY,0,0
LIMA,PE-1N,18.0,ESPECIAL,5.0,5.0,WEDNESDAY,0,0
UCAYALI,PE-18C,36.0,ESPECIAL,14.0,5.0,WEDNESDAY,0,0
PUNO,PE-34H,47.0,CHOQUE,22.0,5.0,WEDNESDAY,1,0
CUSCO,PE-28B,185.0,DESPISTE,13.0,5.0,WEDNESDAY,0,1
AYACUCHO,PE-30A,198.0,DESPISTE,20.0,5.0,WEDNESDAY,1,0
ICA,PE-1S,241.0,CHOQUE,13.0,5.0,WEDNESDAY,0,0
MADRE DE DIOS,PE-30C,311.0,DESPISTE,5.0,5.0,WEDNESDAY,0,0
MADRE DE DIOS,PE-30C,448.0,DESPISTE,12.0,5.0,WEDNESDAY,0,0
LA LIBERTAD,PE-1N,530.0,DESPISTE,3.0,5.0,WEDNESDAY,0,0
LAMBAYEQUE,PE-1N,859.0,DESPISTE,13.0,5.0,WEDNESDAY,0,0
CUSCO,PE-3S,897.0,DESPISTE,18.0,5.0,WEDNESDAY,1,0
PUNO,PE-3S,1221.0,DESPISTE,0.0,5.0,WEDNESDAY,0,0
CUSCO,PE-28F,20.0,DESPISTE,18.0,5.0,THURSDAY,1,0
LAMBAYEQUE,PE-06A,32.0,CHOQUE,14.0,5.0,THURSDAY,0,0
JUNIN,PE-3S,76.0,DESPISTE,5.0,5.0,THURSDAY,0,0
LIMA,PE-22,82.0,DESPISTE,9.0,5.0,THURSDAY,0,0
JUNIN,PE-3SB,102.0,DESPISTE,9.0,5.0,THURSDAY,0,0
AREQUIPA,PE-34A,167.0,ESPECIAL,7.0,5.0,THURSDAY,0,0
MADRE DE DIOS,PE-30C,277.0,DESPISTE,4.0,5.0,THURSDAY,0,0
HUANUCO,PE-18A,456.0,DESPISTE,4.0,5.0,THURSDAY,0,0
ICA,PE-1SG,11.0,CHOQUE,7.0,5.0,FRIDAY,0,0
ANCASH,AN-110,30.0,DESPISTE,2.0,5.0,FRIDAY,0,0
PUNO,PE-34I,32.0,DESPISTE,9.0,5.0,FRIDAY,0,0
PUNO,PE-34H,37.0,ATROPELLO,10.0,5.0,FRIDAY,0,1
PIURA,PE-1N,43.0,DESPISTE,15.0,5.0,FRIDAY,0,0
PIURA,PE-1N,55.0,DESPISTE,18.0,5.0,FRIDAY,1,0
AYACUCHO,PE-30A,94.0,DESPISTE,17.0,5.0,FRIDAY,0,0
AREQUIPA,PE-34A,132.0,CHOQUE,2.0,5.0,FRIDAY,0,0
CUSCO,PE-28B,189.0,CHOQUE,16.0,5.0,FRIDAY,0,0
AMAZONAS,PE-5N,212.0,DESPISTE,9.0,5.0,FRIDAY,0,0
HUANUCO,PE-3N,245.0,DESPISTE,5.0,5.0,FRIDAY,0,0
PUNO,PE-34A,249.0,CHOQUE,2.0,5.0,FRIDAY,0,0
PUNO,PE-36A,296.0,DESPISTE,8.0,5.0,FRIDAY,0,0
MADRE DE DIOS,PE-30C,450.0,DESPISTE,16.0,5.0,FRIDAY,0,0
ICA,PE-1S,456.0,ATROPELLO,4.0,5.0,FRIDAY,0,1
LA LIBERTAD,PE-1N,515.0,CHOQUE,3.0,5.0,FRIDAY,0,1
LA LIBERTAD,PE-1N,602.0,CHOQUE,19.0,5.0,FRIDAY,1,0
AREQUIPA,PE-1S,1030.0,CHOQUE,15.0,5.0,FRIDAY,0,0
PUNO,PE-3S,1486.0,ATROPELLO,18.0,5.0,FRIDAY,1,0
AREQUIPA,PE-34A,3.0,DESPISTE,7.0,5.0,SATURDAY,0,0
LAMBAYEQUE,PE-06A,15.0,CHOQUE,19.0,5.0,SATURDAY,1,0
UCAYALI,PE-18C,19.0,CHOQUE,21.0,5.0,SATURDAY,1,0
LIMA,PE-1S,26.0,CHOQUE,8.0,5.0,SATURDAY,0,0
LAMBAYEQUE,PE-1NJ,51.0,CHOQUE,17.0,5.0,SATURDAY,0,0
LIMA,PE-22,120.0,CHOQUE,4.0,5.0,SATURDAY,0,0
LIMA,PE-1S,126.0,DESPISTE,22.0,5.0,SATURDAY,1,0
LIMA,PE-1N,129.0,CHOQUE,3.0,5.0,SATURDAY,0,0
AREQUIPA,PE-34A,134.0,DESPISTE,9.0,5.0,SATURDAY,0,0
ANCASH,PE-3N,145.0,DESPISTE,17.0,5.0,SATURDAY,0,0
ICA,PE-1S,204.0,CHOQUE,6.0,5.0,SATURDAY,0,0
ICA,PE-1SE,213.0,CHOQUE,4.0,5.0,SATURDAY,0,0
PUNO,PE-34A,236.0,CHOQUE,18.0,5.0,SATURDAY,1,0
ANCASH,PE-1N,246.0,DESPISTE,9.0,5.0,SATURDAY,0,0
ICA,PE-1S,326.0,CHOQUE,23.0,5.0,SATURDAY,1,0
AMAZONAS,PE-08B,340.0,DESPISTE,6.0,5.0,SATURDAY,0,0
AYACUCHO,PE-3S,396.0,CHOQUE,15.0,5.0,SATURDAY,0,0
ANCASH,PE-1N,398.0,DESPISTE,2.0,5.0,SATURDAY,0,0
ANCASH,PE-1N,398.0,DESPISTE,2.0,5.0,SATURDAY,0,0
SAN MARTIN,PE-5N,473.0,CHOQUE,20.0,5.0,SATURDAY,1,1
SAN MARTIN,PE-5N,683.0,DESPISTE,14.0,5.0,SATURDAY,0,0
SAN MARTIN,PE-5N,725.0,DESPISTE,3.0,5.0,SATURDAY,0,0
APURIMAC,PE-3S,818.0,CHOQUE,5.0,5.0,SATURDAY,0,1
PIURA,PE-1N,984.0,CHOQUE,1.0,5.0,SATURDAY,0,0
PUNO,PE-3S,1462.0,CHOQUE,9.0,5.0,SATURDAY,0,0
PUNO,PE-34G,2.0,DESPISTE,23.0,5.0,SUNDAY,1,0
CAJAMARCA,PE-5N,32.0,DESPISTE,23.0,5.0,SUNDAY,1,0
JUNIN,PE-22,157.0,CHOQUE,16.0,5.0,SUNDAY,0,0
PUNO,PE-34A,244.0,DESPISTE,4.0,5.0,SUNDAY,0,0
ANCASH,PE-1N,306.0,DESPISTE,7.0,5.0,SUNDAY,0,0
ANCASH,PE-1N,384.0,CHOQUE,5.0,5.0,SUNDAY,0,0
ICA,PE-1S,419.0,DESPISTE,11.0,5.0,SUNDAY,0,0
AREQUIPA,PE-1S,526.0,CHOQUE,12.0,5.0,SUNDAY,0,0
AREQUIPA,PE-1S,631.0,DESPISTE,17.0,5.0,SUNDAY,0,0
AREQUIPA,PE-1S,690.0,ESPECIAL,9.0,5.0,SUNDAY,0,0
CUSCO,PE-3S,898.0,DESPISTE,5.0,5.0,SUNDAY,0,0
CAJAMARCA,PE-08B,9.0,CHOQUE,9.0,5.0,MONDAY,0,0
CAJAMARCA,PE-08B,14.0,CHOQUE,13.0,5.0,MONDAY,0,0
UCAYALI,PE-18C,19.0,CHOQUE,18.0,5.0,MONDAY,1,0
UCAYALI,PE-18C,22.0,DESPISTE,22.0,5.0,MONDAY,1,0
LIMA,PE-1N,40.0,CHOQUE,23.0,5.0,MONDAY,1,0
JUNIN,PE-3S,42.0,CHOQUE,15.0,5.0,MONDAY,0,0
CUSCO,PE-28F,55.0,DESPISTE,5.0,5.0,MONDAY,0,0
AREQUIPA,PE-34A,62.0,DESPISTE,15.0,5.0,MONDAY,0,0
LIMA,PE-1S,94.0,CHOQUE,5.0,5.0,MONDAY,0,0
JUNIN,PE-22B,102.0,CHOQUE,14.0,5.0,MONDAY,0,0
AREQUIPA,PE-34A,179.0,CHOQUE,8.0,5.0,MONDAY,0,0
ICA,PE-1S,186.0,CHOQUE,13.0,5.0,MONDAY,0,0
ANCASH,PE-1N,241.0,DESPISTE,10.0,5.0,MONDAY,0,0
PUNO,PE-34A,243.0,DESPISTE,8.0,5.0,MONDAY,0,0
ANCASH,PE-3N,248.0,CHOQUE,10.0,5.0,MONDAY,0,0
ANCASH,PE-1N,329.0,DESPISTE,7.0,5.0,MONDAY,0,0
ANCASH,PE-1N,344.0,DESPISTE,10.0,5.0,MONDAY,0,0
ANCASH,PE-1N,415.0,DESPISTE,8.0,5.0,MONDAY,0,0
LA LIBERTAD,PE-1N,515.0,CHOQUE,22.0,5.0,MONDAY,1,1
SAN MARTIN,PE-5N,518.0,CHOQUE,11.0,5.0,MONDAY,0,0
LA LIBERTAD,PE-1N,721.0,DESPISTE,0.0,5.0,MONDAY,0,0
LAMBAYEQUE,PE-1N,752.0,DESPISTE,6.0,5.0,MONDAY,0,1
LAMBAYEQUE,PE-1N,822.0,DESPISTE,7.0,5.0,MONDAY,0,1
PIURA,PE-1N,973.0,CHOQUE,22.0,5.0,MONDAY,1,1
JUNIN,PE-3SA,3.0,CHOQUE,6.0,5.0,TUESDAY,0,0
LAMBAYEQUE,PE-1NJ,23.0,CHOQUE,10.0,5.0,TUESDAY,0,0
LIMA,PE-22,26.0,CHOQUE,7.0,5.0,TUESDAY,0,0
PIURA,PE-1N,33.0,DESPISTE,13.0,5.0,TUESDAY,0,0
LIMA,PE-22,43.0,CHOQUE,9.0,5.0,TUESDAY,0,0
LIMA,PE-22,48.0,CHOQUE,10.0,5.0,TUESDAY,0,0
LIMA,PE-1S,49.0,ESPECIAL,21.0,5.0,TUESDAY,1,0
LIMA,PE-1N,106.0,DESPISTE,7.0,5.0,TUESDAY,0,0
HUANCAVELICA,PE-3S,204.0,DESPISTE,17.0,5.0,TUESDAY,0,0
ANCASH,PE-1N,320.0,ESPECIAL,11.0,5.0,TUESDAY,0,0
ICA,PE-1S,364.0,CHOQUE,17.0,5.0,TUESDAY,0,1
UCAYALI,PE-5N,432.0,CHOQUE,15.0,5.0,TUESDAY,0,0
HUANUCO,PE-5N,483.0,CHOQUE,8.0,5.0,TUESDAY,0,0
SAN MARTIN,PE-5N,620.0,CHOQUE,17.0,5.0,TUESDAY,0,0
JUNIN,PE-3S,68.0,CHOQUE,16.0,5.0,WEDNESDAY,0,0
LIMA,PE-1N,108.0,DESPISTE,19.0,5.0,WEDNESDAY,1,0
CAJAMARCA,PE-08,131.0,DESPISTE,4.0,5.0,WEDNESDAY,0,0
PUNO,PE-38,220.0,DESPISTE,16.0,5.0,WEDNESDAY,0,0
PUNO,PE-34B,291.0,CHOQUE,23.0,5.0,WEDNESDAY,1,1
APURIMAC,PE-30A,344.0,CHOQUE,9.0,5.0,WEDNESDAY,0,0
ANCASH,PE-3N,571.0,CHOQUE,11.0,5.0,WEDNESDAY,0,0
AREQUIPA,PE-1S,735.0,DESPISTE,18.0,5.0,WEDNESDAY,1,1
LAMBAYEQUE,PE-1N,737.0,DESPISTE,15.0,5.0,WEDNESDAY,0,0
JUNIN,PE-3S,5.0,CHOQUE,6.0,5.0,THURSDAY,0,0
CAJAMARCA,PE-08B,9.0,CHOQUE,17.0,5.0,THURSDAY,0,0
JUNIN,PE-5N,18.0,DESPISTE,18.0,5.0,THURSDAY,1,0
JUNIN,PE-3SA,27.0,DESPISTE,11.0,5.0,THURSDAY,0,0
HUANUCO,PE-18A,78.0,DESPISTE,18.0,5.0,THURSDAY,1,0
LAMBAYEQUE,PE-1NJ,88.0,DESPISTE,0.0,5.0,THURSDAY,0,0
TACNA,PE-1SD,115.0,CHOQUE,16.0,5.0,THURSDAY,0,0
AREQUIPA,PE-34A,162.0,DESPISTE,16.0,5.0,THURSDAY,0,0
ICA,PE-1S,226.0,DESPISTE,0.0,5.0,THURSDAY,0,0
ANCASH,PE-1N,238.0,CHOQUE,1.0,5.0,THURSDAY,0,0
LA LIBERTAD,PE-1N,556.0,DESPISTE,9.0,5.0,THURSDAY,0,0
PIURA,PE-1NL,1057.0,CHOQUE,22.0,5.0,THURSDAY,1,0
AREQUIPA,PE-1S,1085.0,DESPISTE,17.0,5.0,THURSDAY,0,0
CAJAMARCA,PE-5N,8.0,CHOQUE,15.0,5.0,FRIDAY,0,0
JUNIN,PE-3N,11.0,DESPISTE,8.0,5.0,FRIDAY,0,0
HUANUCO,PE-18A,50.0,CHOQUE,16.0,5.0,FRIDAY,0,0
LIMA,PE-1N,57.0,CHOQUE,8.0,5.0,FRIDAY,0,0
PUNO,PE-34H,65.0,DESPISTE,15.0,5.0,FRIDAY,0,0
ANCASH,PE-16,106.0,DESPISTE,17.0,5.0,FRIDAY,0,0
HUANUCO,PE-18A,118.0,CHOQUE,22.0,5.0,FRIDAY,1,0
LIMA,PE-1N,121.0,CHOQUE,21.0,5.0,FRIDAY,1,0
ICA,PE-1S,455.0,CHOQUE,21.0,5.0,FRIDAY,1,0
AREQUIPA,PE-1S,705.0,CHOQUE,21.0,5.0,FRIDAY,1,0
APURIMAC,PE-3S,771.0,DESPISTE,4.0,5.0,FRIDAY,0,0
CUSCO,PE-3S,1101.0,CHOQUE,5.0,5.0,FRIDAY,0,0
N.I.,N.I.,13.0,DESPISTE,10.0,5.0,SATURDAY,0,0
AREQUIPA,PE-1SG,23.0,CHOQUE,8.0,5.0,SATURDAY,0,0
LIMA,PE-22,43.0,DESPISTE,23.0,5.0,SATURDAY,1,0
LIMA,PE-1N,43.0,DESPISTE,23.0,5.0,SATURDAY,1,0
LAMBAYEQUE,PE-1NJ,53.0,DESPISTE,12.0,5.0,SATURDAY,0,0
AREQUIPA,PE-34A,60.0,DESPISTE,15.0,5.0,SATURDAY,0,0
JUNIN,PE-3S,71.0,DESPISTE,6.0,5.0,SATURDAY,0,0
LIMA,PE-1S,74.0,DESPISTE,4.0,5.0,SATURDAY,0,0
LIMA,PE-22,89.0,DESPISTE,4.0,5.0,SATURDAY,0,0
MOQUEGUA,PE-36A,114.0,DESPISTE,19.0,5.0,SATURDAY,1,0
JUNIN,PE-3S,142.0,CHOQUE,17.0,5.0,SATURDAY,0,0
TACNA,PE-38,157.0,DESPISTE,0.0,5.0,SATURDAY,0,0
PIURA,PE-1NJ,245.0,CHOQUE,10.0,5.0,SATURDAY,0,0
MADRE DE DIOS,PE-30C,302.0,CHOQUE,21.0,5.0,SATURDAY,1,0
N.I.,N.I.,326.0,CHOQUE,13.0,5.0,SATURDAY,0,0
APURIMAC,PE-3S,553.0,VOLCADURA,5.0,5.0,SATURDAY,0,0
ANCASH,PE-3N,608.0,CHOQUE,19.0,5.0,SATURDAY,1,1
LAMBAYEQUE,PE-1N,741.0,DESPISTE,8.0,5.0,SATURDAY,0,0
AREQUIPA,PE-1S,813.0,CHOQUE,18.0,5.0,SATURDAY,1,0
PIURA,PE-1NL,1116.0,CHOQUE,21.0,5.0,SATURDAY,1,0
UCAYALI,PE-18C,15.0,ATROPELLO,18.0,5.0,SUNDAY,1,0
UCAYALI,PE-18C,19.0,DESPISTE,18.0,5.0,SUNDAY,1,0
CUSCO,PE-28G,24.0,VOLCADURA,18.0,5.0,SUNDAY,1,0
JUNIN,PE-3N,29.0,CHOQUE,18.0,5.0,SUNDAY,1,0
UCAYALI,PE-18C,34.0,CHOQUE,14.0,5.0,SUNDAY,0,0
CAJAMARCA,PE-08B,46.0,CHOQUE,8.0,5.0,SUNDAY,0,0
JUNIN,PE-3S,77.0,DESPISTE,10.0,5.0,SUNDAY,0,0
AREQUIPA,PE-34A,100.0,DESPISTE,11.0,5.0,SUNDAY,0,1
JUNIN,PE-22,138.0,CHOQUE,17.0,5.0,SUNDAY,0,0
HUANCAVELICA,PE-3S,171.0,DESPISTE,15.0,5.0,SUNDAY,0,1
AMAZONAS,PE-5N,277.0,DESPISTE,20.0,5.0,SUNDAY,1,1
ANCASH,PE-1N,316.0,ESPECIAL,11.0,5.0,SUNDAY,0,0
APURIMAC,PE-30A,428.0,CHOQUE,13.0,5.0,SUNDAY,0,0
PIURA,PE-02,0.0,DESPISTE,14.0,5.0,MONDAY,0,0
AREQUIPA,PE-34A,9.0,CHOQUE,3.0,5.0,MONDAY,0,0
UCAYALI,PE-18C,24.0,CHOQUE,9.0,5.0,MONDAY,0,0
CAJAMARCA,PE-08,31.0,CHOQUE,0.0,5.0,MONDAY,0,0
LAMBAYEQUE,PE-1NJ,33.0,DESPISTE,19.0,5.0,MONDAY,1,0
LA LIBERTAD,PE-10A,53.0,DESPISTE,0.0,5.0,MONDAY,0,1
JUNIN,PE-3S,60.0,CHOQUE,7.0,5.0,MONDAY,0,0
CAJAMARCA,PE-08,78.0,DESPISTE,5.0,5.0,MONDAY,0,0
ANCASH,PE-16,98.0,CHOQUE,13.0,5.0,MONDAY,0,0
LAMBAYEQUE,PE-1NJ,149.0,DESPISTE,14.0,5.0,MONDAY,0,0
AMAZONAS,PE-5N,270.0,CHOQUE,23.0,5.0,MONDAY,1,0
AREQUIPA,PE-1S,690.0,DESPISTE,7.0,5.0,MONDAY,0,0
SAN MARTIN,PE-5NB,10.0,CHOQUE,16.0,5.0,TUESDAY,0,0
LIMA,PE-1N,80.0,CHOQUE,8.0,5.0,TUESDAY,0,0
CAJAMARCA,PE-3N,92.0,CHOQUE,21.0,5.0,TUESDAY,1,1
ANCASH,PE-16,117.0,CHOQUE,15.0,5.0,TUESDAY,0,0
LIMA,PE-22,120.0,DESPISTE,20.0,5.0,TUESDAY,1,0
LIMA,PE-1N,128.0,DESPISTE,13.0,5.0,TUESDAY,0,0
JUNIN,PE-22,160.0,VOLCADURA,22.0,5.0,TUESDAY,1,0
ICA,PE-1S,183.0,CHOQUE,7.0,5.0,TUESDAY,0,0
ICA,PE-1S,271.0,DESPISTE,18.0,5.0,TUESDAY,1,0
MADRE DE DIOS,PE-30C,322.0,CHOQUE,21.0,5.0,TUESDAY,1,0
ANCASH,PE-1N,408.0,DESPISTE,11.0,5.0,TUESDAY,0,0
SAN MARTIN,PE-5N,450.0,ATROPELLO,15.0,5.0,TUESDAY,0,0
CUSCO,PE-3S,965.0,CHOQUE,18.0,5.0,TUESDAY,1,0
JUNIN,PE-3N,10.0,CHOQUE,4.0,5.0,WEDNESDAY,0,0
JUNIN,PE-3S,57.0,DESPISTE,19.0,5.0,WEDNESDAY,1,0
LIMA,PE-1S,103.0,DESPISTE,20.0,5.0,WEDNESDAY,1,0
PIURA,PE-1NJ,223.0,CHOQUE,5.0,5.0,WEDNESDAY,0,1
AYACUCHO,PE-28A,303.0,DESPISTE,5.0,5.0,WEDNESDAY,0,0
ANCASH,PE-1N,373.0,CHOQUE,7.0,5.0,WEDNESDAY,0,0
SAN MARTIN,PE-5N,667.0,DESPISTE,4.0,5.0,WEDNESDAY,0,0
MOQUEGUA,PE-1S,1164.0,CHOQUE,15.0,5.0,WEDNESDAY,0,0
LIMA,PE-1NB,1.0,VOLCADURA,9.0,5.0,THURSDAY,0,0
LIMA,PE-1S,13.0,DESPISTE,1.0,5.0,THURSDAY,0,0
LIMA,PE-1S,83.0,DESPISTE,19.0,5.0,THURSDAY,1,0
LIMA,PE-1N,102.0,DESPISTE,20.0,5.0,THURSDAY,1,0
JUNIN,PE-22,133.0,CHOQUE,13.0,5.0,THURSDAY,0,0
CUSCO,PE-28B,142.0,DESPISTE,23.0,5.0,THURSDAY,1,1
LIMA,PE-1N,143.0,CHOQUE,15.0,5.0,THURSDAY,0,0
LIMA,PE-1N,144.0,CHOQUE,12.0,5.0,THURSDAY,0,0
PIURA,PE-1NJ,202.0,CHOQUE,5.0,5.0,THURSDAY,0,0
PUNO,PE-34A,202.0,CHOQUE,21.0,5.0,THURSDAY,1,0
ANCASH,PE-1N,397.0,DESPISTE,7.0,5.0,THURSDAY,0,0
LA LIBERTAD,PE-1N,552.0,CHOQUE,12.0,5.0,THURSDAY,0,0
PASCO,PA-558,0.0,ESPECIAL,16.0,5.0,FRIDAY,0,0
AREQUIPA,PE-34C,1.0,CHOQUE,19.0,5.0,FRIDAY,1,0
ANCASH,PE-14A,6.0,CHOQUE,22.0,5.0,FRIDAY,1,0
UCAYALI,PE-18C,26.0,DESPISTE,16.0,5.0,FRIDAY,0,0
LIMA,PE-1N,45.0,CHOQUE,17.0,5.0,FRIDAY,0,0
UCAYALI,PE-18C,52.0,CHOQUE,6.0,5.0,FRIDAY,0,0
LA LIBERTAD,PE-10A,73.0,DESPISTE,5.0,5.0,FRIDAY,0,0
TACNA,PE-1SD,114.0,CHOQUE,20.0,5.0,FRIDAY,1,0
JUNIN,PE-22B,117.0,DESPISTE,8.0,5.0,FRIDAY,0,0
MADRE DE DIOS,PE-30C,326.0,CHOQUE,16.0,5.0,FRIDAY,0,0
ANCASH,PE-1N,399.0,DESPISTE,3.0,5.0,FRIDAY,0,0
AREQUIPA,PE-1S,977.0,CHOQUE,21.0,5.0,FRIDAY,1,0
LIMA,PE-1N,0.0,ESPECIAL,5.0,5.0,SATURDAY,0,0
CAJAMARCA,PE-5N,23.0,DESPISTE,16.0,5.0,SATURDAY,0,0
LORETO,LO-103,33.0,ATROPELLO,16.0,5.0,SATURDAY,0,1
LA LIBERTAD,PE-10A,56.0,DESPISTE,18.0,5.0,SATURDAY,1,1
LIMA,PE-1S,60.0,ESPECIAL,0.0,5.0,SATURDAY,0,0
LIMA,PE-1N,97.0,CHOQUE,14.0,5.0,SATURDAY,0,0
LIMA,PE-22,103.0,CHOQUE,20.0,5.0,SATURDAY,1,0
MOQUEGUA,PE-36A,106.0,DESPISTE,3.0,5.0,SATURDAY,0,0
ICA,PE-1S,223.0,ATROPELLO,6.0,5.0,SATURDAY,0,0
ICA,PE-1S,270.0,CHOQUE,16.0,5.0,SATURDAY,0,0
ICA,PE-1S,275.0,ESPECIAL,23.0,5.0,SATURDAY,1,0
APURIMAC,PE-30A,284.0,CHOQUE,10.0,5.0,SATURDAY,0,1
LA LIBERTAD,PE-1N,544.0,DESPISTE,0.0,5.0,SATURDAY,0,0
AREQUIPA,PE-1S,924.0,DESPISTE,10.0,5.0,SATURDAY,0,0
AREQUIPA,PE-1S,977.0,DESPISTE,14.0,5.0,SATURDAY,0,0
PUNO,PE-3S,1200.0,VOLCADURA,21.0,5.0,SATURDAY,1,0
TACNA,PE-1S,1251.0,DESPISTE,9.0,5.0,SATURDAY,0,0
CAJAMARCA,PE-5N,13.0,CHOQUE,21.0,5.0,SUNDAY,1,1
AMAZONAS,PE-08C,35.0,DESPISTE,15.0,5.0,SUNDAY,0,0
AREQUIPA,PE-1SJ,48.0,DESPISTE,8.0,5.0,SUNDAY,0,0
CAJAMARCA,PE-08,48.0,DESPISTE,6.0,5.0,SUNDAY,0,0
LIMA,PE-1S,56.0,DESPISTE,15.0,5.0,SUNDAY,0,0
CAJAMARCA,PE-08,81.0,DESPISTE,12.0,5.0,SUNDAY,0,0
LIMA,PE-22,84.0,CHOQUE,0.0,5.0,SUNDAY,0,0
CAJAMARCA,PE-3N,94.0,DESPISTE,9.0,5.0,SUNDAY,0,0
LIMA,PE-22,110.0,CHOQUE,18.0,5.0,SUNDAY,1,0
LIMA,PE-1S,116.0,CHOQUE,20.0,5.0,SUNDAY,1,0
JUNIN,PE-22,138.0,DESPISTE,21.0,5.0,SUNDAY,1,0
LIMA,PE-1N,138.0,CHOQUE,17.0,5.0,SUNDAY,0,0
PASCO,PE-3N,142.0,DESPISTE,22.0,5.0,SUNDAY,1,0
ANCASH,PE-1N,257.0,ESPECIAL,19.0,5.0,SUNDAY,1,0
ICA,PE-1S,428.0,DESPISTE,13.0,5.0,SUNDAY,0,0
ICA,PE-1S,453.0,CHOQUE,11.0,5.0,SUNDAY,0,0
SAN MARTIN,PE-5N,484.0,DESPISTE,9.0,5.0,SUNDAY,0,0
LA LIBERTAD,PE-1N,502.0,CHOQUE,17.0,5.0,SUNDAY,0,1
AREQUIPA,PE-1S,630.0,DESPISTE,14.0,5.0,SUNDAY,0,0
AREQUIPA,PE-1S,740.0,DESPISTE,11.0,5.0,SUNDAY,0,0
JUNIN,PE-5S,14.0,CHOQUE,10.0,5.0,MONDAY,0,1
MOQUEGUA,PE-36A,30.0,DESPISTE,14.0,5.0,MONDAY,0,0
TACNA,PE-1SD,54.0,CHOQUE,7.0,5.0,MONDAY,0,0
LIMA,PE-1S,61.0,CHOQUE,15.0,5.0,MONDAY,0,0
LIMA,PE-22,111.0,DESPISTE,4.0,5.0,MONDAY,0,0
CUSCO,PE-30C,199.0,DESPISTE,17.0,5.0,MONDAY,0,0
PIURA,PE-1NJ,199.0,DESPISTE,4.0,5.0,MONDAY,0,0
ANCASH,PE-1N,278.0,DESPISTE,15.0,5.0,MONDAY,0,0
ICA,PE-1S,424.0,ESPECIAL,16.0,5.0,MONDAY,0,0
LA LIBERTAD,PE-1N,528.0,CHOQUE,6.0,5.0,MONDAY,0,0
ANCASH,PE-3N,607.0,DESPISTE,9.0,5.0,MONDAY,0,0
SAN MARTIN,PE-5N,654.0,CHOQUE,19.0,5.0,MONDAY,1,0
APURIMAC,PE-3S,779.0,DESPISTE,8.0,5.0,MONDAY,0,0
LAMBAYEQUE,PE-1N,813.0,DESPISTE,3.0,5.0,MONDAY,0,0
CAJAMARCA,PE-08B,9.0,DESPISTE,10.0,5.0,TUESDAY,0,0
PASCO,PE-5N,50.0,DESPISTE,6.0,5.0,TUESDAY,0,0
LIMA,PE-1S,63.0,DESPISTE,6.0,5.0,TUESDAY,0,0
CUSCO,PE-28G,68.0,CHOQUE,10.0,5.0,TUESDAY,0,0
LAMBAYEQUE,PE-1NJ,87.0,CHOQUE,3.0,5.0,TUESDAY,0,0
LIMA,PE-1N,87.0,CHOQUE,4.0,5.0,TUESDAY,0,0
LIMA,PE-22,95.0,CHOQUE,14.0,5.0,TUESDAY,0,0
LIMA,PE-22,124.0,CHOQUE,12.0,5.0,TUESDAY,0,0
LIMA,PE-1N,200.0,CHOQUE,17.0,5.0,TUESDAY,0,0
ANCASH,PE-1N,321.0,DESPISTE,14.0,5.0,TUESDAY,0,0
AYACUCHO,PE-3S,419.0,DESPISTE,21.0,5.0,TUESDAY,1,0
AREQUIPA,PE-1S,604.0,CHOQUE,12.0,5.0,TUESDAY,0,1
LA LIBERTAD,PE-1N,695.0,CHOQUE,0.0,5.0,TUESDAY,0,0
LAMBAYEQUE,PE-1N,819.0,CHOQUE,17.0,5.0,TUESDAY,0,1
APURIMAC,PE-3S,838.0,CHOQUE,22.0,5.0,TUESDAY,1,0
AREQUIPA,PE-1S,978.0,CHOQUE,20.0,5.0,TUESDAY,1,0
AREQUIPA,PE-1S,1012.0,CHOQUE,4.0,5.0,TUESDAY,0,1
TACNA,PE-1S,1290.0,DESPISTE,9.0,5.0,TUESDAY,0,0
ICA,IC-505,11.0,CHOQUE,7.0,5.0,WEDNESDAY,0,0
LIMA,PE-1S,21.0,DESPISTE,5.0,5.0,WEDNESDAY,0,0
LIMA,PE-1NB,53.0,CHOQUE,22.0,5.0,WEDNESDAY,1,0
LIMA,PE-1N,123.0,CHOQUE,15.0,5.0,WEDNESDAY,0,0
AREQUIPA,PE-34A,163.0,DESPISTE,7.0,5.0,WEDNESDAY,0,0
MOQUEGUA,PE-36A,168.0,CHOQUE,15.0,5.0,WEDNESDAY,0,0
CUSCO,PE-28G,224.0,CHOQUE,18.0,5.0,WEDNESDAY,1,0
MOQUEGUA,PE-1SD,224.0,DESPISTE,8.0,5.0,WEDNESDAY,0,0
AYACUCHO,PE-3S,229.0,DESPISTE,11.0,5.0,WEDNESDAY,0,0
MADRE DE DIOS,PE-30C,320.0,CHOQUE,19.0,5.0,WEDNESDAY,1,0
HUANUCO,PE-5N,468.0,DESPISTE,7.0,5.0,WEDNESDAY,0,0
PUNO,PE-3S,1351.0,CHOQUE,18.0,5.0,WEDNESDAY,1,0
UCAYALI,PE-5SA,24.0,CHOQUE,19.0,5.0,THURSDAY,1,0
AREQUIPA,PE-34A,83.0,CHOQUE,12.0,5.0,THURSDAY,0,0
LIMA,PE-1S,107.0,CHOQUE,19.0,5.0,THURSDAY,1,0
LIMA,PE-1S,108.0,CHOQUE,19.0,5.0,THURSDAY,1,0
AREQUIPA,PE-34A,117.0,DESPISTE,18.0,5.0,THURSDAY,1,0
AYACUCHO,PE-30A,117.0,CHOQUE,7.0,5.0,THURSDAY,0,0
PIURA,PE-1N,138.0,DESPISTE,2.0,5.0,THURSDAY,0,0
JUNIN,PE-3S,154.0,DESPISTE,7.0,5.0,THURSDAY,0,0
AREQUIPA,PE-34A,185.0,CHOQUE,1.0,5.0,THURSDAY,0,1
ANCASH,PE-1N,411.0,CHOQUE,10.0,5.0,THURSDAY,0,0
CAJAMARCA,PE-3N,6.0,ATROPELLO,19.0,5.0,FRIDAY,1,0
AREQUIPA,PE-1SD,13.0,CHOQUE,17.0,5.0,FRIDAY,0,1
LORETO,LO-103,15.0,CHOQUE,10.0,5.0,FRIDAY,0,0
UCAYALI,PE-18C,15.0,DESPISTE,20.0,5.0,FRIDAY,1,0
LIMA,PE-1S,24.0,ATROPELLO,18.0,5.0,FRIDAY,1,0
JUNIN,PE-3SA,26.0,CHOQUE,7.0,5.0,FRIDAY,0,0
PUNO,PE-34B,37.0,DESPISTE,6.0,5.0,FRIDAY,0,1
LORETO,LO-103,41.0,DESPISTE,12.0,5.0,FRIDAY,0,0
LIMA,PE-1N,59.0,ATROPELLO,21.0,5.0,FRIDAY,1,0
LIMA,PE-1S,92.0,CHOQUE,11.0,5.0,FRIDAY,0,0
JUNIN,PE-5S,99.0,CHOQUE,23.0,5.0,FRIDAY,1,1
LIMA,PE-22,103.0,CHOQUE,20.0,5.0,FRIDAY,1,0
CUSCO,PE-28B,116.0,CHOQUE,13.0,5.0,FRIDAY,0,0
ANCASH,PE-16,124.0,CHOQUE,17.0,5.0,FRIDAY,0,0
LIMA,PE-22,132.0,DESPISTE,15.0,5.0,FRIDAY,0,0
JUNIN,PE-24A,153.0,DESPISTE,7.0,5.0,FRIDAY,0,1
LIMA,PE-1S,166.0,CHOQUE,0.0,5.0,FRIDAY,0,1
AREQUIPA,PE-34A,179.0,DESPISTE,17.0,5.0,FRIDAY,0,0
ANCASH,PE-1N,240.0,DESPISTE,1.0,5.0,FRIDAY,0,0
CUSCO,PE-28B,362.0,DESPISTE,8.0,5.0,FRIDAY,0,0
ICA,PE-1S,377.0,CHOQUE,10.0,5.0,FRIDAY,0,0
LA LIBERTAD,PE-1N,479.0,DESPISTE,16.0,5.0,FRIDAY,0,0
MADRE DE DIOS,PE-30C,517.0,DESPISTE,10.0,5.0,FRIDAY,0,0
LA LIBERTAD,PE-1N,544.0,CHOQUE,19.0,5.0,FRIDAY,1,0
LA LIBERTAD,PE-1N,580.0,CHOQUE,8.0,5.0,FRIDAY,0,0
AREQUIPA,PE-1S,768.0,CHOQUE,19.0,5.0,FRIDAY,1,0
AREQUIPA,PE-1S,796.0,DESPISTE,18.0,5.0,FRIDAY,1,0
LAMBAYEQUE,PE-1N,848.0,CHOQUE,4.0,5.0,FRIDAY,0,0
AREQUIPA,PE-1S,865.0,DESPISTE,2.0,5.0,FRIDAY,0,0
PUNO,PE-3S,1381.0,CHOQUE,8.0,5.0,FRIDAY,0,0
CAJAMARCA,PE-3N,5.0,CHOQUE,22.0,5.0,SATURDAY,1,0
LIMA,PE-1S,20.0,CHOQUE,10.0,5.0,SATURDAY,0,0
PIURA,PE-1N,40.0,CHOQUE,14.0,5.0,SATURDAY,0,0
LIMA,PE-22,52.0,DESPISTE,5.0,5.0,SATURDAY,0,0
JUNIN,PE-5S,60.0,CHOQUE,20.0,5.0,SATURDAY,1,1
LIMA,PE-1N,81.0,CHOQUE,19.0,5.0,SATURDAY,1,0
HUANUCO,PE-18A,83.0,DESPISTE,1.0,5.0,SATURDAY,0,0
AREQUIPA,PE-34A,126.0,DESPISTE,6.0,5.0,SATURDAY,0,0
LIMA,PE-1S,135.0,CHOQUE,13.0,5.0,SATURDAY,0,0
PASCO,PE-3N,136.0,DESPISTE,6.0,5.0,SATURDAY,0,0
LIMA,PE-1N,180.0,CHOQUE,20.0,5.0,SATURDAY,1,0
LIMA,PE-1N,183.0,CHOQUE,21.0,5.0,SATURDAY,1,1
ANCASH,PE-1N,237.0,DESPISTE,13.0,5.0,SATURDAY,0,1
AYACUCHO,PE-30A,262.0,DESPISTE,5.0,5.0,SATURDAY,0,0
ICA,PE-1S,319.0,CHOQUE,14.0,5.0,SATURDAY,0,0
ANCASH,PE-1N,344.0,DESPISTE,8.0,5.0,SATURDAY,0,0
SAN MARTIN,PE-5N,505.0,CHOQUE,19.0,5.0,SATURDAY,1,0
AREQUIPA,PE-1S,624.0,CHOQUE,20.0,5.0,SATURDAY,1,1
LAMBAYEQUE,PE-1N,841.0,CHOQUE,17.0,5.0,SATURDAY,0,0
AREQUIPA,PE-1S,954.0,DESPISTE,10.0,5.0,SATURDAY,0,0
TACNA,PE-1S,1224.0,CHOQUE,2.0,5.0,SATURDAY,0,0
ANCASH,PE-3N,12.0,N.I.,13.0,5.0,SUNDAY,0,1
UCAYALI,PE-18C,15.0,DESPISTE,14.0,5.0,SUNDAY,0,0
UCAYALI,PE-18C,17.0,CHOQUE,6.0,5.0,SUNDAY,0,0
LAMBAYEQUE,PE-1NJ,50.0,DESPISTE,0.0,5.0,SUNDAY,0,0
LIMA,PE-1N,75.0,ATROPELLO,4.0,5.0,SUNDAY,0,0
JUNIN,PE-3NG,85.0,DESPISTE,12.0,5.0,SUNDAY,0,0
AREQUIPA,PE-34A,88.0,CHOQUE,7.0,5.0,SUNDAY,0,0
CAJAMARCA,PE-08B,95.0,DESPISTE,16.0,5.0,SUNDAY,0,0
JUNIN,PE-5S,104.0,CHOQUE,18.0,5.0,SUNDAY,1,0
HUANUCO,PE-18A,134.0,CHOQUE,9.0,5.0,SUNDAY,0,0
LIMA,PE-1S,151.0,DESPISTE,6.0,5.0,SUNDAY,0,0
AREQUIPA,PE-34A,173.0,DESPISTE,6.0,5.0,SUNDAY,0,0
TUMBES,PE-1N,199.0,DESPISTE,11.0,5.0,SUNDAY,0,0
ICA,PE-1S,200.0,CHOQUE,4.0,5.0,SUNDAY,0,0
PIURA,PE-1NJ,208.0,CHOQUE,19.0,5.0,SUNDAY,1,0
PUNO,PE-34A,223.0,DESPISTE,6.0,5.0,SUNDAY,0,0
PUNO,PE-34B,274.0,DESPISTE,17.0,5.0,SUNDAY,0,0
HUANUCO,PE-3N,372.0,CHOQUE,14.0,5.0,SUNDAY,0,0
LA LIBERTAD,PE-1N,485.0,ESPECIAL,11.0,5.0,SUNDAY,0,0
CUSCO,PE-3S,912.0,DESPISTE,13.0,5.0,SUNDAY,0,0
PUNO,PE-3S,1212.0,CHOQUE,18.0,5.0,SUNDAY,1,0
AREQUIPA,PE-34C,4.0,DESPISTE,19.0,5.0,MONDAY,1,0
UCAYALI,PE-18C,50.0,CHOQUE,7.0,5.0,MONDAY,0,0
ANCASH,PE-14A,68.0,DESPISTE,19.0,5.0,MONDAY,1,0
LAMBAYEQUE,PE-1NJ,86.0,CHOQUE,16.0,5.0,MONDAY,0,0
MOQUEGUA,PE-36A,108.0,DESPISTE,12.0,5.0,MONDAY,0,0
PUNO,PE-34A,175.0,CHOQUE,2.0,5.0,MONDAY,0,0
PUNO,PE-36A,304.0,ATROPELLO,11.0,5.0,MONDAY,0,0
UCAYALI,PE-18C,510.0,CHOQUE,9.0,5.0,MONDAY,0,0
SAN MARTIN,PE-5N,559.0,DESPISTE,16.0,5.0,MONDAY,0,0
LA LIBERTAD,PE-1N,561.0,CHOQUE,7.0,5.0,MONDAY,0,0
CAJAMARCA,PE-3N,1561.0,ESPECIAL,12.0,5.0,MONDAY,0,0
JUNIN,PE-3N,3.0,DESPISTE,2.0,6.0,TUESDAY,0,0
CAJAMARCA,PE-08B,12.0,CHOQUE,22.0,6.0,TUESDAY,1,0
JUNIN,PE-3S,13.0,DESPISTE,6.0,6.0,TUESDAY,0,0
PIURA,PE-02,30.0,DESPISTE,18.0,6.0,TUESDAY,1,0
LIMA,PE-1N,47.0,DESPISTE,11.0,6.0,TUESDAY,0,0
PIURA,PE-1N,126.0,DESPISTE,22.0,6.0,TUESDAY,1,0
PASCO,PE-3N,139.0,CHOQUE,16.0,6.0,TUESDAY,0,0
LIMA,PE-1S,156.0,DESPISTE,17.0,6.0,TUESDAY,0,0
AYACUCHO,PE-30A,253.0,CHOQUE,7.0,6.0,TUESDAY,0,0
ANCASH,PE-1N,391.0,DESPISTE,17.0,6.0,TUESDAY,0,0
LA LIBERTAD,PE-1N,450.0,ATROPELLO,4.0,6.0,TUESDAY,0,0
LAMBAYEQUE,PE-1N,830.0,CHOQUE,23.0,6.0,TUESDAY,1,0
CAJAMARCA,PE-08,40.0,DESPISTE,16.0,6.0,WEDNESDAY,0,0
JUNIN,PE-3N,48.0,CHOQUE,14.0,6.0,WEDNESDAY,0,0
JUNIN,PE-3N,49.0,DESPISTE,14.0,6.0,WEDNESDAY,0,0
LIMA,PE-1N,110.0,CHOQUE,8.0,6.0,WEDNESDAY,0,0
LIMA,PE-22,119.0,DESPISTE,7.0,6.0,WEDNESDAY,0,0
LIMA,PE-1N,143.0,DESPISTE,14.0,6.0,WEDNESDAY,0,0
LIMA,PE-1N,153.0,ATROPELLO,21.0,6.0,WEDNESDAY,1,1
JUNIN,PE-22,168.0,DESPISTE,2.0,6.0,WEDNESDAY,0,0
ANCASH,PE-1N,272.0,DESPISTE,4.0,6.0,WEDNESDAY,0,0
ICA,PE-1S,325.0,CHOQUE,0.0,6.0,WEDNESDAY,0,0
ICA,PE-1S,351.0,CHOQUE,17.0,6.0,WEDNESDAY,0,0
ICA,PE-1S,364.0,CHOQUE,13.0,6.0,WEDNESDAY,0,0
ANCASH,PE-1N,372.0,DESPISTE,8.0,6.0,WEDNESDAY,0,0
LA LIBERTAD,PE-1N,580.0,CHOQUE,12.0,6.0,WEDNESDAY,0,1
SAN MARTIN,PE-5N,705.0,DESPISTE,19.0,6.0,WEDNESDAY,1,0
SAN MARTIN,PE-5N,753.0,ATROPELLO,11.0,6.0,WEDNESDAY,0,0
TACNA,PE-1S,1245.0,DESPISTE,9.0,6.0,WEDNESDAY,0,0
TACNA,PE-1S,1331.0,CHOQUE,18.0,6.0,WEDNESDAY,1,1
LIMA,PE-1S,4.0,CHOQUE,1.0,6.0,THURSDAY,0,0
LA LIBERTAD,PE-1N,618.0,DESPISTE,19.0,6.0,THURSDAY,1,0
SAN MARTIN,PE-5N,639.0,DESPISTE,21.0,6.0,THURSDAY,1,0
CUSCO,PE-3S,931.0,CHOQUE,8.0,6.0,THURSDAY,0,1
CUSCO,PE-3S,942.0,CHOQUE,11.0,6.0,THURSDAY,0,0
AREQUIPA,PE-1S,990.0,ATROPELLO,5.0,6.0,THURSDAY,0,0
LIMA,PE-1S,23.0,DESPISTE,0.0,6.0,FRIDAY,0,0
AMAZONAS,PE-8B,37.0,ESPECIAL,17.0,6.0,FRIDAY,0,0
LIMA,PE-1S,42.0,DESPISTE,8.0,6.0,FRIDAY,0,0
LIMA,PE-1S,42.0,CHOQUE,17.0,6.0,FRIDAY,0,0
LIMA,PE-22,44.0,CHOQUE,21.0,6.0,FRIDAY,1,0
CUSCO,PE-28F,49.0,CHOQUE,23.0,6.0,FRIDAY,1,0
JUNIN,PE-3N,50.0,CHOQUE,7.0,6.0,FRIDAY,0,0
AYACUCHO,PE-30A,84.0,DESPISTE,13.0,6.0,FRIDAY,0,0
HUANUCO,PE-3N,214.0,CHOQUE,17.0,6.0,FRIDAY,0,0
CUSCO,PE-28B,243.0,DESPISTE,15.0,6.0,FRIDAY,0,0
HUANUCO,PE-5N,268.0,CHOQUE,10.0,6.0,FRIDAY,0,0
ANCASH,PE-1N,272.0,CHOQUE,5.0,6.0,FRIDAY,0,0
AMAZONAS,PE-5N,315.0,DESPISTE,17.0,6.0,FRIDAY,0,0
LA LIBERTAD,PE-10C,319.0,DESPISTE,15.0,6.0,FRIDAY,0,1
ANCASH,PE-1N,422.0,CHOQUE,11.0,6.0,FRIDAY,0,0
LAMBAYEQUE,PE-1N,737.0,ATROPELLO,6.0,6.0,FRIDAY,0,1
LAMBAYEQUE,PE-1N,743.0,CHOQUE,4.0,6.0,FRIDAY,0,0
APURIMAC,PE-3S,832.0,CHOQUE,22.0,6.0,FRIDAY,1,0
LAMBAYEQUE,PE-1N,874.0,ATROPELLO,17.0,6.0,FRIDAY,0,0
AREQUIPA,PE-1S,939.0,CHOQUE,13.0,6.0,FRIDAY,0,0
MOQUEGUA,PE-1S,1132.0,DESPISTE,17.0,6.0,FRIDAY,0,0
TACNA,PE-1S,1311.0,CHOQUE,12.0,6.0,FRIDAY,0,0
N.I.,N.I.,,CHOQUE,9.0,6.0,FRIDAY,0,0
PIURA,PE-02A,4.0,CHOQUE,13.0,6.0,SATURDAY,0,0
ICA,PE-28A,7.0,CHOQUE,9.0,6.0,SATURDAY,0,0
CAJAMARCA,PE-08A,12.0,DESPISTE,17.0,6.0,SATURDAY,0,0
HUANCAVELICA,PE-3SD,36.0,ATROPELLO,18.0,6.0,SATURDAY,1,1
PUNO,PE-34H,45.0,CHOQUE,15.0,6.0,SATURDAY,0,0
LIMA,PE-18,73.0,CHOQUE,17.0,6.0,SATURDAY,0,0
HUANCAVELICA,PE-28B,89.0,CHOQUE,22.0,6.0,SATURDAY,1,0
LAMBAYEQUE,PE-ANJ,120.0,ESPECIAL,21.0,6.0,SATURDAY,1,0
AYACUCHO,PE-30A,122.0,DESPISTE,5.0,6.0,SATURDAY,0,0
JUNIN,PE-22,136.0,DESPISTE,10.0,6.0,SATURDAY,0,0
PASCO,PE-3N,157.0,DESPISTE,17.0,6.0,SATURDAY,0,0
LIMA,PE-1N,196.0,CHOQUE,18.0,6.0,SATURDAY,1,1
ANCASH,PE-1N,237.0,DESPISTE,9.0,6.0,SATURDAY,0,0
ANCASH,PE-1N,408.0,ESPECIAL,2.0,6.0,SATURDAY,0,0
LA LIBERTAD,PE-1N,590.0,CHOQUE,16.0,6.0,SATURDAY,0,0
AREQUIPA,PE-1S,983.0,CHOQUE,20.0,6.0,SATURDAY,1,0
AREQUIPA,PE-1S,997.0,CHOQUE,23.0,6.0,SATURDAY,1,1
JUNIN,PE-3N,32.0,CHOQUE,7.0,6.0,SUNDAY,0,0
PUNO,PE-34I,51.0,CHOQUE,19.0,6.0,SUNDAY,1,0
JUNIN,PE-5S,100.0,CHOQUE,12.0,6.0,SUNDAY,0,0
LIMA,PE-1N,111.0,CHOQUE,7.0,6.0,SUNDAY,0,0
PIURA,PE-1NJ,217.0,DESPISTE,3.0,6.0,SUNDAY,0,0
PUNO,PE-34A,226.0,CHOQUE,19.0,6.0,SUNDAY,1,0
PIURA,PE-1NJ,237.0,CHOQUE,8.0,6.0,SUNDAY,0,0
ICA,PE-1S,364.0,DESPISTE,4.0,6.0,SUNDAY,0,0
APURIMAC,PE.30A,385.0,DESPISTE,11.0,6.0,SUNDAY,0,0
MADRE DE DIOS,PE-30C,438.0,CHOQUE,19.0,6.0,SUNDAY,1,1
ICA,PE-1S,456.0,DESPISTE,15.0,6.0,SUNDAY,0,0
PIURA,PE-1N,903.0,DESPISTE,3.0,6.0,SUNDAY,0,0
CAJAMARCA,PE-3N,4.0,DESPISTE,4.0,6.0,MONDAY,0,0
LIMA,LM-100,15.0,CHOQUE,14.0,6.0,MONDAY,0,0
JUNIN,PE-4S,27.0,DESPISTE,5.0,6.0,MONDAY,0,0
TACNA,PE-1SD,33.0,CHOQUE,16.0,6.0,MONDAY,0,0
PUNO,PE-34H,45.0,CHOQUE,7.0,6.0,MONDAY,0,0
CUSCO,PE-28B,64.0,ATROPELLO,12.0,6.0,MONDAY,0,0
AREQUIPA,PE-34A,66.0,DESPISTE,3.0,6.0,MONDAY,0,0
LIMA,PE-1N,68.0,ESPECIAL,19.0,6.0,MONDAY,1,0
AREQUIPA,PE-34A,80.0,DESPISTE,9.0,6.0,MONDAY,0,1
LAMBAYEQUE,PE-1NJ,100.0,CHOQUE,19.0,6.0,MONDAY,1,0
PASCO,PE-3N,137.0,CHOQUE,0.0,6.0,MONDAY,0,0
LIMA,PE-1N,187.0,DESPISTE,19.0,6.0,MONDAY,1,0
AMAZONAS,PE-08B,305.0,DESPISTE,23.0,6.0,MONDAY,1,0
ICA,PE-1S,343.0,DESPISTE,4.0,6.0,MONDAY,0,0
ANCASH,PE-1N,423.0,CHOQUE,14.0,6.0,MONDAY,0,0
MADRE DE DIOS,PE-30C,493.0,CHOQUE,12.0,6.0,MONDAY,0,0
SAN MARTIN,PE-5N,641.0,CHOQUE,19.0,6.0,MONDAY,1,0
LAMBAYEQUE,PE-1N,832.0,CHOQUE,15.0,6.0,MONDAY,0,1
PUNO,PE-1S,1351.0,CHOQUE,19.0,6.0,MONDAY,1,0
LA LIBERTAD,LI-127,0.0,DESPISTE,12.0,6.0,TUESDAY,0,1
PUNO,PE-34H,12.0,DESPISTE,22.0,6.0,TUESDAY,1,0
LORETO,LO-103,27.0,DESPISTE,19.0,6.0,TUESDAY,1,0
AREQUIPA,PE-34,33.0,CHOQUE,9.0,6.0,TUESDAY,0,0
SAN MARTIN,PE-5NB,36.0,DESPISTE,4.0,6.0,TUESDAY,0,0
SAN MARTIN,PE-5NB,41.0,DESPISTE,16.0,6.0,TUESDAY,0,0
LIMA,PE-1N,60.0,DESPISTE,19.0,6.0,TUESDAY,1,0
LIMA,PE-22,88.0,CHOQUE,14.0,6.0,TUESDAY,0,0
LIMA,PE-1N,103.0,DESPISTE,9.0,6.0,TUESDAY,0,0
LIMA,PE-1S,105.0,CHOQUE,0.0,6.0,TUESDAY,0,0
AREQUIPA,PE-34A,181.0,DESPISTE,8.0,6.0,TUESDAY,0,0
PUNO,PE-34A,218.0,CHOQUE,22.0,6.0,TUESDAY,1,0
ICA,PE-1S,439.0,DESPISTE,17.0,6.0,TUESDAY,0,0
UCAYALI,PE-5N,444.0,ATROPELLO,20.0,6.0,TUESDAY,1,0
LA LIBERTAD,PE-1N,632.0,DESPISTE,12.0,6.0,TUESDAY,0,0
AREQUIPA,PE-1S,936.0,DESPISTE,18.0,6.0,TUESDAY,1,0
LIMA,PE-1N,5.0,CHOQUE,11.0,6.0,WEDNESDAY,0,1
UCAYALI,PE-18C,19.0,DESPISTE,18.0,6.0,WEDNESDAY,1,0
LIMA,PE-1S,23.0,DESPISTE,23.0,6.0,WEDNESDAY,1,0
AREQUIPA,PE-34A,27.0,DESPISTE,15.0,6.0,WEDNESDAY,0,0
AREQUIPA,PE-1SD,33.0,DESPISTE,18.0,6.0,WEDNESDAY,1,0
LIMA,PE-1N,64.0,CHOQUE,21.0,6.0,WEDNESDAY,1,0
LIMA,PE-22,78.0,CHOQUE,18.0,6.0,WEDNESDAY,1,0
TUMBES,PE-1N,169.0,DESPISTE,4.0,6.0,WEDNESDAY,0,0
LIMA,PE-1N,195.0,DESPISTE,15.0,6.0,WEDNESDAY,0,0
LA LIBERTAD,PE-1N,613.0,CHOQUE,11.0,6.0,WEDNESDAY,0,1
AREQUIPA,PE-1S,940.0,ATROPELLO,20.0,6.0,WEDNESDAY,1,1
AREQUIPA,PE-1S,1067.0,DESPISTE,4.0,6.0,WEDNESDAY,0,0
CAJAMARCA,PE-1NG,13.0,DESPISTE,11.0,6.0,THURSDAY,0,0
PUNO,PU-100,17.0,DESPISTE,7.0,6.0,THURSDAY,0,1
JUNIN,PE-3N,33.0,CHOQUE,19.0,6.0,THURSDAY,1,1
LIMA,PE-1S,33.0,DESPISTE,20.0,6.0,THURSDAY,1,0
JUNIN,PE-3N,37.0,CHOQUE,19.0,6.0,THURSDAY,1,0
HUANUCO,PE-18A,69.0,CHOQUE,17.0,6.0,THURSDAY,0,1
AREQUIPA,PE-34A,84.0,DESPISTE,8.0,6.0,THURSDAY,0,0
AREQUIPA,PE-34A,87.0,CHOQUE,21.0,6.0,THURSDAY,1,0
LIMA,PE-22,116.0,CHOQUE,15.0,6.0,THURSDAY,0,0
LIMA,PE-1N,154.0,CHOQUE,12.0,6.0,THURSDAY,0,0
ICA,PE-1S,356.0,CHOQUE,6.0,6.0,THURSDAY,0,0
APURIMAC,PE-30A,385.0,CHOQUE,13.0,6.0,THURSDAY,0,0
LA LIBERTAD,PE-1N,484.0,DESPISTE,13.0,6.0,THURSDAY,0,0
SAN MARTIN,PE-5N,656.0,CHOQUE,18.0,6.0,THURSDAY,1,1
SAN MARTIN,PE-5N,659.0,DESPISTE,5.0,6.0,THURSDAY,0,0
SAN MARTIN,PE-5N,659.0,CHOQUE,7.0,6.0,THURSDAY,0,0
SAN MARTIN,PE-5N,755.0,CHOQUE,17.0,6.0,THURSDAY,0,0
CUSCO,PE-3S,1100.0,CHOQUE,22.0,6.0,THURSDAY,1,0
UCAYALI,PE-18C,39.0,DESPISTE,3.0,6.0,FRIDAY,0,0
CAJAMARCA,PE-08,86.0,CHOQUE,7.0,6.0,FRIDAY,0,0
LIMA,PE-22,112.0,CHOQUE,1.0,6.0,FRIDAY,0,0
CAJAMARCA,PE-08,165.0,DESPISTE,18.0,6.0,FRIDAY,1,0
LIMA,PE-1N,212.0,ESPECIAL,7.0,6.0,FRIDAY,0,0
ANCASH,PE-1N,269.0,CHOQUE,5.0,6.0,FRIDAY,0,1
ICA,PE-1S,276.0,DESPISTE,6.0,6.0,FRIDAY,0,0
AREQUIPA,PE-1S,601.0,CHOQUE,3.0,6.0,FRIDAY,0,0
MADRE DE DIOS,PE-30C,602.0,CHOQUE,11.0,6.0,FRIDAY,0,0
APURIMAC,PE-3S,764.0,CHOQUE,8.0,6.0,FRIDAY,0,0
AREQUIPA,PE-1S,997.0,CHOQUE,6.0,6.0,FRIDAY,0,0
PIURA,PE-1N,1108.0,DESPISTE,9.0,6.0,FRIDAY,0,0
PUNO,PE-3S,1306.0,CHOQUE,19.0,6.0,FRIDAY,1,1
ICA,PE-28A,14.0,CHOQUE,12.0,6.0,SATURDAY,0,0
CAJAMARCA,PE-08,71.0,CHOQUE,17.0,6.0,SATURDAY,0,0
LIMA,PE-1N,84.0,CHOQUE,19.0,6.0,SATURDAY,1,0
ANCASH,PE-16,100.0,DESPISTE,18.0,6.0,SATURDAY,1,0
LIMA,PE-1N,111.0,CHOQUE,15.0,6.0,SATURDAY,0,0
PASCO,PE-3N,137.0,CHOQUE,3.0,6.0,SATURDAY,0,0
JUNIN,PE-22,154.0,CHOQUE,16.0,6.0,SATURDAY,0,0
CAJAMARCA,PE-5N,159.0,CHOQUE,4.0,6.0,SATURDAY,0,1
ANCASH,PE-1N,346.0,DESPISTE,2.0,6.0,SATURDAY,0,0
AREQUIPA,PE-1S,914.0,CHOQUE,17.0,6.0,SATURDAY,0,0
AREQUIPA,PE-1S,961.0,DESPISTE,10.0,6.0,SATURDAY,0,0
PIURA,PE-1N,1.0,DESPISTE,9.0,6.0,SUNDAY,0,0
UCAYALI,PE-18C,15.0,DESPISTE,20.0,6.0,SUNDAY,1,0
PUNO,PE-36B,22.0,CHOQUE,17.0,6.0,SUNDAY,0,0
JUNIN,PE-22A,64.0,DESPISTE,5.0,6.0,SUNDAY,0,0
LIMA,PE-1N,77.0,CHOQUE,18.0,6.0,SUNDAY,1,1
JUNIN,PE-3S,87.0,DESPISTE,16.0,6.0,SUNDAY,0,0
LIMA,PE-1N,111.0,DESPISTE,18.0,6.0,SUNDAY,1,0
LIMA,PE-22,119.0,DESPISTE,14.0,6.0,SUNDAY,0,0
LIMA,PE-1N,203.0,CHOQUE,19.0,6.0,SUNDAY,1,1
AMAZONAS,PE-5N,209.0,CHOQUE,15.0,6.0,SUNDAY,0,0
HUANUCO,PE-5N,521.0,CHOQUE,18.0,6.0,SUNDAY,1,0
ANCASH,PE-3N,561.0,CHOQUE,20.0,6.0,SUNDAY,1,0
PIURA,PE-1N,1005.0,CHOQUE,15.0,6.0,SUNDAY,0,0
PIURA,PE-1N,1017.0,DESPISTE,7.0,6.0,SUNDAY,0,1
MOQUEGUA,PE-1S,1167.0,DESPISTE,21.0,6.0,SUNDAY,1,0
TACNA,PE-1S,1213.0,DESPISTE,22.0,6.0,SUNDAY,1,0
CAJAMARCA,PE-06,8.0,ATROPELLO,20.0,6.0,MONDAY,1,1
JUNIN,PE-3S,14.0,CHOQUE,9.0,6.0,MONDAY,0,0
LIMA,PE-1S,27.0,CHOQUE,11.0,6.0,MONDAY,0,0
LIMA,PE-22,47.0,CHOQUE,12.0,6.0,MONDAY,0,0
MOQUEGUA,PE-36A,54.0,DESPISTE,22.0,6.0,MONDAY,1,0
AREQUIPA,PE-34A,89.0,DESPISTE,3.0,6.0,MONDAY,0,0
JUNIN,PE-3S,114.0,CHOQUE,10.0,6.0,MONDAY,0,0
CAJAMARCA,PE-3N,120.0,CHOQUE,6.0,6.0,MONDAY,0,1
LA LIBERTAD,PE-3N,169.0,CHOQUE,20.0,6.0,MONDAY,1,0
CUSCO,PE-28B,173.0,DESPISTE,10.0,6.0,MONDAY,0,0
LIMA,PE-1N,215.0,DESPISTE,11.0,6.0,MONDAY,0,0
ANCASH,PE-1N,408.0,CHOQUE,17.0,6.0,MONDAY,0,0
ANCASH,PE-3N,561.0,CHOQUE,16.0,6.0,MONDAY,0,0
AREQUIPA,PE-1S,646.0,DESPISTE,16.0,6.0,MONDAY,0,0
SAN MARTIN,PE-5N,651.0,CHOQUE,14.0,6.0,MONDAY,0,0
LA LIBERTAD,PE-1N,720.0,DESPISTE,10.0,6.0,MONDAY,0,0
LAMBAYEQUE,PE-1N,806.0,CHOQUE,18.0,6.0,MONDAY,1,0
AREQUIPA,PE-1S,897.0,CHOQUE,20.0,6.0,MONDAY,1,0
AREQUIPA,PE-1S,940.0,DESPISTE,6.0,6.0,MONDAY,0,0
AREQUIPA,PE-1S,946.0,CHOQUE,14.0,6.0,MONDAY,0,1
MOQUEGUA,PE-1S,1151.0,CHOQUE,5.0,6.0,MONDAY,0,0
AREQUIPA,PE-1SD,5.0,CHOQUE,20.0,6.0,TUESDAY,1,1
JUNIN,PE-3S,75.0,CHOQUE,18.0,6.0,TUESDAY,1,0
PIURA,PE-1NJ,212.0,DESPISTE,3.0,6.0,TUESDAY,0,0
ANCASH,PE-1N,324.0,CHOQUE,4.0,6.0,TUESDAY,0,0
ANCASH,PE-1N,396.0,DESPISTE,2.0,6.0,TUESDAY,0,0
UCAYALI,PE-18C,680.0,CHOQUE,23.0,6.0,TUESDAY,1,0
LAMBAYEQUE,PE-1N,822.0,CHOQUE,9.0,6.0,TUESDAY,0,0
JUNIN,PE-5S,10.0,CHOQUE,20.0,6.0,WEDNESDAY,1,0
LIMA,PE-1N,69.0,CHOQUE,10.0,6.0,WEDNESDAY,0,1
LIMA,PE-22,88.0,DESPISTE,18.0,6.0,WEDNESDAY,1,0
PASCO,PE-5N,88.0,CHOQUE,15.0,6.0,WEDNESDAY,0,0
LIMA,PE-22,108.0,DESPISTE,21.0,6.0,WEDNESDAY,1,0
LIMA,PE-1N,124.0,CHOQUE,12.0,6.0,WEDNESDAY,0,0
LIMA,PE-1N,156.0,DESPISTE,7.0,6.0,WEDNESDAY,0,0
ICA,PE-1S,175.0,CHOQUE,6.0,6.0,WEDNESDAY,0,1
UCAYALI,PE-5N,373.0,DESPISTE,12.0,6.0,WEDNESDAY,0,0
HUANUCO,PE-5N,456.0,DESPISTE,23.0,6.0,WEDNESDAY,1,0
AREQUIPA,PE-1S,683.0,DESPISTE,3.0,6.0,WEDNESDAY,0,0
LAMBAYEQUE,PE-1N,828.0,DESPISTE,5.0,6.0,WEDNESDAY,0,0
AREQUIPA,PE-1S,855.0,CHOQUE,9.0,6.0,WEDNESDAY,0,1
LIMA,PE-20C,0.0,CHOQUE,21.0,6.0,THURSDAY,1,0
JUNIN,PE-3N,8.0,CHOQUE,5.0,6.0,THURSDAY,0,0
LIMA,PE-22,52.0,DESPISTE,14.0,6.0,THURSDAY,0,0
LIMA,PE-22,70.0,ESPECIAL,21.0,6.0,THURSDAY,1,0
LIMA,PE-22,101.0,DESPISTE,15.0,6.0,THURSDAY,0,0
LIMA,PE-22,127.0,DESPISTE,10.0,6.0,THURSDAY,0,0
CUSCO,PE-28B,191.0,CHOQUE,8.0,6.0,THURSDAY,0,0
AYACUCHO,PE-28A,273.0,CHOQUE,22.0,6.0,THURSDAY,1,0
MADRE DE DIOS,PE-30C,295.0,DESPISTE,21.0,6.0,THURSDAY,1,0
HUANUCO,PE-5N,502.0,DESPISTE,0.0,6.0,THURSDAY,0,0
AREQUIPA,PE-1S,508.0,CHOQUE,6.0,6.0,THURSDAY,0,0
LAMBAYEQUE,PE-1N,747.0,CHOQUE,21.0,6.0,THURSDAY,1,0
LAMBAYEQUE,PE-1N,836.0,CHOQUE,17.0,6.0,THURSDAY,0,0
PIURA,PE-1N,1003.0,CHOQUE,15.0,6.0,THURSDAY,0,1
AREQUIPA,PE-1S,1041.0,DESPISTE,23.0,6.0,THURSDAY,1,0
PUNO,PE-3S,1303.0,CHOQUE,18.0,6.0,THURSDAY,1,0
LA LIBERTAD,LI-851,0.0,DESPISTE,3.0,6.0,FRIDAY,0,1
LIMA,PE-1NA,4.0,CHOQUE,8.0,6.0,FRIDAY,0,0
AREQUIPA,PE-34A,28.0,DESPISTE,20.0,6.0,FRIDAY,1,0
CAJAMARCA,PE-5N,36.0,DESPISTE,0.0,6.0,FRIDAY,0,0
HUANCAVELICA,PE-3SD,39.0,CHOQUE,18.0,6.0,FRIDAY,1,0
AYACUCHO,PE-30A,40.0,DESPISTE,3.0,6.0,FRIDAY,0,1
JUNIN,PE-3S,43.0,ATROPELLO,1.0,6.0,FRIDAY,0,1
UCAYALI,PE-18C,51.0,DESPISTE,13.0,6.0,FRIDAY,0,0
AREQUIPA,PE-34A,61.0,CHOQUE,10.0,6.0,FRIDAY,0,0
LAMBAYEQUE,PE-1NJ,73.0,CHOQUE,19.0,6.0,FRIDAY,1,0
LIMA,PE-22,101.0,CHOQUE,20.0,6.0,FRIDAY,1,0
LIMA,PE-1N,130.0,DESPISTE,6.0,6.0,FRIDAY,0,0
PUNO,PE-34A,187.0,DESPISTE,1.0,6.0,FRIDAY,0,0
CUSCO,PE-28B,220.0,DESPISTE,19.0,6.0,FRIDAY,1,0
MADRE DE DIOS,PE-30C,295.0,DESPISTE,21.0,6.0,FRIDAY,1,0
AMAZONAS,PE-5N,330.0,DESPISTE,10.0,6.0,FRIDAY,0,0
ANCASH,PE-1N,396.0,DESPISTE,2.0,6.0,FRIDAY,0,0
ANCASH,PE-1N,408.0,DESPISTE,11.0,6.0,FRIDAY,0,0
APURIMAC,PE-3S,729.0,CHOQUE,10.0,6.0,FRIDAY,0,0
APURIMAC,PE-3S,811.0,ATROPELLO,3.0,6.0,FRIDAY,0,0
AREQUIPA,PE-1S,903.0,ATROPELLO,19.0,6.0,FRIDAY,1,0
PIURA,PE-1NL,1057.0,DESPISTE,23.0,6.0,FRIDAY,1,0
PUNO,PE-3S,1196.0,DESPISTE,6.0,6.0,FRIDAY,0,0
CUSCO,PE-28B,39.0,CHOQUE,19.0,6.0,SATURDAY,1,0
LIMA,PE-18,41.0,CHOQUE,11.0,6.0,SATURDAY,0,0
LIMA,PE-1S,46.0,DESPISTE,19.0,6.0,SATURDAY,1,0
LIMA,PE-20A,57.0,DESPISTE,15.0,6.0,SATURDAY,0,0
LAMBAYEQUE,PE-1NJ,77.0,CHOQUE,20.0,6.0,SATURDAY,1,0
LIMA,PE-1N,99.0,ATROPELLO,3.0,6.0,SATURDAY,0,0
CAJAMARCA,PE-3N,101.0,CHOQUE,20.0,6.0,SATURDAY,1,0
LAMBAYEQUE,PE-1NJ,101.0,CHOQUE,17.0,6.0,SATURDAY,0,0
JUNIN,PE-5S,102.0,CHOQUE,19.0,6.0,SATURDAY,1,0
LIMA,PE-22,112.0,DESPISTE,4.0,6.0,SATURDAY,0,0
LIMA,PE-1S,119.0,DESPISTE,15.0,6.0,SATURDAY,0,0
PASCO,PE-3N,131.0,DESPISTE,16.0,6.0,SATURDAY,0,0
CAJAMARCA,PE-06A,148.0,DESPISTE,14.0,6.0,SATURDAY,0,0
ANCASH,PE-3N,192.0,CHOQUE,19.0,6.0,SATURDAY,1,0
PUNO,PE-34A,243.0,DESPISTE,10.0,6.0,SATURDAY,0,0
AMAZONAS,PE-08B,311.0,CHOQUE,9.0,6.0,SATURDAY,0,0
MADRE DE DIOS,PE-30C,318.0,CHOQUE,15.0,6.0,SATURDAY,0,0
SAN MARTIN,PE-5N,469.0,CHOQUE,17.0,6.0,SATURDAY,0,0
LA LIBERTAD,PE-1N,708.0,CHOQUE,15.0,6.0,SATURDAY,0,0
PIURA,PE-1NL,1045.0,DESPISTE,17.0,6.0,SATURDAY,0,0
MOQUEGUA,PE-1S,1152.0,CHOQUE,11.0,6.0,SATURDAY,0,0
CAJAMARCA,PE-3N,1206.0,DESPISTE,8.0,6.0,SATURDAY,0,1
CAJAMARCA,PE-08B,10.0,ATROPELLO,20.0,6.0,SUNDAY,1,0
JUNIN,PE-3SA,13.0,ATROPELLO,18.0,6.0,SUNDAY,1,0
UCAYALI,PE-18C,24.0,DESPISTE,22.0,6.0,SUNDAY,1,0
LIMA,PE-1S,34.0,DESPISTE,5.0,6.0,SUNDAY,0,0
LIMA,PE-1S,50.0,DESPISTE,23.0,6.0,SUNDAY,1,0
LAMBAYEQUE,PE-1NJ,63.0,CHOQUE,17.0,6.0,SUNDAY,0,0
LIMA,PE-1S,93.0,DESPISTE,0.0,6.0,SUNDAY,0,1
ANCASH,PE-16,115.0,CHOQUE,19.0,6.0,SUNDAY,1,0
LIMA,PE-22,121.0,DESPISTE,6.0,6.0,SUNDAY,0,0
HUANCAVELICA,PE-28A,168.0,ATROPELLO,0.0,6.0,SUNDAY,0,1
LIMA,PE-1N,173.0,CHOQUE,23.0,6.0,SUNDAY,1,0
ICA,PE-1S,178.0,DESPISTE,9.0,6.0,SUNDAY,0,0
MOQUEGUA,PE-1SD,197.0,DESPISTE,17.0,6.0,SUNDAY,0,0
MOQUEGUA,PE-36A,215.0,CHOQUE,11.0,6.0,SUNDAY,0,0
AMAZONAS,PE-5N,256.0,DESPISTE,20.0,6.0,SUNDAY,1,0
SAN MARTIN,PE-5N,377.0,CHOQUE,20.0,6.0,SUNDAY,1,0
ANCASH,PE-1N,415.0,CHOQUE,0.0,6.0,SUNDAY,0,1
AREQUIPA,PE-1S,598.0,CHOQUE,13.0,6.0,SUNDAY,0,0
AREQUIPA,PE-1S,623.0,CHOQUE,19.0,6.0,SUNDAY,1,0
SAN MARTIN,PE-5N,793.0,DESPISTE,9.0,6.0,SUNDAY,0,0
AREQUIPA,PE-1S,863.0,DESPISTE,20.0,6.0,SUNDAY,1,0
AREQUIPA,PE-1S,885.0,DESPISTE,11.0,6.0,SUNDAY,0,0
PIURA,PE-1N,980.0,CHOQUE,21.0,6.0,SUNDAY,1,0
AREQUIPA,PE-1S,1040.0,DESPISTE,20.0,6.0,SUNDAY,1,0
PIURA,PE-1NL,1120.0,DESPISTE,20.0,6.0,SUNDAY,1,0
PUNO,PE-3S,1348.0,DESPISTE,16.0,6.0,SUNDAY,0,0
LORETO,LO-103,6.0,DESPISTE,19.0,6.0,MONDAY,1,0
LIMA,PE-1S,24.0,ATROPELLO,6.0,6.0,MONDAY,0,0
CAJAMARCA,PE-08A,29.0,DESPISTE,16.0,6.0,MONDAY,0,0
CAJAMARCA,PE-08A,32.0,CHOQUE,13.0,6.0,MONDAY,0,1
LIMA,PE-1N,71.0,DESPISTE,7.0,6.0,MONDAY,0,0
LAMBAYEQUE,PE-1NJ,80.0,CHOQUE,6.0,6.0,MONDAY,0,0
LIMA,PE-1S,93.0,CHOQUE,6.0,6.0,MONDAY,0,0
LIMA,PE-1N,104.0,DESPISTE,7.0,6.0,MONDAY,0,0
ANCASH,PE-3N,144.0,DESPISTE,9.0,6.0,MONDAY,0,0
LIMA,PE-1N,159.0,CHOQUE,7.0,6.0,MONDAY,0,0
ANCASH,PE-3N,165.0,DESPISTE,9.0,6.0,MONDAY,0,0
ANCASH,PE-1N,240.0,DESPISTE,12.0,6.0,MONDAY,0,0
MADRE DE DIOS,PE-30C,269.0,DESPISTE,16.0,6.0,MONDAY,0,0
ICA,PE-1S,329.0,ATROPELLO,19.0,6.0,MONDAY,1,0
APURIMAC,PE-30A,404.0,DESPISTE,4.0,6.0,MONDAY,0,0
ANCASH,PE-1N,440.0,CHOQUE,17.0,6.0,MONDAY,0,0
MADRE DE DIOS,PE-30C,493.0,CHOQUE,21.0,6.0,MONDAY,1,0
CUSCO,PE-3S,909.0,DESPISTE,16.0,6.0,MONDAY,0,0
PIURA,PE-1NL,7.0,CHOQUE,7.0,6.0,TUESDAY,0,1
MOQUEGUA,PE-36A,18.0,CHOQUE,7.0,6.0,TUESDAY,0,0
LIMA,PE-1NE,19.0,DESPISTE,18.0,6.0,TUESDAY,1,0
AREQUIPA,AR-106,20.0,DESPISTE,10.0,6.0,TUESDAY,0,0
LAMBAYEQUE,PE-06A,51.0,CHOQUE,17.0,6.0,TUESDAY,0,0
LIMA,PE-1S,51.0,DESPISTE,23.0,6.0,TUESDAY,1,0
LIMA,PE-22,55.0,CHOQUE,4.0,6.0,TUESDAY,0,0
LIMA,PE-22,81.0,DESPISTE,5.0,6.0,TUESDAY,0,0
LIMA,PE-1S,81.0,ESPECIAL,22.0,6.0,TUESDAY,1,0
CAJAMARCA,PE-08B,85.0,VOLCADURA,17.0,6.0,TUESDAY,0,0
LIMA,PE-22,85.0,ESPECIAL,1.0,6.0,TUESDAY,0,1
ANCASH,PE-16,105.0,CHOQUE,10.0,6.0,TUESDAY,0,0
LIMA,PE-1S,118.0,CHOQUE,0.0,6.0,TUESDAY,0,1
PASCO,PE-3N,141.0,DESPISTE,15.0,6.0,TUESDAY,0,0
AYACUCHO,PE-30A,257.0,DESPISTE,4.0,6.0,TUESDAY,0,0
APURIMAC,PE-30A,385.0,CHOQUE,10.0,6.0,TUESDAY,0,0
MADRE DE DIOS,PE-30C,396.0,CHOQUE,20.0,6.0,TUESDAY,1,0
AYACUCHO,PE-3S,489.0,CHOQUE,23.0,6.0,TUESDAY,1,1
SAN MARTIN,PE-5N,668.0,DESPISTE,16.0,6.0,TUESDAY,0,0
LAMBAYEQUE,PE-1N,736.0,DESPISTE,5.0,6.0,TUESDAY,0,0
LAMBAYEQUE,PE-1N,808.0,CHOQUE,6.0,6.0,TUESDAY,0,0
AREQUIPA,PE-1S,860.0,CHOQUE,10.0,6.0,TUESDAY,0,0
LORETO,LO-103,3.0,DESPISTE,17.0,6.0,WEDNESDAY,0,0
ANCASH,PE-3N,12.0,DESPISTE,16.0,6.0,WEDNESDAY,0,0
LORETO,LO-103,16.0,CHOQUE,19.0,6.0,WEDNESDAY,1,1
LIMA,PE-1S,54.0,DESPISTE,9.0,6.0,WEDNESDAY,0,0
CUSCO,PE-28B,57.0,CHOQUE,20.0,6.0,WEDNESDAY,1,0
LAMBAYEQUE,PE-1NJ,92.0,CHOQUE,18.0,6.0,WEDNESDAY,1,0
AREQUIPA,PE-34A,185.0,DESPISTE,4.0,6.0,WEDNESDAY,0,0
ANCASH,PE-1N,335.0,DESPISTE,4.0,6.0,WEDNESDAY,0,0
APURIMAC,PE-30A,385.0,DESPISTE,17.0,6.0,WEDNESDAY,0,0
LA LIBERTAD,PE-1N,517.0,CHOQUE,21.0,6.0,WEDNESDAY,1,0
LAMBAYEQUE,PE-1N,847.0,DESPISTE,6.0,6.0,WEDNESDAY,0,0
PUNO,PE-3S,1355.0,DESPISTE,13.0,6.0,WEDNESDAY,0,0
LAMBAYEQUE,PE-1NJ,1.0,CHOQUE,5.0,6.0,THURSDAY,0,0
ANCASH,PE-3N,9.0,DESPISTE,19.0,6.0,THURSDAY,1,0
CAJAMARCA,PE-3N,13.0,DESPISTE,22.0,6.0,THURSDAY,1,0
LORETO,LO-103,13.0,CHOQUE,16.0,6.0,THURSDAY,0,0
UCAYALI,PE-18C,17.0,ATROPELLO,10.0,6.0,THURSDAY,0,0
CAJAMARCA,PE-3N,28.0,CHOQUE,8.0,6.0,THURSDAY,0,0
LIMA,PE-1N,48.0,CHOQUE,10.0,6.0,THURSDAY,0,0
ANCASH,PE-16,88.0,DESPISTE,15.0,6.0,THURSDAY,0,0
CAJAMARCA,PE-3N,165.0,DESPISTE,16.0,6.0,THURSDAY,0,0
ANCASH,PE-1N,253.0,DESPISTE,11.0,6.0,THURSDAY,0,0
MADRE DE DIOS,PE-30C,394.0,CHOQUE,20.0,6.0,THURSDAY,1,1
HUANUCO,PE-5N,483.0,DESPISTE,7.0,6.0,THURSDAY,0,0
LA LIBERTAD,PE-1N,561.0,CHOQUE,15.0,6.0,THURSDAY,0,1
APURIMAC,PE-3S,766.0,CHOQUE,9.0,6.0,THURSDAY,0,0
CUSCO,PE-3S,928.0,DESPISTE,10.0,6.0,THURSDAY,0,1
AREQUIPA,PE-1S,969.0,CHOQUE,10.0,6.0,THURSDAY,0,0
PIURA,PE-1NL,1065.0,CHOQUE,18.0,6.0,THURSDAY,1,0
CALLAO,PE-20C,5.0,CHOQUE,6.0,6.0,FRIDAY,0,1
JUNIN,PE-3N,37.0,DESPISTE,9.0,6.0,FRIDAY,0,0
CAJAMARCA,PE-3N,61.0,CHOQUE,13.0,6.0,FRIDAY,0,0
LIMA,PE-1S,140.0,DESPISTE,10.0,6.0,FRIDAY,0,0
JUNIN,PE-22,146.0,ATROPELLO,11.0,6.0,FRIDAY,0,0
AMAZONAS,PE-5N,269.0,DESPISTE,12.0,6.0,FRIDAY,0,0
HUANUCO,PE-5N,483.0,CHOQUE,7.0,6.0,FRIDAY,0,0
CUSCO,PE-3S,940.0,DESPISTE,15.0,6.0,FRIDAY,0,0
LA LIBERTAD,PE-10A,8.0,CHOQUE,23.0,6.0,SATURDAY,1,0
AREQUIPA,PE-1SD,10.0,DESPISTE,7.0,6.0,SATURDAY,0,0
LA LIBERTAD,PE-08,12.0,CHOQUE,20.0,6.0,SATURDAY,1,0
AREQUIPA,PE-34A,20.0,DESPISTE,19.0,6.0,SATURDAY,1,0
ANCASH,PE-16,62.0,ESPECIAL,2.0,6.0,SATURDAY,0,0
LIMA,PE-1N,71.0,DESPISTE,12.0,6.0,SATURDAY,0,0
CAJAMARCA,PE-08,81.0,CHOQUE,8.0,6.0,SATURDAY,0,0
LIMA,PE-1N,104.0,DESPISTE,7.0,6.0,SATURDAY,0,0
CAJAMARCA,PE-3N,105.0,DESPISTE,13.0,6.0,SATURDAY,0,0
LIMA,PE-1N,111.0,CHOQUE,8.0,6.0,SATURDAY,0,0
JUNIN,PE-22,154.0,ESPECIAL,10.0,6.0,SATURDAY,0,0
ANCASH,PE-3N,165.0,DESPISTE,19.0,6.0,SATURDAY,1,0
ICA,PE-1S,225.0,DESPISTE,20.0,6.0,SATURDAY,1,0
ICA,PE-1S,245.0,CHOQUE,17.0,6.0,SATURDAY,0,0
PUNO,PE-30C,249.0,CHOQUE,18.0,6.0,SATURDAY,1,0
PUNO,PE-34B,338.0,DESPISTE,15.0,6.0,SATURDAY,0,0
UCAYALI,PE-5N,455.0,CHOQUE,10.0,6.0,SATURDAY,0,0
AREQUIPA,PE-1S,642.0,DESPISTE,7.0,6.0,SATURDAY,0,0
AREQUIPA,PE-1S,789.0,CHOQUE,5.0,6.0,SATURDAY,0,0
CUSCO,PE-3S,893.0,DESPISTE,13.0,6.0,SATURDAY,0,0
PUNO,PE-3S,1371.0,DESPISTE,4.0,6.0,SATURDAY,0,0
PASCO,PE-5NA,20.0,DESPISTE,9.0,6.0,SUNDAY,0,0
UCAYALI,PE-18C,25.0,DESPISTE,14.0,6.0,SUNDAY,0,0
CUSCO,PE-34F,35.0,DESPISTE,10.0,6.0,SUNDAY,0,0
PUNO,PE-34H,43.0,DESPISTE,13.0,6.0,SUNDAY,0,0
PIURA,PE-02,48.0,CHOQUE,20.0,6.0,SUNDAY,1,0
AYACUCHO,PE-30A,73.0,DESPISTE,21.0,6.0,SUNDAY,1,0
JUNIN,PE-5S,129.0,CHOQUE,5.0,6.0,SUNDAY,0,0
AMAZONAS,PE-08B,323.0,CHOQUE,20.0,6.0,SUNDAY,1,0
SAN MARTIN,PE-5N,454.0,CHOQUE,4.0,6.0,SUNDAY,0,0
AREQUIPA,PE-1S,700.0,DESPISTE,14.0,6.0,SUNDAY,0,0
AREQUIPA,PE-1S,724.0,CHOQUE,10.0,6.0,SUNDAY,0,0
LAMBAYEQUE,PE-1N,836.0,DESPISTE,8.0,6.0,SUNDAY,0,0
LAMBAYEQUE,PE-04B,5.0,DESPISTE,13.0,6.0,MONDAY,0,0
CUSCO,CU-125,15.0,DESPISTE,18.0,6.0,MONDAY,1,0
HUANCAVELICA,PE-26,28.0,DESPISTE,12.0,6.0,MONDAY,0,1
LAMBAYEQUE,PE-1NJ,81.0,CHOQUE,11.0,6.0,MONDAY,0,1
JUNIN,PE-3SB,99.0,DESPISTE,3.0,6.0,MONDAY,0,0
AYACUCHO,PE-30A,103.0,DESPISTE,7.0,6.0,MONDAY,0,0
PIURA,PE-1NJ,152.0,ATROPELLO,15.0,6.0,MONDAY,0,0
ANCASH,PE-3N,157.0,DESPISTE,14.0,6.0,MONDAY,0,0
HUANCAVELICA,PE-3S,157.0,DESPISTE,14.0,6.0,MONDAY,0,0
ANCASH,PE-3N,172.0,DESPISTE,19.0,6.0,MONDAY,1,0
MADRE DE DIOS,PE-30C,321.0,CHOQUE,16.0,6.0,MONDAY,0,0
MADRE DE DIOS,PE-30C,321.0,CHOQUE,16.0,6.0,MONDAY,0,0
ANCASH,PE-1N,396.0,DESPISTE,17.0,6.0,MONDAY,0,0
CUSCO,PE-3S,945.0,CHOQUE,6.0,6.0,MONDAY,0,0
LORETO,LO-103,8.0,DESPISTE,18.0,6.0,TUESDAY,1,0
LIMA,PE-1NA,18.0,DESPISTE,18.0,6.0,TUESDAY,1,0
UCAYALI,PE-18C,28.0,CHOQUE,8.0,6.0,TUESDAY,0,0
LIMA,PE-1S,43.0,DESPISTE,21.0,6.0,TUESDAY,1,0
LIMA,PE-1S,57.0,DESPISTE,20.0,6.0,TUESDAY,1,0
PUNO,PE-36B,59.0,DESPISTE,12.0,6.0,TUESDAY,0,0
JUNIN,PE-3S,63.0,CHOQUE,11.0,6.0,TUESDAY,0,0
LIMA,PE-1N,78.0,CHOQUE,8.0,6.0,TUESDAY,0,0
CAJAMARCA,PE-08B,85.0,CHOQUE,17.0,6.0,TUESDAY,0,0
CUSCO,PE-28B,93.0,DESPISTE,20.0,6.0,TUESDAY,1,0
JUNIN,PE-5S,127.0,CHOQUE,8.0,6.0,TUESDAY,0,0
AMAZONAS,PE-5N,209.0,DESPISTE,23.0,6.0,TUESDAY,1,0
AMAZONAS,PE-5N,365.0,CHOQUE,14.0,6.0,TUESDAY,0,0
PUNO,PE-3S,1369.0,CHOQUE,5.0,6.0,TUESDAY,0,0
UCAYALI,PE-18C,17.0,ATROPELLO,19.0,6.0,WEDNESDAY,1,1
LIMA,PE-1S,32.0,CHOQUE,21.0,6.0,WEDNESDAY,1,1
JUNIN,PE-22B,84.0,VOLCADURA,5.0,6.0,WEDNESDAY,0,0
LIMA,PE-22,112.0,CHOQUE,20.0,6.0,WEDNESDAY,1,0
JUNIN,PE-5S,118.0,DESPISTE,5.0,6.0,WEDNESDAY,0,0
LIMA,PE-1S,129.0,DESPISTE,18.0,6.0,WEDNESDAY,1,0
LIMA,PE-1N,162.0,VOLCADURA,4.0,6.0,WEDNESDAY,0,0
CAJAMARCA,PE-06A,175.0,DESPISTE,12.0,6.0,WEDNESDAY,0,0
HUANUCO,PE-18A,472.0,DESPISTE,9.0,6.0,WEDNESDAY,0,0
SAN MARTIN,PE-5N,566.0,CHOQUE,17.0,6.0,WEDNESDAY,0,0
JUNIN,PE-3S,5.0,DESPISTE,5.0,7.0,THURSDAY,0,0
LIMA,PE-1NE,6.0,CHOQUE,7.0,7.0,THURSDAY,0,0
JUNIN,PE-3N,60.0,CHOQUE,22.0,7.0,THURSDAY,1,0
LIMA,PE-1N,67.0,CHOQUE,7.0,7.0,THURSDAY,0,0
ICA,PE-28A,69.0,ESPECIAL,11.0,7.0,THURSDAY,0,0
LIMA,PE-1S,91.0,DESPISTE,9.0,7.0,THURSDAY,0,0
LIMA,PE-22,120.0,DESPISTE,0.0,7.0,THURSDAY,0,1
LA LIBERTAD,PE-10A,123.0,CHOQUE,16.0,7.0,THURSDAY,0,0
ANCASH,PE-1N,246.0,DESPISTE,15.0,7.0,THURSDAY,0,1
ANCASH,PE-1N,353.0,CHOQUE,5.0,7.0,THURSDAY,0,0
SAN MARTIN,PE-5N,749.0,DESPISTE,13.0,7.0,THURSDAY,0,0
PUNO,PE-3S,1390.0,CHOQUE,9.0,7.0,THURSDAY,0,0
PUNO,PE-3S,1401.0,DESPISTE,7.0,7.0,THURSDAY,0,0
LA LIBERTAD,PE-08,5.0,CHOQUE,23.0,7.0,FRIDAY,1,0
LIMA,PE-1S,23.0,ATROPELLO,16.0,7.0,FRIDAY,0,0
JUNIN,PE-3N,32.0,DESPISTE,13.0,7.0,FRIDAY,0,0
LIMA,PE-22,51.0,DESPISTE,13.0,7.0,FRIDAY,0,0
LIMA,PE-22,92.0,DESPISTE,4.0,7.0,FRIDAY,0,0
PUNO,PE-34B,155.0,DESPISTE,14.0,7.0,FRIDAY,0,0
ICA,PE-1S,188.0,ESPECIAL,0.0,7.0,FRIDAY,0,0
PUNO,PE-34A,217.0,CHOQUE,10.0,7.0,FRIDAY,0,0
ANCASH,PE-1N,396.0,DESPISTE,17.0,7.0,FRIDAY,0,0
ICA,PE-1S,442.0,VOLCADURA,0.0,7.0,FRIDAY,0,0
HUANUCO,PE-5N,481.0,DESPISTE,21.0,7.0,FRIDAY,1,0
LA LIBERTAD,PE-1N,519.0,VOLCADURA,21.0,7.0,FRIDAY,1,0
AREQUIPA,PE-1S,862.0,DESPISTE,17.0,7.0,FRIDAY,0,0
PIURA,PE-1N,954.0,CHOQUE,7.0,7.0,FRIDAY,0,0
PIURA,PE-1N,1020.0,ESPECIAL,7.0,7.0,FRIDAY,0,0
PUNO,PE-102,2.0,CHOQUE,20.0,7.0,SATURDAY,1,0
MOQUEGUA,PE-36,7.0,CHOQUE,22.0,7.0,SATURDAY,1,0
LIMA,PE-1NA,17.0,ESPECIAL,22.0,7.0,SATURDAY,1,0
LIMA,PE-1N,26.0,DESPISTE,14.0,7.0,SATURDAY,0,0
CUSCO,PE-34F,29.0,DESPISTE,1.0,7.0,SATURDAY,0,1
CAJAMARCA,PE-5N,36.0,CHOQUE,20.0,7.0,SATURDAY,1,0
LIMA,PE-1S,39.0,CHOQUE,5.0,7.0,SATURDAY,0,0
LIMA,PE-20A,48.0,CHOQUE,18.0,7.0,SATURDAY,1,0
HUANCAVELICA,PE-3SM,52.0,CHOQUE,12.0,7.0,SATURDAY,0,0
LIMA,PE-20A,69.0,CHOQUE,19.0,7.0,SATURDAY,1,0
LIMA,PE-1N,140.0,DESPISTE,20.0,7.0,SATURDAY,1,0
AREQUIPA,PE-34A,172.0,CHOQUE,19.0,7.0,SATURDAY,1,0
ANCASH,PE-1N,245.0,CHOQUE,2.0,7.0,SATURDAY,0,0
AMAZONAS,PE-5N,332.0,CHOQUE,10.0,7.0,SATURDAY,0,0
ANCASH,PE-1N,338.0,DESPISTE,13.0,7.0,SATURDAY,0,0
ANCASH,PE-1N,383.0,DESPISTE,6.0,7.0,SATURDAY,0,0
LAMBAYEQUE,PE-1N,817.0,CHOQUE,20.0,7.0,SATURDAY,1,1
PIURA,PE-1NL,1093.0,CHOQUE,13.0,7.0,SATURDAY,0,0
PIURA,PE-1NL,1093.0,CHOQUE,13.0,7.0,SATURDAY,0,0
CALLAO,PE-20,4.0,DESPISTE,6.0,7.0,SUNDAY,0,0
LIMA,PE-22,29.0,CHOQUE,6.0,7.0,SUNDAY,0,0
CAJAMARCA,PE-08B,38.0,DESPISTE,17.0,7.0,SUNDAY,0,0
LIMA,PE-20A,46.0,DESPISTE,13.0,7.0,SUNDAY,0,0
LIMA,PE-1S,83.0,DESPISTE,13.0,7.0,SUNDAY,0,0
LIMA,PE-1N,185.0,DESPISTE,17.0,7.0,SUNDAY,0,0
MOQUEGUA,PE-1SD,202.0,DESPISTE,10.0,7.0,SUNDAY,0,0
MADRE DE DIOS,PE-30C,324.0,CHOQUE,4.0,7.0,SUNDAY,0,0
APURIMAC,PE-30A,355.0,DESPISTE,15.0,7.0,SUNDAY,0,0
SAN MARTIN,PE-5N,381.0,CHOQUE,13.0,7.0,SUNDAY,0,0
SAN MARTIN,PE-5N,500.0,CHOQUE,19.0,7.0,SUNDAY,1,0
SAN MARTIN,PE-5N,609.0,CHOQUE,11.0,7.0,SUNDAY,0,0
AREQUIPA,PE-1S,1018.0,CHOQUE,17.0,7.0,SUNDAY,0,1
LIMA,PE-1N,1.0,DESPISTE,20.0,7.0,MONDAY,1,0
LA LIBERTAD,PE-08,18.0,CHOQUE,6.0,7.0,MONDAY,0,1
LIMA,PE-22,112.0,DESPISTE,21.0,7.0,MONDAY,1,0
LIMA,PE-1N,182.0,CHOQUE,15.0,7.0,MONDAY,0,0
LIMA,PE-1N,200.0,CHOQUE,20.0,7.0,MONDAY,1,0
AYACUCHO,PE-28A,292.0,CHOQUE,5.0,7.0,MONDAY,0,0
APURIMAC,PE-30A,383.0,CHOQUE,7.0,7.0,MONDAY,0,0
SAN MARTIN,PE-5N,483.0,CHOQUE,19.0,7.0,MONDAY,1,0
AREQUIPA,PE-1S,597.0,ESPECIAL,11.0,7.0,MONDAY,0,0
LA LIBERTAD,PE-1N,689.0,CHOQUE,7.0,7.0,MONDAY,0,0
LIMA,PE-1S,26.0,DESPISTE,15.0,7.0,TUESDAY,0,0
ICA,PE-1S,269.0,DESPISTE,15.0,7.0,TUESDAY,0,0
ANCASH,PE-1N,427.0,CHOQUE,12.0,7.0,TUESDAY,0,0
SAN MARTIN,PE-5N,452.0,CHOQUE,9.0,7.0,TUESDAY,0,0
AREQUIPA,PE-1S,649.0,DESPISTE,20.0,7.0,TUESDAY,1,0
LAMBAYEQUE,PE-1N,768.0,CHOQUE,15.0,7.0,TUESDAY,0,0
AREQUIPA,PE-1S,1062.0,CHOQUE,0.0,7.0,TUESDAY,0,0
LIMA,PE-1NA,10.0,CHOQUE,20.0,7.0,WEDNESDAY,1,0
TACNA,PE-38,15.0,CHOQUE,18.0,7.0,WEDNESDAY,1,1
LAMBAYEQUE,PE-1NJ,44.0,CHOQUE,15.0,7.0,WEDNESDAY,0,0
LIMA,PE-1S,98.0,DESPISTE,4.0,7.0,WEDNESDAY,0,0
MADRE DE DIOS,PE-30C,321.0,CHOQUE,7.0,7.0,WEDNESDAY,0,1
APURIMAC,PE-30A,328.0,CHOQUE,7.0,7.0,WEDNESDAY,0,0
AREQUIPA,PE-1S,609.0,DESPISTE,18.0,7.0,WEDNESDAY,1,0
LA LIBERTAD,PE-1N,644.0,CHOQUE,7.0,7.0,WEDNESDAY,0,1
CUSCO,PE-3S,1070.0,CHOQUE,10.0,7.0,WEDNESDAY,0,0
TACNA,PE-38,3.0,DESPISTE,14.0,7.0,THURSDAY,0,1
MOQUEGUA,PE-36A,13.0,CHOQUE,11.0,7.0,THURSDAY,0,0
PUNO,PE-34H,38.0,CHOQUE,18.0,7.0,THURSDAY,1,0
LIMA,PE-22,50.0,CHOQUE,5.0,7.0,THURSDAY,0,1
LIMA,PE-1N,62.0,DESPISTE,18.0,7.0,THURSDAY,1,0
LIMA,PE-1S,71.0,DESPISTE,20.0,7.0,THURSDAY,1,0
LIMA,PE-1S,72.0,CHOQUE,6.0,7.0,THURSDAY,0,0
LIMA,PE-22,82.0,DESPISTE,23.0,7.0,THURSDAY,1,0
JUNIN,PE-22B,101.0,DESPISTE,16.0,7.0,THURSDAY,0,0
LIMA,PE-22,121.0,CHOQUE,0.0,7.0,THURSDAY,0,0
PASCO,PE-3N,132.0,DESPISTE,12.0,7.0,THURSDAY,0,0
MOQUEGUA,PE-1SD,222.0,DESPISTE,10.0,7.0,THURSDAY,0,0
ICA,PE-1S,362.0,DESPISTE,15.0,7.0,THURSDAY,0,0
LA LIBERTAD,PE-1N,532.0,CHOQUE,6.0,7.0,THURSDAY,0,0
SAN MARTIN,PE-5N,757.0,CHOQUE,19.0,7.0,THURSDAY,1,0
AREQUIPA,PE-1S,778.0,ESPECIAL,20.0,7.0,THURSDAY,1,0
CUSCO,PE-3S,1125.0,CHOQUE,9.0,7.0,THURSDAY,0,0
JUNIN,PE-3N,0.0,ESPECIAL,14.0,7.0,FRIDAY,0,0
CALLAO,PE-20,19.0,CHOQUE,23.0,7.0,FRIDAY,1,0
ANCASH,AN-110,36.0,DESPISTE,11.0,7.0,FRIDAY,0,0
LA LIBERTAD,PE-10A,65.0,CHOQUE,12.0,7.0,FRIDAY,0,0
JUNIN,PE-5S,76.0,CHOQUE,12.0,7.0,FRIDAY,0,0
LIMA,PE-1N,82.0,CHOQUE,7.0,7.0,FRIDAY,0,0
LIMA,PE-1S,82.0,DESPISTE,11.0,7.0,FRIDAY,0,0
AREQUIPA,PE-34A,85.0,VOLCADURA,23.0,7.0,FRIDAY,1,0
LIMA,PE-1S,115.0,CHOQUE,2.0,7.0,FRIDAY,0,0
HUANUCO,PE-18A,122.0,CHOQUE,3.0,7.0,FRIDAY,0,1
LIMA,PE-22,125.0,CHOQUE,16.0,7.0,FRIDAY,0,0
AREQUIPA,PE-34A,147.0,CHOQUE,8.0,7.0,FRIDAY,0,0
ICA,PE-1S,201.0,CHOQUE,14.0,7.0,FRIDAY,0,1
MOQUEGUA,PE-1SD,221.0,DESPISTE,14.0,7.0,FRIDAY,0,0
CUSCO,PE-30C,232.0,DESPISTE,16.0,7.0,FRIDAY,0,0
AMAZONAS,PE-5N,322.0,DESPISTE,2.0,7.0,FRIDAY,0,0
MADRE DE DIOS,PE-30C,330.0,CHOQUE,20.0,7.0,FRIDAY,1,0
MADRE DE DIOS,PE-30C,413.0,ATROPELLO,20.0,7.0,FRIDAY,1,0
LAMBAYEQUE,PE-1N,840.0,CHOQUE,5.0,7.0,FRIDAY,0,0
AREQUIPA,PE-1S,976.0,CHOQUE,16.0,7.0,FRIDAY,0,0
AREQUIPA,AR-105,1.0,DESPISTE,16.0,7.0,SATURDAY,0,0
JUNIN,PE-5S,3.0,CHOQUE,7.0,7.0,SATURDAY,0,0
JUNIN,PE-5S,11.0,CHOQUE,0.0,7.0,SATURDAY,0,0
LA LIBERTAD,PE-10C,19.0,CHOQUE,12.0,7.0,SATURDAY,0,0
LIMA,PE-20C,24.0,DESPISTE,17.0,7.0,SATURDAY,0,0
ANCASH,PE-16,48.0,ESPECIAL,8.0,7.0,SATURDAY,0,0
CAJAMARCA,PE-3N,73.0,VOLCADURA,19.0,7.0,SATURDAY,1,0
HUANUCO,PE-18A,83.0,CHOQUE,10.0,7.0,SATURDAY,0,0
LIMA,PE-1S,108.0,CHOQUE,20.0,7.0,SATURDAY,1,1
LIMA,PE-1S,126.0,DESPISTE,13.0,7.0,SATURDAY,0,0
TUMBES,PE-1N,205.0,CHOQUE,2.0,7.0,SATURDAY,0,0
MOQUEGUA,PE-1SD,221.0,DESPISTE,7.0,7.0,SATURDAY,0,0
PIURA,PE-1NJ,255.0,ATROPELLO,10.0,7.0,SATURDAY,0,1
ANCASH,PE-1N,350.0,CHOQUE,8.0,7.0,SATURDAY,0,1
MADRE DE DIOS,PE-30C,389.0,DESPISTE,12.0,7.0,SATURDAY,0,0
SAN MARTIN,PE-5N,523.0,CHOQUE,17.0,7.0,SATURDAY,0,0
CUSCO,PE-3S,943.0,CHOQUE,22.0,7.0,SATURDAY,1,1
PIURA,PE-1NL,1051.0,CHOQUE,8.0,7.0,SATURDAY,0,0
PUNO,PE-3S,1210.0,DESPISTE,16.0,7.0,SATURDAY,0,0
LORETO,LO-103,6.0,DESPISTE,23.0,7.0,SUNDAY,1,0
AREQUIPA,AR-105,23.0,CHOQUE,12.0,7.0,SUNDAY,0,0
MOQUEGUA,PE-1SD,23.0,CHOQUE,19.0,7.0,SUNDAY,1,0
LIMA,PE-1S,29.0,DESPISTE,12.0,7.0,SUNDAY,0,0
LIMA,PE-1S,44.0,DESPISTE,8.0,7.0,SUNDAY,0,0
JUNIN,PE-5S,62.0,CHOQUE,23.0,7.0,SUNDAY,1,1
LIMA,PE-22,70.0,CHOQUE,18.0,7.0,SUNDAY,1,0
LAMBAYEQUE,PE-1NJ,80.0,DESPISTE,20.0,7.0,SUNDAY,1,0
LIMA,PE-22,111.0,CHOQUE,18.0,7.0,SUNDAY,1,0
PIURA,PE-1N,119.0,DESPISTE,22.0,7.0,SUNDAY,1,0
ANCASH,PE-1N,265.0,DESPISTE,9.0,7.0,SUNDAY,0,0
LA LIBERTAD,PE-1N,604.0,DESPISTE,9.0,7.0,SUNDAY,0,0
APURIMAC,PE-3S,846.0,CHOQUE,7.0,7.0,SUNDAY,0,0
TACNA,PE-1S,1323.0,CHOQUE,10.0,7.0,SUNDAY,0,0
HUANCAVELICA,PE-3SD,29.0,DESPISTE,9.0,7.0,MONDAY,0,0
CAJAMARCA,PE-06A,108.0,DESPISTE,2.0,7.0,MONDAY,0,0
CAJAMARCA,PE-08,124.0,CHOQUE,17.0,7.0,MONDAY,0,1
AYACUCHO,PE-30A,181.0,DESPISTE,15.0,7.0,MONDAY,0,0
AREQUIPA,PE-34A,182.0,CHOQUE,7.0,7.0,MONDAY,0,1
ICA,PE-1S,320.0,CHOQUE,9.0,7.0,MONDAY,0,1
AYACUCHO,PE-3S,351.0,CHOQUE,7.0,7.0,MONDAY,0,0
ANCASH,PE-1N,402.0,CHOQUE,5.0,7.0,MONDAY,0,1
MADRE DE DIOS,PE-30C,413.0,DESPISTE,2.0,7.0,MONDAY,0,0
APURIMAC,PE-3S,520.0,DESPISTE,10.0,7.0,MONDAY,0,0
LA LIBERTAD,PE-1N,651.0,CHOQUE,16.0,7.0,MONDAY,0,0
AREQUIPA,PE-1S,989.0,CHOQUE,9.0,7.0,MONDAY,0,0
PUNO,PE-3S,1341.0,CHOQUE,16.0,7.0,MONDAY,0,0
PUNO,PE-3S,1351.0,DESPISTE,3.0,7.0,MONDAY,0,0
LIMA,PE-16,8.0,CHOQUE,21.0,7.0,TUESDAY,1,0
TACNA,PE-1SD,42.0,DESPISTE,9.0,7.0,TUESDAY,0,0
PIURA,PE-02,43.0,CHOQUE,8.0,7.0,TUESDAY,0,0
JUNIN,PE-3S,76.0,DESPISTE,16.0,7.0,TUESDAY,0,0
MOQUEGUA,PE-36B,119.0,DESPISTE,8.0,7.0,TUESDAY,0,0
CUSCO,PE-28B,133.0,CHOQUE,13.0,7.0,TUESDAY,0,0
PASCO,PE-3N,144.0,DESPISTE,18.0,7.0,TUESDAY,1,0
TUMBES,PE-1N,163.0,DESPISTE,4.0,7.0,TUESDAY,0,0
PUNO,PE-38,222.0,ESPECIAL,17.0,7.0,TUESDAY,0,0
ICA,PE-1S,243.0,DESPISTE,20.0,7.0,TUESDAY,1,0
SAN MARTIN,PE-5N,560.0,DESPISTE,15.0,7.0,TUESDAY,0,0
AREQUIPA,PE-1S,593.0,CHOQUE,16.0,7.0,TUESDAY,0,0
SAN MARTIN,PE-5N,638.0,CHOQUE,13.0,7.0,TUESDAY,0,0
SAN MARTIN,PE-5N,741.0,CHOQUE,19.0,7.0,TUESDAY,1,0
APURIMAC,PE-3S,807.0,DESPISTE,12.0,7.0,TUESDAY,0,0
AREQUIPA,PE-1S,941.0,DESPISTE,4.0,7.0,TUESDAY,0,0
CUSCO,PE-3S,1089.0,CHOQUE,13.0,7.0,TUESDAY,0,0
PUNO,PE-3S,1375.0,ESPECIAL,10.0,7.0,TUESDAY,0,0
PUNO,PE-3S,1469.0,DESPISTE,9.0,7.0,TUESDAY,0,1
CAJAMARCA,PE-3N,5.0,CHOQUE,10.0,7.0,WEDNESDAY,0,0
LA LIBERTAD,PE-10C,15.0,DESPISTE,3.0,7.0,WEDNESDAY,0,0
LIMA,PE-22,19.0,CHOQUE,14.0,7.0,WEDNESDAY,0,0
LIMA,PE-1S,99.0,ATROPELLO,18.0,7.0,WEDNESDAY,1,1
LIMA,PE-22,110.0,DESPISTE,16.0,7.0,WEDNESDAY,0,0
AREQUIPA,PE-1SD,135.0,DESPISTE,11.0,7.0,WEDNESDAY,0,0
PUNO,PE-34B,169.0,DESPISTE,23.0,7.0,WEDNESDAY,1,0
PUNO,PE-34B,173.0,DESPISTE,16.0,7.0,WEDNESDAY,0,0
MOQUEGUA,PE-1SD,198.0,CHOQUE,18.0,7.0,WEDNESDAY,1,0
ICA,PE-1S,456.0,CHOQUE,22.0,7.0,WEDNESDAY,1,0
LAMBAYEQUE,PE-1N,736.0,DESPISTE,9.0,7.0,WEDNESDAY,0,0
AREQUIPA,PE-1S,913.0,CHOQUE,17.0,7.0,WEDNESDAY,0,0
CAJAMARCA,PE-08A,2.0,DESPISTE,2.0,7.0,THURSDAY,0,0
JUNIN,PE-3N,7.0,DESPISTE,12.0,7.0,THURSDAY,0,0
LORETO,LO-103,7.0,CHOQUE,22.0,7.0,THURSDAY,1,0
LIMA,PE-1S,10.0,CHOQUE,7.0,7.0,THURSDAY,0,0
SAN MARTIN,PE-5NB,10.0,CHOQUE,8.0,7.0,THURSDAY,0,0
ANCASH,PE-14,11.0,CHOQUE,18.0,7.0,THURSDAY,1,1
AMAZONAS,PE-08C,35.0,CHOQUE,7.0,7.0,THURSDAY,0,0
PUNO,PE-34H,51.0,DESPISTE,20.0,7.0,THURSDAY,1,0
LIMA,PE-22,56.0,CHOQUE,22.0,7.0,THURSDAY,1,0
HUANUCO,PE-18A,81.0,CHOQUE,13.0,7.0,THURSDAY,0,0
PIURA,PE-1N,82.0,DESPISTE,20.0,7.0,THURSDAY,1,0
APURIMAC,PE-30A,385.0,CHOQUE,11.0,7.0,THURSDAY,0,0
SAN MARTIN,PE-5N,465.0,DESPISTE,15.0,7.0,THURSDAY,0,1
ANCASH,PE-3N,601.0,CHOQUE,6.0,7.0,THURSDAY,0,0
AREQUIPA,PE-1S,684.0,CHOQUE,6.0,7.0,THURSDAY,0,0
AREQUIPA,PE-1S,725.0,ESPECIAL,19.0,7.0,THURSDAY,1,0
AYACUCHO,PE-3S,765.0,CHOQUE,17.0,7.0,THURSDAY,0,0
AREQUIPA,PE-1S,950.0,CHOQUE,19.0,7.0,THURSDAY,1,0
AREQUIPA,PE-1S,1034.0,DESPISTE,14.0,7.0,THURSDAY,0,0
MOQUEGUA,PE-1S,1167.0,DESPISTE,8.0,7.0,THURSDAY,0,0
PUNO,PU-953,0.0,DESPISTE,5.0,7.0,FRIDAY,0,1
AREQUIPA,PE-34A,95.0,CHOQUE,8.0,7.0,FRIDAY,0,0
PASCO,PE-3N,107.0,CHOQUE,5.0,7.0,FRIDAY,0,0
LIMA,PE-1S,138.0,CHOQUE,23.0,7.0,FRIDAY,1,0
CAJAMARCA,PE-06A,160.0,ATROPELLO,6.0,7.0,FRIDAY,0,0
PUNO,PE-34A,275.0,CHOQUE,18.0,7.0,FRIDAY,1,0
CUSCO,PE-3S,890.0,DESPISTE,18.0,7.0,FRIDAY,1,0
PUNO,PE-3S,1495.0,VOLCADURA,17.0,7.0,FRIDAY,0,0
LORETO,LO-103,9.0,CHOQUE,20.0,7.0,SATURDAY,1,0
AMAZONAS,PE-08C,14.0,CHOQUE,19.0,7.0,SATURDAY,1,0
LAMBAYEQUE,PE-1NJ,24.0,CHOQUE,8.0,7.0,SATURDAY,0,0
LIMA,PE-1N,85.0,CHOQUE,20.0,7.0,SATURDAY,1,0
PUNO,PE-34B,97.0,DESPISTE,6.0,7.0,SATURDAY,0,0
HUANUCO,PE-3N,221.0,CHOQUE,11.0,7.0,SATURDAY,0,0
SAN MARTIN,PE-5N,544.0,CHOQUE,10.0,7.0,SATURDAY,0,0
APURIMAC,PE-3S,832.0,DESPISTE,5.0,7.0,SATURDAY,0,0
APURIMAC,PE-3S,847.0,ESPECIAL,17.0,7.0,SATURDAY,0,0
LAMBAYEQUE,PE-1N,848.0,CHOQUE,2.0,7.0,SATURDAY,0,0
AREQUIPA,PE-1S,1040.0,DESPISTE,6.0,7.0,SATURDAY,0,0
TACNA,PE-1S,1323.0,DESPISTE,2.0,7.0,SATURDAY,0,0
LA LIBERTAD,PE-08,4.0,DESPISTE,4.0,7.0,SUNDAY,0,0
SAN MARTIN,PE-5NB,9.0,CHOQUE,13.0,7.0,SUNDAY,0,0
LIMA,PE-20A,37.0,CHOQUE,19.0,7.0,SUNDAY,1,0
AREQUIPA,AR-105,42.0,VOLCADURA,22.0,7.0,SUNDAY,1,0
PUNO,PE-36B,52.0,DESPISTE,0.0,7.0,SUNDAY,0,0
UCAYALI,PE-18C,55.0,CHOQUE,5.0,7.0,SUNDAY,0,0
LA LIBERTAD,PE-10A,58.0,DESPISTE,16.0,7.0,SUNDAY,0,0
LIMA,PE-1N,67.0,CHOQUE,21.0,7.0,SUNDAY,1,0
CAJAMARCA,PE-08B,96.0,DESPISTE,17.0,7.0,SUNDAY,0,0
CUSCO,PE-30C,101.0,DESPISTE,5.0,7.0,SUNDAY,0,0
PIURA,PE-1N,125.0,CHOQUE,18.0,7.0,SUNDAY,1,0
PASCO,PE-3N,137.0,DESPISTE,20.0,7.0,SUNDAY,1,0
CUSCO,PE-28B,185.0,CHOQUE,12.0,7.0,SUNDAY,0,0
MOQUEGUA,PE-1SD,212.0,DESPISTE,7.0,7.0,SUNDAY,0,0
ICA,PE-1S,223.0,DESPISTE,6.0,7.0,SUNDAY,0,0
AREQUIPA,PE-1S,605.0,DESPISTE,3.0,7.0,SUNDAY,0,0
TACNA,PE-1S,1225.0,DESPISTE,13.0,7.0,SUNDAY,0,0
TACNA,PE-1S,1271.0,ATROPELLO,4.0,7.0,SUNDAY,0,1
CAJAMARCA,PE-08B,8.0,CHOQUE,7.0,7.0,MONDAY,0,0
LA LIBERTAD,PE-08,24.0,DESPISTE,4.0,7.0,MONDAY,0,0
LAMBAYEQUE,PE-1NJ,51.0,ESPECIAL,19.0,7.0,MONDAY,1,0
JUNIN,PE-3N,57.0,CHOQUE,1.0,7.0,MONDAY,0,0
AREQUIPA,PE-34A,86.0,DESPISTE,4.0,7.0,MONDAY,0,0
LIMA,PE-22,100.0,CHOQUE,15.0,7.0,MONDAY,0,0
AREQUIPA,PE-34A,110.0,DESPISTE,7.0,7.0,MONDAY,0,0
LIMA,PE-22,112.0,CHOQUE,12.0,7.0,MONDAY,0,0
PASCO,PE-3N,138.0,CHOQUE,18.0,7.0,MONDAY,1,0
LA LIBERTAD,PE-10C,144.0,VOLCADURA,21.0,7.0,MONDAY,1,0
CUSCO,PE-3SG,243.0,DESPISTE,6.0,7.0,MONDAY,0,0
AYACUCHO,PE-3S,400.0,DESPISTE,11.0,7.0,MONDAY,0,0
LA LIBERTAD,PE-1N,476.0,DESPISTE,13.0,7.0,MONDAY,0,0
SAN MARTIN,PE-5N,557.0,CHOQUE,12.0,7.0,MONDAY,0,0
PUNO,PE-34B,4.0,DESPISTE,20.0,7.0,TUESDAY,1,0
CAJAMARCA,PE-5N,6.0,CHOQUE,23.0,7.0,TUESDAY,1,0
HUANUCO,HU-111,12.0,DESPISTE,3.0,7.0,TUESDAY,0,1
LIMA,PE-1S,38.0,CHOQUE,22.0,7.0,TUESDAY,1,0
JUNIN,PE-3N,43.0,DESPISTE,17.0,7.0,TUESDAY,0,0
LIMA,PE-22,45.0,CHOQUE,10.0,7.0,TUESDAY,0,0
JUNIN,PE-22B,59.0,CHOQUE,9.0,7.0,TUESDAY,0,0
LIMA,PE-1N,76.0,CHOQUE,20.0,7.0,TUESDAY,1,0
LIMA,PE-1S,85.0,DESPISTE,14.0,7.0,TUESDAY,0,0
LIMA,PE-20A,88.0,DESPISTE,15.0,7.0,TUESDAY,0,0
PASCO,PE-3N,100.0,DESPISTE,20.0,7.0,TUESDAY,1,0
ANCASH,PE-3N,141.0,DESPISTE,18.0,7.0,TUESDAY,1,0
PASCO,PE-3N,153.0,CHOQUE,5.0,7.0,TUESDAY,0,0
ICA,PE-1S,212.0,CHOQUE,10.0,7.0,TUESDAY,0,0
PUNO,PE-34A,337.0,ATROPELLO,20.0,7.0,TUESDAY,1,0
SAN MARTIN,PE-5N,570.0,DESPISTE,20.0,7.0,TUESDAY,1,0
APURIMAC,PE-3S,782.0,DESPISTE,15.0,7.0,TUESDAY,0,0
CUSCO,PE-3S,882.0,DESPISTE,9.0,7.0,TUESDAY,0,0
CUSCO,PE-3S,951.0,DESPISTE,18.0,7.0,TUESDAY,1,0
PUNO,PE-3S,1348.0,DESPISTE,15.0,7.0,TUESDAY,0,0
LORETO,LO-103,10.0,CHOQUE,1.0,7.0,WEDNESDAY,0,0
JUNIN,PE-3S,50.0,CHOQUE,10.0,7.0,WEDNESDAY,0,0
LIMA,PE-22,50.0,CHOQUE,17.0,7.0,WEDNESDAY,0,0
UCAYALI,PE-18C,55.0,CHOQUE,12.0,7.0,WEDNESDAY,0,0
LIMA,PE-22,63.0,DESPISTE,21.0,7.0,WEDNESDAY,1,0
LIMA,PE-1N,99.0,CHOQUE,5.0,7.0,WEDNESDAY,0,0
LIMA,PE-1N,198.0,CHOQUE,4.0,7.0,WEDNESDAY,0,0
ICA,PE-1S,212.0,CHOQUE,20.0,7.0,WEDNESDAY,1,0
ICA,PE-1S,238.0,DESPISTE,6.0,7.0,WEDNESDAY,0,0
AYACUCHO,PE-30A,245.0,DESPISTE,4.0,7.0,WEDNESDAY,0,0
ICA,PE-1S,272.0,DESPISTE,4.0,7.0,WEDNESDAY,0,0
MADRE DE DIOS,PE-30C,339.0,ATROPELLO,16.0,7.0,WEDNESDAY,0,1
SAN MARTIN,PE-5N,498.0,CHOQUE,19.0,7.0,WEDNESDAY,1,0
LA LIBERTAD,PE-1N,734.0,DESPISTE,11.0,7.0,WEDNESDAY,0,0
PIURA,PE-1N,892.0,DESPISTE,19.0,7.0,WEDNESDAY,1,0
PIURA,PE-1N,902.0,CHOQUE,3.0,7.0,WEDNESDAY,0,0
CUSCO,PE-28B,0.0,DESPISTE,20.0,7.0,THURSDAY,1,0
UCAYALI,PE-18C,12.0,CHOQUE,23.0,7.0,THURSDAY,1,0
AMAZONAS,PE-08C,27.0,DESPISTE,2.0,7.0,THURSDAY,0,0
AMAZONAS,PE-08C,27.0,CHOQUE,8.0,7.0,THURSDAY,0,0
LIMA,PE-1S,61.0,ESPECIAL,6.0,7.0,THURSDAY,0,0
AREQUIPA,PE-34A,62.0,DESPISTE,20.0,7.0,THURSDAY,1,0
LIMA,PE-22,77.0,DESPISTE,8.0,7.0,THURSDAY,0,0
LIMA,PE-22,100.0,CHOQUE,8.0,7.0,THURSDAY,0,0
APURIMAC,PE-30A,298.0,DESPISTE,19.0,7.0,THURSDAY,1,0
MADRE DE DIOS,PE-30C,325.0,ATROPELLO,21.0,7.0,THURSDAY,1,0
APURIMAC,PE-30A,343.0,ESPECIAL,9.0,7.0,THURSDAY,0,1
HUANUCO,PE-5N,483.0,CHOQUE,4.0,7.0,THURSDAY,0,1
LAMBAYEQUE,PE-1N,839.0,CHOQUE,22.0,7.0,THURSDAY,1,0
AREQUIPA,PE-1S,852.0,DESPISTE,23.0,7.0,THURSDAY,1,1
LIMA,PE-1NE,4.0,DESPISTE,19.0,7.0,FRIDAY,1,0
LIMA,PE-1NE,4.0,CHOQUE,21.0,7.0,FRIDAY,1,0
AREQUIPA,PE-34A,11.0,CHOQUE,10.0,7.0,FRIDAY,0,0
LIMA,PE-1S,13.0,CHOQUE,6.0,7.0,FRIDAY,0,0
PUNO,PE-3SG,24.0,CHOQUE,19.0,7.0,FRIDAY,1,1
AREQUIPA,PE-34E,27.0,DESPISTE,15.0,7.0,FRIDAY,0,0
AREQUIPA,PE-34J,40.0,CHOQUE,13.0,7.0,FRIDAY,0,0
LIMA,PE-1N,44.0,CHOQUE,20.0,7.0,FRIDAY,1,0
JUNIN,PE-3SB,80.0,CHOQUE,13.0,7.0,FRIDAY,0,0
PASCO,PE-3N,154.0,DESPISTE,6.0,7.0,FRIDAY,0,0
ANCASH,PE-3N,169.0,DESPISTE,21.0,7.0,FRIDAY,1,0
MADRE DE DIOS,PE-30C,421.0,CHOQUE,23.0,7.0,FRIDAY,1,0
ICA,PE-1S,442.0,DESPISTE,14.0,7.0,FRIDAY,0,0
APURIMAC,PE-3S,767.0,CHOQUE,12.0,7.0,FRIDAY,0,0
AREQUIPA,PE-1S,968.0,CHOQUE,21.0,7.0,FRIDAY,1,1
PIURA,PE-1N,1020.0,DESPISTE,16.0,7.0,FRIDAY,0,0
PIURA,PE-1N,1025.0,DESPISTE,11.0,7.0,FRIDAY,0,0
CUSCO,PE-3S,1099.0,DESPISTE,5.0,7.0,FRIDAY,0,0
AREQUIPA,AR-510,2.0,DESPISTE,9.0,7.0,SATURDAY,0,0
CAJAMARCA,PE-08B,10.0,CHOQUE,17.0,7.0,SATURDAY,0,0
CAJAMARCA,PE-08B,11.0,CHOQUE,6.0,7.0,SATURDAY,0,0
LIMA,PE-20A,33.0,CHOQUE,13.0,7.0,SATURDAY,0,1
JUNIN,PE-3N,57.0,CHOQUE,13.0,7.0,SATURDAY,0,1
CAJAMARCA,PE-08A,63.0,CHOQUE,21.0,7.0,SATURDAY,1,0
LIMA,PE-1S,79.0,DESPISTE,9.0,7.0,SATURDAY,0,0
LIMA,PE-1N,92.0,DESPISTE,17.0,7.0,SATURDAY,0,0
JUNIN,PE-5S,93.0,DESPISTE,6.0,7.0,SATURDAY,0,0
LIMA,PE-1N,116.0,DESPISTE,2.0,7.0,SATURDAY,0,0
JUNIN,PE-3S,133.0,DESPISTE,10.0,7.0,SATURDAY,0,0
HUANCAVELICA,PE-3S,161.0,CHOQUE,12.0,7.0,SATURDAY,0,0
PUNO,PE-34A,205.0,DESPISTE,8.0,7.0,SATURDAY,0,0
MADRE DE DIOS,PE-30C,407.0,CHOQUE,23.0,7.0,SATURDAY,1,0
ANCASH,PE-3N,572.0,DESPISTE,16.0,7.0,SATURDAY,0,0
AREQUIPA,PE-1S,583.0,DESPISTE,22.0,7.0,SATURDAY,1,0
AREQUIPA,PE-1S,603.0,DESPISTE,13.0,7.0,SATURDAY,0,0
AREQUIPA,PE-1S,609.0,CHOQUE,4.0,7.0,SATURDAY,0,0
SAN MARTIN,PE-5N,648.0,DESPISTE,11.0,7.0,SATURDAY,0,0
AREQUIPA,PE-1S,760.0,ESPECIAL,16.0,7.0,SATURDAY,0,0
AREQUIPA,PE-1S,917.0,CHOQUE,7.0,7.0,SATURDAY,0,0
PIURA,PE-1N,3.0,CHOQUE,20.0,7.0,SUNDAY,1,0
LORETO,LO-103,6.0,CHOQUE,21.0,7.0,SUNDAY,1,0
CAJAMARCA,PE-08A,61.0,CHOQUE,7.0,7.0,SUNDAY,0,0
LIMA,PE-1N,133.0,DESPISTE,11.0,7.0,SUNDAY,0,0
PIURA,PE-1NJ,229.0,CHOQUE,21.0,7.0,SUNDAY,1,0
ANCASH,PE-1N,237.0,DESPISTE,15.0,7.0,SUNDAY,0,0
ICA,PE-1S,289.0,DESPISTE,20.0,7.0,SUNDAY,1,0
ANCASH,PE-1N,396.0,DESPISTE,22.0,7.0,SUNDAY,1,0
ICA,PE-1S,453.0,CHOQUE,19.0,7.0,SUNDAY,1,0
SAN MARTIN,PE-5N,470.0,CHOQUE,19.0,7.0,SUNDAY,1,0
APURIMAC,PE-3S,765.0,DESPISTE,19.0,7.0,SUNDAY,1,0
CUSCO,PE-3S,936.0,DESPISTE,21.0,7.0,SUNDAY,1,0
PUNO,PE-3S,1420.0,CHOQUE,5.0,7.0,SUNDAY,0,0
ANCASH,PE-14,4.0,CHOQUE,6.0,7.0,MONDAY,0,0
JUNIN,PE-3S,5.0,DESPISTE,20.0,7.0,MONDAY,1,0
LIMA,PE-1NA,9.0,DESPISTE,14.0,7.0,MONDAY,0,0
LIMA,PE-1S,24.0,CHOQUE,16.0,7.0,MONDAY,0,0
LIMA,PE-1S,34.0,ATROPELLO,5.0,7.0,MONDAY,0,0
LIMA,PE-1S,46.0,DESPISTE,7.0,7.0,MONDAY,0,0
LAMBAYEQUE,PE-1NJ,47.0,CHOQUE,17.0,7.0,MONDAY,0,0
LIMA,PE-1S,50.0,DESPISTE,5.0,7.0,MONDAY,0,0
PIURA,PE-3N,66.0,DESPISTE,6.0,7.0,MONDAY,0,1
JUNIN,PE-22B,77.0,ATROPELLO,3.0,7.0,MONDAY,0,1
LIMA,PE-22,96.0,DESPISTE,11.0,7.0,MONDAY,0,0
LIMA,PE-22,106.0,DESPISTE,14.0,7.0,MONDAY,0,0
JUNIN,PE-3S,110.0,CHOQUE,7.0,7.0,MONDAY,0,0
AYACUCHO,PE-30A,145.0,DESPISTE,14.0,7.0,MONDAY,0,0
ICA,PE-1SE,194.0,CHOQUE,3.0,7.0,MONDAY,0,0
MADRE DE DIOS,PE-30C,402.0,ATROPELLO,18.0,7.0,MONDAY,1,0
LA LIBERTAD,PE-1N,722.0,DESPISTE,5.0,7.0,MONDAY,0,0
AREQUIPA,PE-1S,766.0,DESPISTE,11.0,7.0,MONDAY,0,0
CUSCO,PE-3S,932.0,CHOQUE,16.0,7.0,MONDAY,0,0
CUSCO,PE-3S,1000.0,CHOQUE,0.0,7.0,MONDAY,0,0
CAJAMARCA,PE-5N,6.0,CHOQUE,22.0,7.0,TUESDAY,1,0
LIMA,LM-117,30.0,CHOQUE,8.0,7.0,TUESDAY,0,0
PIURA,PE-02,36.0,DESPISTE,21.0,7.0,TUESDAY,1,0
LIMA,PE-1N,50.0,DESPISTE,7.0,7.0,TUESDAY,0,0
JUNIN,PE-3S,51.0,CHOQUE,5.0,7.0,TUESDAY,0,1
LIMA,PE-1S,78.0,DESPISTE,14.0,7.0,TUESDAY,0,0
LIMA,PE-22,96.0,DESPISTE,17.0,7.0,TUESDAY,0,0
LIMA,PE-1N,103.0,DESPISTE,22.0,7.0,TUESDAY,1,0
LIMA,PE-22,108.0,DESPISTE,15.0,7.0,TUESDAY,0,0
ANCASH,PE-3N,132.0,DESPISTE,5.0,7.0,TUESDAY,0,0
JUNIN,PE-22,153.0,DESPISTE,11.0,7.0,TUESDAY,0,0
JUNIN,PE-22,154.0,CHOQUE,5.0,7.0,TUESDAY,0,1
PUNO,PE-34A,208.0,DESPISTE,20.0,7.0,TUESDAY,1,0
PUNO,PE-34A,221.0,DESPISTE,9.0,7.0,TUESDAY,0,0
PUNO,PE-34A,287.0,CHOQUE,7.0,7.0,TUESDAY,0,0
ANCASH,PE-1N,347.0,DESPISTE,7.0,7.0,TUESDAY,0,0
ANCASH,PE-1N,357.0,ATROPELLO,3.0,7.0,TUESDAY,0,1
MOQUEGUA,PE-1S,1147.0,CHOQUE,20.0,7.0,TUESDAY,1,0
PUNO,PE-3S,1220.0,CHOQUE,20.0,7.0,TUESDAY,1,0
TACNA,PE-1S,1253.0,CHOQUE,18.0,7.0,TUESDAY,1,0
TACNA,PE-1S,1267.0,CHOQUE,18.0,7.0,TUESDAY,1,0
TACNA,PE-1S,1311.0,CHOQUE,17.0,7.0,TUESDAY,0,0
TACNA,PE-1S,1327.0,DESPISTE,0.0,7.0,TUESDAY,0,0
LORETO,LO-103,4.0,CHOQUE,22.0,7.0,WEDNESDAY,1,0
CAJAMARCA,PE-5N,7.0,CHOQUE,17.0,7.0,WEDNESDAY,0,0
ANCASH,PE-3N,12.0,DESPISTE,12.0,7.0,WEDNESDAY,0,0
JUNIN,PE-3N,15.0,CHOQUE,21.0,7.0,WEDNESDAY,1,0
JUNIN,PE-3N,16.0,DESPISTE,12.0,7.0,WEDNESDAY,0,1
CAJAMARCA,PE-3N,43.0,DESPISTE,11.0,7.0,WEDNESDAY,0,0
JUNIN,PE-3N,44.0,DESPISTE,6.0,7.0,WEDNESDAY,0,0
AREQUIPA,PE-34A,80.0,VOLCADURA,14.0,7.0,WEDNESDAY,0,0
LIMA,PE-22,102.0,CHOQUE,5.0,7.0,WEDNESDAY,0,0
CUSCO,PE-28B,117.0,CHOQUE,16.0,7.0,WEDNESDAY,0,0
AREQUIPA,PE-34A,121.0,DESPISTE,11.0,7.0,WEDNESDAY,0,0
LIMA,PE-22,128.0,DESPISTE,16.0,7.0,WEDNESDAY,0,0
ANCASH,PE-3N,137.0,DESPISTE,7.0,7.0,WEDNESDAY,0,0
ANCASH,PE-3N,148.0,DESPISTE,11.0,7.0,WEDNESDAY,0,0
AREQUIPA,PE-34A,156.0,CHOQUE,7.0,7.0,WEDNESDAY,0,0
CUSCO,PE-28B,166.0,CHOQUE,10.0,7.0,WEDNESDAY,0,0
CUSCO,PE-28B,227.0,CHOQUE,13.0,7.0,WEDNESDAY,0,0
ANCASH,PE-1N,342.0,CHOQUE,8.0,7.0,WEDNESDAY,0,0
ANCASH,PE-1N,403.0,VOLCADURA,12.0,7.0,WEDNESDAY,0,0
HUANUCO,PE-5N,483.0,CHOQUE,17.0,7.0,WEDNESDAY,0,0
MADRE DE DIOS,PE-30C,487.0,DESPISTE,12.0,7.0,WEDNESDAY,0,0
ANCASH,PE-3N,565.0,DESPISTE,5.0,7.0,WEDNESDAY,0,0
APURIMAC,PE-3S,818.0,DESPISTE,6.0,7.0,WEDNESDAY,0,0
AREQUIPA,PE-1S,921.0,DESPISTE,10.0,7.0,WEDNESDAY,0,0
MOQUEGUA,PE-1S,1155.0,CHOQUE,10.0,7.0,WEDNESDAY,0,0
LIMA,PE-16,,DESPISTE,11.0,7.0,WEDNESDAY,0,0
JUNIN,PE-3S,64.0,DESPISTE,8.0,7.0,THURSDAY,0,0
LIMA,PE-1N,64.0,CHOQUE,3.0,7.0,THURSDAY,0,0
AYACUCHO,PE-30A,77.0,DESPISTE,17.0,7.0,THURSDAY,0,0
LIMA,PE-1N,78.0,CHOQUE,19.0,7.0,THURSDAY,1,1
LIMA,PE-1S,87.0,CHOQUE,21.0,7.0,THURSDAY,1,0
AREQUIPA,PE-1SD,89.0,ESPECIAL,23.0,7.0,THURSDAY,1,0
APURIMAC,PE-30A,385.0,CHOQUE,6.0,7.0,THURSDAY,0,0
MADRE DE DIOS,PE-30C,422.0,CHOQUE,9.0,7.0,THURSDAY,0,0
SAN MARTIN,PE-5N,496.0,CHOQUE,6.0,7.0,THURSDAY,0,0
APURIMAC,PE-3S,769.0,CHOQUE,20.0,7.0,THURSDAY,1,0
APURIMAC,PE-3S,839.0,CHOQUE,9.0,7.0,THURSDAY,0,0
PIURA,PE-1N,1006.0,CHOQUE,6.0,7.0,THURSDAY,0,1
AREQUIPA,PE-1SD,10.0,CHOQUE,7.0,7.0,FRIDAY,0,0
MOQUEGUA,PE-1SD,27.0,CHOQUE,19.0,7.0,FRIDAY,1,0
LAMBAYEQUE,PE-1NJ,43.0,ATROPELLO,17.0,7.0,FRIDAY,0,1
LAMBAYEQUE,PE-1NJ,46.0,CHOQUE,9.0,7.0,FRIDAY,0,0
CAJAMARCA,PE-06A,84.0,DESPISTE,4.0,7.0,FRIDAY,0,0
CAJAMARCA,PE-3N,88.0,DESPISTE,18.0,7.0,FRIDAY,1,0
PIURA,PE-1N,89.0,DESPISTE,6.0,7.0,FRIDAY,0,0
AMAZONAS,PE-5N,367.0,DESPISTE,13.0,7.0,FRIDAY,0,0
LA LIBERTAD,PE-1N,557.0,CHOQUE,3.0,7.0,FRIDAY,0,0
JUNIN,PE-3N,1.0,DESPISTE,15.0,7.0,SATURDAY,0,0
AREQUIPA,AR-105,47.0,DESPISTE,22.0,7.0,SATURDAY,1,0
LAMBAYEQUE,PE-1NJ,55.0,CHOQUE,16.0,7.0,SATURDAY,0,0
JUNIN,PE-3S,64.0,CHOQUE,14.0,7.0,SATURDAY,0,0
HUANUCO,PE-18A,125.0,CHOQUE,6.0,7.0,SATURDAY,0,0
LIMA,PE-1N,140.0,DESPISTE,17.0,7.0,SATURDAY,0,0
AREQUIPA,PE-34A,171.0,DESPISTE,4.0,7.0,SATURDAY,0,0
ANCASH,PE-1N,292.0,CHOQUE,1.0,7.0,SATURDAY,0,0
MADRE DE DIOS,PE-30C,324.0,CHOQUE,20.0,7.0,SATURDAY,1,0
ICA,PE-1S,358.0,CHOQUE,16.0,7.0,SATURDAY,0,0
LA LIBERTAD,PE-1N,680.0,CHOQUE,13.0,7.0,SATURDAY,0,1
LAMBAYEQUE,PE-1N,812.0,ATROPELLO,1.0,7.0,SATURDAY,0,0
PIURA,PE-1N,3.0,ATROPELLO,16.0,8.0,SUNDAY,0,1
AREQUIPA,AR-109,6.0,CHOQUE,17.0,8.0,SUNDAY,0,0
CAJAMARCA,PE-3N,9.0,DESPISTE,7.0,8.0,SUNDAY,0,0
CAJAMARCA,PE-5N,13.0,DESPISTE,17.0,8.0,SUNDAY,0,0
LIMA,PE-1S,28.0,DESPISTE,6.0,8.0,SUNDAY,0,0
LORETO,LO-103,37.0,ATROPELLO,3.0,8.0,SUNDAY,0,0
AREQUIPA,AR-109,44.0,DESPISTE,14.0,8.0,SUNDAY,0,0
CAJAMARCA,PE-08,56.0,DESPISTE,13.0,8.0,SUNDAY,0,1
JUNIN,PE-3N,56.0,DESPISTE,11.0,8.0,SUNDAY,0,0
UCAYALI,PE-18C,58.0,DESPISTE,6.0,8.0,SUNDAY,0,1
CAJAMARCA,PE-08,58.0,CHOQUE,18.0,8.0,SUNDAY,1,0
LAMBAYEQUE,PE-1NJ,66.0,CHOQUE,17.0,8.0,SUNDAY,0,0
JUNIN,PE-3N,71.0,DESPISTE,12.0,8.0,SUNDAY,0,0
JUNIN,PE-3N,72.0,CHOQUE,16.0,8.0,SUNDAY,0,0
JUNIN,PE-3S,76.0,DESPISTE,23.0,8.0,SUNDAY,1,0
LIMA,PE-22,80.0,CHOQUE,17.0,8.0,SUNDAY,0,0
JUNIN,PE-5S,83.0,DESPISTE,22.0,8.0,SUNDAY,1,0
LIMA,PE-1S,98.0,CHOQUE,12.0,8.0,SUNDAY,0,0
LIMA,PE-22,106.0,DESPISTE,15.0,8.0,SUNDAY,0,0
JUNIN,PE-3SB,115.0,CHOQUE,15.0,8.0,SUNDAY,0,0
CAJAMARCA,PE-08B,126.0,DESPISTE,6.0,8.0,SUNDAY,0,0
LIMA,PE-22,130.0,CHOQUE,6.0,8.0,SUNDAY,0,0
PASCO,PE-3N,138.0,CHOQUE,17.0,8.0,SUNDAY,0,0
ANCASH,PE-3N,152.0,CHOQUE,5.0,8.0,SUNDAY,0,0
HUANCAVELICA,PE-3S,162.0,CHOQUE,18.0,8.0,SUNDAY,1,0
CUSCO,PE-28B,177.0,CHOQUE,11.0,8.0,SUNDAY,0,0
ICA,PE-1S,245.0,CHOQUE,20.0,8.0,SUNDAY,1,0
MADRE DE DIOS,PE-30C,276.0,CHOQUE,17.0,8.0,SUNDAY,0,0
MADRE DE DIOS,PE-30C,324.0,ATROPELLO,0.0,8.0,SUNDAY,0,0
UCAYALI,PE-5N,355.0,CHOQUE,17.0,8.0,SUNDAY,0,0
ANCASH,PE-1N,409.0,DESPISTE,10.0,8.0,SUNDAY,0,0
SAN MARTIN,PE-5N,492.0,CHOQUE,22.0,8.0,SUNDAY,1,0
SAN MARTIN,PE-5N,630.0,CHOQUE,22.0,8.0,SUNDAY,1,0
LAMBAYEQUE,PE-1N,812.0,ATROPELLO,1.0,8.0,SUNDAY,0,1
PIURA,PE-1N,906.0,DESPISTE,12.0,8.0,SUNDAY,0,0
AREQUIPA,PE-1S,973.0,CHOQUE,19.0,8.0,SUNDAY,1,0
AREQUIPA,PE-34,8.0,DESPISTE,13.0,8.0,MONDAY,0,0
LIMA,PE-22,14.0,CHOQUE,7.0,8.0,MONDAY,0,0
LIMA,PE-1S,50.0,DESPISTE,17.0,8.0,MONDAY,0,1
CAJAMARCA,PE-08,56.0,DESPISTE,1.0,8.0,MONDAY,0,0
HUANUCO,PE-5N,62.0,CHOQUE,18.0,8.0,MONDAY,1,0
LIMA,PE-1N,74.0,CHOQUE,10.0,8.0,MONDAY,0,0
LIMA,PE-1N,80.0,CHOQUE,5.0,8.0,MONDAY,0,1
AREQUIPA,PE-34A,84.0,DESPISTE,16.0,8.0,MONDAY,0,0
LIMA,PE-22,106.0,DESPISTE,22.0,8.0,MONDAY,1,0
LIMA,PE-1S,109.0,CHOQUE,0.0,8.0,MONDAY,0,0
JUNIN,PE-3SB,112.0,CHOQUE,18.0,8.0,MONDAY,1,0
HUANUCO,PE-18A,117.0,DESPISTE,22.0,8.0,MONDAY,1,0
AREQUIPA,PE-34A,128.0,CHOQUE,9.0,8.0,MONDAY,0,0
PUNO,PE-34B,170.0,DESPISTE,10.0,8.0,MONDAY,0,1
CAJAMARCA,PE-5N,193.0,CHOQUE,11.0,8.0,MONDAY,0,0
LIMA,PE-1N,207.0,DESPISTE,17.0,8.0,MONDAY,0,0
MOQUEGUA,PE-1SD,209.0,DESPISTE,7.0,8.0,MONDAY,0,0
MADRE DE DIOS,PE-30C,385.0,CHOQUE,21.0,8.0,MONDAY,1,0
AREQUIPA,PE-1S,655.0,CHOQUE,13.0,8.0,MONDAY,0,0
LA LIBERTAD,PE-1N,725.0,DESPISTE,20.0,8.0,MONDAY,1,0
PIURA,PE-1N,1022.0,CHOQUE,7.0,8.0,MONDAY,0,1
PIURA,PE-1NL,1081.0,CHOQUE,7.0,8.0,MONDAY,0,0
PIURA,PE-1NL,1121.0,VOLCADURA,20.0,8.0,MONDAY,1,0
MOQUEGUA,PE-1S,1152.0,DESPISTE,19.0,8.0,MONDAY,1,0
PIURA,PE-02A,4.0,DESPISTE,7.0,8.0,TUESDAY,0,0
LIMA,PE-22,87.0,DESPISTE,3.0,8.0,TUESDAY,0,0
HUANUCO,PE-18A,105.0,DESPISTE,5.0,8.0,TUESDAY,0,0
ANCASH,PE-3N,135.0,CHOQUE,19.0,8.0,TUESDAY,1,0
UCAYALI,PE-5N,145.0,DESPISTE,13.0,8.0,TUESDAY,0,0
JUNIN,PE-22,153.0,DESPISTE,15.0,8.0,TUESDAY,0,0
LIMA,PE-1N,158.0,CHOQUE,7.0,8.0,TUESDAY,0,0
CUSCO,PE-28B,166.0,CHOQUE,17.0,8.0,TUESDAY,0,0
PUNO,PE-34A,234.0,DESPISTE,12.0,8.0,TUESDAY,0,0
PUNO,PE-34A,242.0,DESPISTE,13.0,8.0,TUESDAY,0,0
ICA,PE-1S,280.0,DESPISTE,19.0,8.0,TUESDAY,1,0
MADRE DE DIOS,PE-30C,291.0,CHOQUE,21.0,8.0,TUESDAY,1,0
ANCASH,PE-1N,375.0,CHOQUE,18.0,8.0,TUESDAY,1,0
SAN MARTIN,PE-5N,420.0,CHOQUE,22.0,8.0,TUESDAY,1,0
SAN MARTIN,PE-5N,642.0,DESPISTE,10.0,8.0,TUESDAY,0,0
CUSCO,PE-3S,889.0,DESPISTE,17.0,8.0,TUESDAY,0,0
PIURA,PE-1N,891.0,DESPISTE,8.0,8.0,TUESDAY,0,0
TACNA,PE-1S,1280.0,DESPISTE,17.0,8.0,TUESDAY,0,0
AREQUIPA,AR-106,0.0,VOLCADURA,4.0,8.0,WEDNESDAY,0,0
PUNO,PE-3SG,3.0,CHOQUE,18.0,8.0,WEDNESDAY,1,0
PUNO,PE-34B,10.0,CHOQUE,10.0,8.0,WEDNESDAY,0,0
LIMA,PE-1N,70.0,DESPISTE,10.0,8.0,WEDNESDAY,0,0
LIMA,PE-1N,77.0,CHOQUE,7.0,8.0,WEDNESDAY,0,0
PIURA,PE-1N,86.0,CHOQUE,17.0,8.0,WEDNESDAY,0,0
LIMA,PE-22,108.0,DESPISTE,22.0,8.0,WEDNESDAY,1,0
MOQUEGUA,PE-36A,124.0,DESPISTE,4.0,8.0,WEDNESDAY,0,0
UCAYALI,PE-18C,147.0,CHOQUE,19.0,8.0,WEDNESDAY,1,0
AREQUIPA,PE-34A,153.0,CHOQUE,8.0,8.0,WEDNESDAY,0,0
AREQUIPA,PE-34A,153.0,CHOQUE,8.0,8.0,WEDNESDAY,0,0
HUANCAVELICA,PE-28A,161.0,DESPISTE,23.0,8.0,WEDNESDAY,1,0
AREQUIPA,PE-34A,168.0,CHOQUE,5.0,8.0,WEDNESDAY,0,0
HUANUCO,PE-3N,240.0,DESPISTE,20.0,8.0,WEDNESDAY,1,0
SAN MARTIN,PE-5N,406.0,ESPECIAL,17.0,8.0,WEDNESDAY,0,0
LAMBAYEQUE,PE-1N,861.0,CHOQUE,6.0,8.0,WEDNESDAY,0,1
MOQUEGUA,PE-1S,1153.0,CHOQUE,11.0,8.0,WEDNESDAY,0,0
MOQUEGUA,PE-36A,40.0,DESPISTE,7.0,8.0,THURSDAY,0,0
ANCASH,PE-16,120.0,CHOQUE,20.0,8.0,THURSDAY,1,1
LIMA,PE-1S,141.0,DESPISTE,10.0,8.0,THURSDAY,0,0
PASCO,PE-5N,153.0,CHOQUE,20.0,8.0,THURSDAY,1,0
ICA,PE-1S,186.0,DESPISTE,11.0,8.0,THURSDAY,0,0
TUMBES,PE-1N,268.0,CHOQUE,9.0,8.0,THURSDAY,0,0
AMAZONAS,PE-08B,317.0,CHOQUE,19.0,8.0,THURSDAY,1,0
APURIMAC,PE-30A,395.0,DESPISTE,10.0,8.0,THURSDAY,0,0
LA LIBERTAD,PE-1N,575.0,ATROPELLO,19.0,8.0,THURSDAY,1,1
LAMBAYEQUE,PE-1N,863.0,CHOQUE,9.0,8.0,THURSDAY,0,0
AREQUIPA,PE-34C,2.0,DESPISTE,14.0,8.0,FRIDAY,0,0
LIMA,PE-16,24.0,CHOQUE,12.0,8.0,FRIDAY,0,1
MOQUEGUA,PE-1SD,27.0,CHOQUE,20.0,8.0,FRIDAY,1,0
JUNIN,PE-3N,28.0,DESPISTE,13.0,8.0,FRIDAY,0,0
LIMA,PE-22,53.0,DESPISTE,4.0,8.0,FRIDAY,0,0
JUNIN,PE-3N,80.0,DESPISTE,6.0,8.0,FRIDAY,0,1
CUSCO,PE-28B,82.0,CHOQUE,11.0,8.0,FRIDAY,0,1
AREQUIPA,PE-34A,136.0,CHOQUE,11.0,8.0,FRIDAY,0,0
ICA,PE-1S,198.0,CHOQUE,19.0,8.0,FRIDAY,1,0
ANCASH,PE-1N,240.0,DESPISTE,5.0,8.0,FRIDAY,0,1
APURIMAC,PE-30A,349.0,CHOQUE,16.0,8.0,FRIDAY,0,0
HUANUCO,PE-5N,499.0,CHOQUE,10.0,8.0,FRIDAY,0,0
CUSCO,PE-3S,1093.0,ATROPELLO,14.0,8.0,FRIDAY,0,0
MOQUEGUA,PE-1S,1114.0,DESPISTE,15.0,8.0,FRIDAY,0,0
PUNO,PE-3S,1368.0,CHOQUE,20.0,8.0,FRIDAY,1,0
AMAZONAS,PE-5NC,3.0,CHOQUE,14.0,8.0,SATURDAY,0,1
CAJAMARCA,PE-5N,25.0,DESPISTE,21.0,8.0,SATURDAY,1,0
LIMA,PE-1S,36.0,CHOQUE,19.0,8.0,SATURDAY,1,0
LIMA,PE-1N,59.0,DESPISTE,9.0,8.0,SATURDAY,0,0
AREQUIPA,AR-109,62.0,DESPISTE,17.0,8.0,SATURDAY,0,0
LIMA,PE-1S,73.0,CHOQUE,16.0,8.0,SATURDAY,0,0
LIMA,PE-1N,86.0,CHOQUE,10.0,8.0,SATURDAY,0,0
ICA,PE-1S,192.0,DESPISTE,13.0,8.0,SATURDAY,0,0
HUANUCO,PE-3N,199.0,VOLCADURA,13.0,8.0,SATURDAY,0,0
AMAZONAS,PE-5N,213.0,CHOQUE,9.0,8.0,SATURDAY,0,1
ANCASH,PE-1N,330.0,DESPISTE,4.0,8.0,SATURDAY,0,0
ANCASH,PE-1N,344.0,DESPISTE,6.0,8.0,SATURDAY,0,0
SAN MARTIN,PE-5N,401.0,DESPISTE,11.0,8.0,SATURDAY,0,0
MADRE DE DIOS,PE-30C,416.0,CHOQUE,21.0,8.0,SATURDAY,1,0
APURIMAC,PE-30A,423.0,CHOQUE,7.0,8.0,SATURDAY,0,0
ICA,PE-1S,468.0,CHOQUE,19.0,8.0,SATURDAY,1,0
AREQUIPA,PE-1S,509.0,CHOQUE,20.0,8.0,SATURDAY,1,0
AREQUIPA,PE-1S,553.0,DESPISTE,14.0,8.0,SATURDAY,0,1
ANCASH,PE-3N,598.0,CHOQUE,6.0,8.0,SATURDAY,0,0
ANCASH,PE-3N,613.0,CHOQUE,18.0,8.0,SATURDAY,1,0
AREQUIPA,PE-1S,704.0,CHOQUE,19.0,8.0,SATURDAY,1,0
LA LIBERTAD,PE-1N,721.0,DESPISTE,3.0,8.0,SATURDAY,0,0
LAMBAYEQUE,PE-1N,827.0,CHOQUE,3.0,8.0,SATURDAY,0,0
LAMBAYEQUE,PE-1N,857.0,CHOQUE,21.0,8.0,SATURDAY,1,0
CUSCO,PE-3S,1020.0,DESPISTE,20.0,8.0,SATURDAY,1,0
CAJAMARCA,PE-3N,4.0,DESPISTE,17.0,8.0,SUNDAY,0,0
PUNO,PE-34H,14.0,CHOQUE,21.0,8.0,SUNDAY,1,0
CUSCO,PE-28F,40.0,DESPISTE,14.0,8.0,SUNDAY,0,0
LIMA,PE-1S,56.0,ATROPELLO,19.0,8.0,SUNDAY,1,0
LAMBAYEQUE,PE-1NJ,67.0,CHOQUE,15.0,8.0,SUNDAY,0,0
LIMA,PE-1S,69.0,CHOQUE,21.0,8.0,SUNDAY,1,0
HUANUCO,PE-18A,70.0,DESPISTE,13.0,8.0,SUNDAY,0,0
LIMA,PE-1N,74.0,CHOQUE,8.0,8.0,SUNDAY,0,0
AREQUIPA,PE-34A,82.0,DESPISTE,5.0,8.0,SUNDAY,0,0
LIMA,PE-1S,91.0,DESPISTE,2.0,8.0,SUNDAY,0,0
CAJAMARCA,PE-08,110.0,DESPISTE,20.0,8.0,SUNDAY,1,0
AREQUIPA,PE-34A,121.0,CHOQUE,7.0,8.0,SUNDAY,0,0
PASCO,PE-3N,149.0,DESPISTE,0.0,8.0,SUNDAY,0,0
CAJAMARCA,PE-08,158.0,CHOQUE,22.0,8.0,SUNDAY,1,0
AREQUIPA,PE-34A,179.0,DESPISTE,19.0,8.0,SUNDAY,1,0
PIURA,PE-1NJ,181.0,CHOQUE,5.0,8.0,SUNDAY,0,0
SAN MARTIN,PE-5N,590.0,CHOQUE,23.0,8.0,SUNDAY,1,1
AREQUIPA,PE-1S,609.0,DESPISTE,9.0,8.0,SUNDAY,0,0
ANCASH,PE-3N,643.0,CHOQUE,21.0,8.0,SUNDAY,1,0
LAMBAYEQUE,PE-1N,856.0,DESPISTE,7.0,8.0,SUNDAY,0,0
LAMBAYEQUE,PE-1N,876.0,DESPISTE,9.0,8.0,SUNDAY,0,0
MOQUEGUA,PE-1S,1190.0,CHOQUE,17.0,8.0,SUNDAY,0,0
LIMA,PE-1N,4.0,DESPISTE,17.0,8.0,MONDAY,0,0
JUNIN,PE-3S,30.0,CHOQUE,14.0,8.0,MONDAY,0,0
LAMBAYEQUE,PE-1NJ,47.0,CHOQUE,19.0,8.0,MONDAY,1,0
LIMA,PE-1N,57.0,DESPISTE,8.0,8.0,MONDAY,0,0
LIMA,PE-1S,71.0,DESPISTE,17.0,8.0,MONDAY,0,0
JUNIN,PE-3N,72.0,CHOQUE,12.0,8.0,MONDAY,0,0
LIMA,PE-22,74.0,CHOQUE,16.0,8.0,MONDAY,0,0
CAJAMARCA,PE-3N,75.0,DESPISTE,14.0,8.0,MONDAY,0,0
ANCASH,PE-16,85.0,DESPISTE,8.0,8.0,MONDAY,0,0
PASCO,PE-3N,90.0,CHOQUE,10.0,8.0,MONDAY,0,0
PASCO,PE-3N,90.0,CHOQUE,10.0,8.0,MONDAY,0,0
PUNO,PE-34B,138.0,ATROPELLO,19.0,8.0,MONDAY,1,1
JUNIN,PE-22,141.0,CHOQUE,14.0,8.0,MONDAY,0,0
CAJAMARCA,PE-08,163.0,DESPISTE,18.0,8.0,MONDAY,1,0
PUNO,PE-34A,206.0,DESPISTE,12.0,8.0,MONDAY,0,0
MOQUEGUA,PE-1SD,210.0,DESPISTE,6.0,8.0,MONDAY,0,0
ANCASH,PE-1N,353.0,DESPISTE,12.0,8.0,MONDAY,0,0
AMAZONAS,PE-08B,393.0,CHOQUE,16.0,8.0,MONDAY,0,1
ICA,PE-1S,465.0,CHOQUE,21.0,8.0,MONDAY,1,1
SAN MARTIN,PE-5N,531.0,DESPISTE,8.0,8.0,MONDAY,0,0
ANCASH,PE-3N,598.0,VOLCADURA,6.0,8.0,MONDAY,0,0
AREQUIPA,PE-1S,1034.0,CHOQUE,8.0,8.0,MONDAY,0,0
HUANCAVELICA,PE-3SD,2.0,DESPISTE,15.0,8.0,TUESDAY,0,0
CALLAO,PE-20,6.0,CHOQUE,11.0,8.0,TUESDAY,0,0
JUNIN,PE-3S,29.0,CHOQUE,10.0,8.0,TUESDAY,0,0
LIMA,PE-1N,53.0,DESPISTE,8.0,8.0,TUESDAY,0,0
LIMA,PE-22,56.0,DESPISTE,19.0,8.0,TUESDAY,1,0
AREQUIPA,PE-34A,69.0,CHOQUE,13.0,8.0,TUESDAY,0,0
JUNIN,PE-5S,80.0,CHOQUE,19.0,8.0,TUESDAY,1,0
LIMA,PE-1S,104.0,DESPISTE,1.0,8.0,TUESDAY,0,0
AREQUIPA,PE-34A,121.0,CHOQUE,14.0,8.0,TUESDAY,0,1
ICA,PE-1S,199.0,CHOQUE,14.0,8.0,TUESDAY,0,0
PUNO,PE-34A,227.0,DESPISTE,15.0,8.0,TUESDAY,0,0
PUNO,PE-34A,285.0,CHOQUE,5.0,8.0,TUESDAY,0,0
ANCASH,PE-1N,298.0,CHOQUE,8.0,8.0,TUESDAY,0,0
MADRE DE DIOS,PE-30C,322.0,CHOQUE,15.0,8.0,TUESDAY,0,0
APURIMAC,PE-30A,334.0,DESPISTE,20.0,8.0,TUESDAY,1,0
AMAZONAS,PE-5N,365.0,CHOQUE,15.0,8.0,TUESDAY,0,0
APURIMAC,PE-30A,367.0,DESPISTE,10.0,8.0,TUESDAY,0,0
MADRE DE DIOS,PE-30C,390.0,CHOQUE,6.0,8.0,TUESDAY,0,0
ANCASH,PE-1N,399.0,CHOQUE,19.0,8.0,TUESDAY,1,0
AREQUIPA,PE-1S,883.0,CHOQUE,12.0,8.0,TUESDAY,0,1
CUSCO,PE-3S,1020.0,DESPISTE,3.0,8.0,TUESDAY,0,0
PUNO,PE-3S,1353.0,CHOQUE,3.0,8.0,TUESDAY,0,0
SAN MARTIN,PE-5NB,12.0,CHOQUE,15.0,8.0,WEDNESDAY,0,0
LIMA,PE-1NA,59.0,CHOQUE,8.0,8.0,WEDNESDAY,0,0
JUNIN,PE-5S,76.0,DESPISTE,6.0,8.0,WEDNESDAY,0,0
LIMA,PE-1N,80.0,CHOQUE,20.0,8.0,WEDNESDAY,1,0
JUNIN,PE-22B,102.0,ATROPELLO,10.0,8.0,WEDNESDAY,0,0
LIMA,PE-1S,114.0,DESPISTE,7.0,8.0,WEDNESDAY,0,0
AREQUIPA,PE-34A,121.0,CHOQUE,19.0,8.0,WEDNESDAY,1,0
AMAZONAS,PE-5N,287.0,DESPISTE,18.0,8.0,WEDNESDAY,1,0
AMAZONAS,PE-5N,297.0,DESPISTE,10.0,8.0,WEDNESDAY,0,0
AMAZONAS,PE-08B,321.0,CHOQUE,11.0,8.0,WEDNESDAY,0,0
PIURA,PE-1NL,1045.0,CHOQUE,9.0,8.0,WEDNESDAY,0,0
TACNA,PE-1S,1249.0,DESPISTE,17.0,8.0,WEDNESDAY,0,0
ANCASH,PE-3N,4.0,CHOQUE,23.0,8.0,THURSDAY,1,0
LIMA,PE-16,31.0,ATROPELLO,1.0,8.0,THURSDAY,0,1
AREQUIPA,PE-34A,68.0,CHOQUE,19.0,8.0,THURSDAY,1,0
JUNIN,PE-22B,102.0,DESPISTE,22.0,8.0,THURSDAY,1,0
JUNIN,PE-22B,102.0,CHOQUE,6.0,8.0,THURSDAY,0,0
PIURA,PE-1NJ,222.0,DESPISTE,19.0,8.0,THURSDAY,1,0
MADRE DE DIOS,PE-30C,271.0,CHOQUE,8.0,8.0,THURSDAY,0,0
ANCASH,PE-1N,331.0,CHOQUE,2.0,8.0,THURSDAY,0,1
SAN MARTIN,PE-5N,576.0,CHOQUE,12.0,8.0,THURSDAY,0,0
JUNIN,PE-3S,31.0,ESPECIAL,5.0,8.0,FRIDAY,0,0
JUNIN,PE-3N,34.0,DESPISTE,5.0,8.0,FRIDAY,0,0
LIMA,PE-22,47.0,DESPISTE,21.0,8.0,FRIDAY,1,0
AREQUIPA,AR-105,50.0,DESPISTE,11.0,8.0,FRIDAY,0,0
JUNIN,PE-3S,52.0,CHOQUE,11.0,8.0,FRIDAY,0,0
JUNIN,PE-3N,53.0,CHOQUE,14.0,8.0,FRIDAY,0,0
LIMA,PE-1S,80.0,DESPISTE,6.0,8.0,FRIDAY,0,0
AREQUIPA,PE-34A,84.0,DESPISTE,23.0,8.0,FRIDAY,1,0
PUNO,PE-34A,278.0,CHOQUE,16.0,8.0,FRIDAY,0,0
ICA,PE-1S,280.0,DESPISTE,21.0,8.0,FRIDAY,1,0
ANCASH,PE-1N,349.0,DESPISTE,8.0,8.0,FRIDAY,0,0
SAN MARTIN,PE-5N,385.0,DESPISTE,4.0,8.0,FRIDAY,0,1
ANCASH,PE-1N,436.0,CHOQUE,8.0,8.0,FRIDAY,0,0
LA LIBERTAD,PE-1N,450.0,CHOQUE,19.0,8.0,FRIDAY,1,1
HUANUCO,PE-5N,462.0,DESPISTE,14.0,8.0,FRIDAY,0,0
LA LIBERTAD,PE-1N,532.0,CHOQUE,19.0,8.0,FRIDAY,1,0
LA LIBERTAD,PE-1N,731.0,CHOQUE,21.0,8.0,FRIDAY,1,0
PUNO,PE-3SG,2.0,CHOQUE,21.0,8.0,SATURDAY,1,0
UCAYALI,PE-18C,4.0,CHOQUE,17.0,8.0,SATURDAY,0,0
LIMA,PE-20A,5.0,CHOQUE,17.0,8.0,SATURDAY,0,0
AREQUIPA,PE-34J,9.0,DESPISTE,8.0,8.0,SATURDAY,0,1
LIMA,PE-1S,61.0,CHOQUE,1.0,8.0,SATURDAY,0,0
LIMA,PE-1S,73.0,CHOQUE,0.0,8.0,SATURDAY,0,0
LIMA,PE-1S,104.0,ATROPELLO,2.0,8.0,SATURDAY,0,0
AYACUCHO,PE-28B,137.0,CHOQUE,11.0,8.0,SATURDAY,0,0
AYACUCHO,PE-28A,232.0,DESPISTE,6.0,8.0,SATURDAY,0,1
PUNO,PE-34A,244.0,DESPISTE,6.0,8.0,SATURDAY,0,0
PUNO,PE-36A,275.0,ATROPELLO,6.0,8.0,SATURDAY,0,1
ANCASH,PE-1N,352.0,CHOQUE,6.0,8.0,SATURDAY,0,0
AREQUIPA,PE-1S,593.0,VOLCADURA,2.0,8.0,SATURDAY,0,0
PIURA,PE-1N,1010.0,CHOQUE,10.0,8.0,SATURDAY,0,1
PIURA,PE-1NL,1089.0,CHOQUE,8.0,8.0,SATURDAY,0,0
CUSCO,PE-3S,1107.0,CHOQUE,6.0,8.0,SATURDAY,0,0
JUNIN,PE-5N,5.0,CHOQUE,17.0,8.0,SUNDAY,0,0
AMAZONAS,PE-08C,12.0,CHOQUE,18.0,8.0,SUNDAY,1,0
LAMBAYEQUE,PE-06A,27.0,DESPISTE,10.0,8.0,SUNDAY,0,0
LAMBAYEQUE,PE-06A,48.0,DESPISTE,20.0,8.0,SUNDAY,1,0
LIMA,PE-1S,63.0,CHOQUE,12.0,8.0,SUNDAY,0,0
LIMA,PE-22,81.0,DESPISTE,8.0,8.0,SUNDAY,0,0
AREQUIPA,PE-34A,101.0,CHOQUE,6.0,8.0,SUNDAY,0,1
LIMA,PE-22,112.0,DESPISTE,18.0,8.0,SUNDAY,1,0
LIMA,PE-1S,116.0,DESPISTE,20.0,8.0,SUNDAY,1,0
LIMA,PE-1N,127.0,DESPISTE,15.0,8.0,SUNDAY,0,0
AREQUIPA,PE-34A,128.0,DESPISTE,4.0,8.0,SUNDAY,0,0
ICA,PE-1S,240.0,ESPECIAL,22.0,8.0,SUNDAY,1,0
PUNO,PE-34A,257.0,DESPISTE,6.0,8.0,SUNDAY,0,0
AMAZONAS,PE-08B,322.0,DESPISTE,10.0,8.0,SUNDAY,0,0
APURIMAC,PE-30A,410.0,DESPISTE,12.0,8.0,SUNDAY,0,1
MADRE DE DIOS,PE-30C,422.0,DESPISTE,6.0,8.0,SUNDAY,0,0
MADRE DE DIOS,PE-30C,432.0,DESPISTE,10.0,8.0,SUNDAY,0,0
ICA,PE-1S,447.0,CHOQUE,12.0,8.0,SUNDAY,0,0
LA LIBERTAD,PE-1N,599.0,CHOQUE,12.0,8.0,SUNDAY,0,1
AREQUIPA,PE-1S,609.0,DESPISTE,21.0,8.0,SUNDAY,1,0
SAN MARTIN,PE-5N,752.0,CHOQUE,22.0,8.0,SUNDAY,1,0
AMAZONAS,AM-518,0.0,DESPISTE,7.0,8.0,MONDAY,0,0
PIURA,PE-1N,3.0,ATROPELLO,21.0,8.0,MONDAY,1,1
CAJAMARCA,PE-08B,3.0,CHOQUE,18.0,8.0,MONDAY,1,0
PIURA,PE-1N,25.0,CHOQUE,17.0,8.0,MONDAY,0,1
LIMA,PE-1S,29.0,CHOQUE,10.0,8.0,MONDAY,0,0
MOQUEGUA,PE-36,34.0,DESPISTE,7.0,8.0,MONDAY,0,0
UCAYALI,PE-18C,54.0,DESPISTE,19.0,8.0,MONDAY,1,0
UCAYALI,PE-5N,87.0,CHOQUE,8.0,8.0,MONDAY,0,0
LIMA,PE-22,104.0,CHOQUE,4.0,8.0,MONDAY,0,0
LIMA,PE-1S,106.0,DESPISTE,0.0,8.0,MONDAY,0,0
JUNIN,PE-3SB,107.0,CHOQUE,11.0,8.0,MONDAY,0,0
HUANUCO,PE-3N,189.0,CHOQUE,4.0,8.0,MONDAY,0,0
ICA,PE-1S,245.0,CHOQUE,6.0,8.0,MONDAY,0,0
HUANUCO,PE-14A,431.0,DESPISTE,15.0,8.0,MONDAY,0,0
PUNO,PE-3S,1291.0,VOLCADURA,17.0,8.0,MONDAY,0,0
AREQUIPA,PE-34A,2.0,CHOQUE,20.0,8.0,TUESDAY,1,0
LIMA,PE-22,79.0,CHOQUE,11.0,8.0,TUESDAY,0,0
LIMA,PE-1N,103.0,DESPISTE,7.0,8.0,TUESDAY,0,1
LIMA,PE-1N,103.0,ESPECIAL,7.0,8.0,TUESDAY,0,1
LIMA,PE-22,112.0,CHOQUE,13.0,8.0,TUESDAY,0,0
PIURA,PE-1NJ,189.0,CHOQUE,8.0,8.0,TUESDAY,0,0
PUNO,PE-34A,246.0,DESPISTE,8.0,8.0,TUESDAY,0,0
ANCASH,PE-1N,423.0,CHOQUE,22.0,8.0,TUESDAY,1,0
SAN MARTIN,PE-5N,687.0,CHOQUE,6.0,8.0,TUESDAY,0,0
PIURA,PE-1N,973.0,CHOQUE,23.0,8.0,TUESDAY,1,0
PUNO,PE-36B,83.0,DESPISTE,11.0,8.0,WEDNESDAY,0,0
LAMBAYEQUE,PE-1NJ,126.0,CHOQUE,6.0,8.0,WEDNESDAY,0,1
LIMA,PE-1N,165.0,CHOQUE,10.0,8.0,WEDNESDAY,0,0
ANCASH,PE-14C,187.0,DESPISTE,10.0,8.0,WEDNESDAY,0,0
AMAZONAS,PE-5N,262.0,CHOQUE,19.0,8.0,WEDNESDAY,1,0
APURIMAC,PE-30A,337.0,CHOQUE,6.0,8.0,WEDNESDAY,0,0
AREQUIPA,PE-34C,2.0,CHOQUE,12.0,8.0,THURSDAY,0,0
JUNIN,PE-3S,64.0,CHOQUE,16.0,8.0,THURSDAY,0,0
LAMBAYEQUE,PE-1NJ,67.0,CHOQUE,22.0,8.0,THURSDAY,1,0
JUNIN,PE-3S,77.0,CHOQUE,18.0,8.0,THURSDAY,1,0
LIMA,PE-1S,105.0,CHOQUE,20.0,8.0,THURSDAY,1,0
AMAZONAS,PE-5N,239.0,CHOQUE,15.0,8.0,THURSDAY,0,0
AMAZONAS,PE-08B,313.0,DESPISTE,6.0,8.0,THURSDAY,0,0
SAN MARTIN,PE-5N,409.0,CHOQUE,17.0,8.0,THURSDAY,0,0
LA LIBERTAD,PE-1N,550.0,CHOQUE,22.0,8.0,THURSDAY,1,0
LA LIBERTAD,PE-1N,593.0,CHOQUE,14.0,8.0,THURSDAY,0,0
SAN MARTIN,PE-5N,748.0,CHOQUE,16.0,8.0,THURSDAY,0,0
PIURA,PE-1N,1007.0,CHOQUE,13.0,8.0,THURSDAY,0,0
AREQUIPA,PE-34A,4.0,DESPISTE,5.0,8.0,FRIDAY,0,0
CUSCO,CU-117,11.0,DESPISTE,22.0,8.0,FRIDAY,1,0
MOQUEGUA,PE-1SD,11.0,CHOQUE,17.0,8.0,FRIDAY,0,0
PUNO,PE-36B,22.0,DESPISTE,21.0,8.0,FRIDAY,1,0
MOQUEGUA,PE-1SD,27.0,CHOQUE,7.0,8.0,FRIDAY,0,0
CUSCO,PE-34G,39.0,DESPISTE,1.0,8.0,FRIDAY,0,0
LIMA,PE-1N,56.0,CHOQUE,13.0,8.0,FRIDAY,0,0
JUNIN,PE-3N,67.0,DESPISTE,14.0,8.0,FRIDAY,0,0
PIURA,PE-1N,69.0,CHOQUE,21.0,8.0,FRIDAY,1,0
LIMA,PE-1S,73.0,CHOQUE,19.0,8.0,FRIDAY,1,0
LIMA,PE-1S,73.0,DESPISTE,15.0,8.0,FRIDAY,0,0
LIMA,PE-1S,73.0,CHOQUE,2.0,8.0,FRIDAY,0,0
AYACUCHO,PE-28B,74.0,DESPISTE,14.0,8.0,FRIDAY,0,0
LIMA,PE-22,86.0,DESPISTE,23.0,8.0,FRIDAY,1,0
LIMA,PE-1S,107.0,CHOQUE,23.0,8.0,FRIDAY,1,0
LAMBAYEQUE,PE-1NJ,107.0,CHOQUE,9.0,8.0,FRIDAY,0,0
AYACUCHO,PE-30A,152.0,DESPISTE,23.0,8.0,FRIDAY,1,0
UCAYALI,PE-5N,452.0,ATROPELLO,19.0,8.0,FRIDAY,1,0
SAN MARTIN,PE-5N,501.0,CHOQUE,14.0,8.0,FRIDAY,0,0
AREQUIPA,PE-1S,560.0,CHOQUE,7.0,8.0,FRIDAY,0,0
SAN MARTIN,PE-5N,586.0,DESPISTE,22.0,8.0,FRIDAY,1,0
AREQUIPA,PE-1S,590.0,CHOQUE,6.0,8.0,FRIDAY,0,0
LA LIBERTAD,PE-1N,594.0,CHOQUE,6.0,8.0,FRIDAY,0,1
PIURA,PE-1N,953.0,CHOQUE,0.0,8.0,FRIDAY,0,1
ANCASH,AN-647,0.0,DESPISTE,7.0,8.0,SATURDAY,0,0
LIMA,PE-1NA,1.0,DESPISTE,22.0,8.0,SATURDAY,1,0
AREQUIPA,PE-34A,6.0,CHOQUE,5.0,8.0,SATURDAY,0,0
CAJAMARCA,PE-3N,16.0,CHOQUE,20.0,8.0,SATURDAY,1,0
PIURA,PE-02,19.0,CHOQUE,10.0,8.0,SATURDAY,0,1
LIMA,PE-1S,53.0,CHOQUE,5.0,8.0,SATURDAY,0,0
ANCASH,PE-16,85.0,CHOQUE,7.0,8.0,SATURDAY,0,0
PUNO,PE-34B,117.0,DESPISTE,12.0,8.0,SATURDAY,0,0
PUNO,PE-34B,158.0,DESPISTE,21.0,8.0,SATURDAY,1,0
PIURA,PE-1NJ,215.0,DESPISTE,5.0,8.0,SATURDAY,0,0
MADRE DE DIOS,PE-30C,412.0,DESPISTE,21.0,8.0,SATURDAY,1,0
ANCASH,PE-1N,445.0,DESPISTE,18.0,8.0,SATURDAY,1,0
SAN MARTIN,PE-5N,462.0,CHOQUE,20.0,8.0,SATURDAY,1,0
ANCASH,PE-3N,561.0,DESPISTE,3.0,8.0,SATURDAY,0,0
PIURA,PE-1NL,1083.0,CHOQUE,18.0,8.0,SATURDAY,1,0
PUNO,PE-3S,1460.0,DESPISTE,15.0,8.0,SATURDAY,0,0
LIMA,PE-1S,5.0,CHOQUE,23.0,8.0,SUNDAY,1,1
PIURA,PE-1NJ,30.0,CHOQUE,6.0,8.0,SUNDAY,0,1
CAJAMARCA,PE-5N,35.0,DESPISTE,5.0,8.0,SUNDAY,0,0
HUANUCO,PE-18A,37.0,CHOQUE,12.0,8.0,SUNDAY,0,0
CAJAMARCA,PE-3N,45.0,DESPISTE,20.0,8.0,SUNDAY,1,0
JUNIN,PE-5S,58.0,CHOQUE,16.0,8.0,SUNDAY,0,1
LIMA,PE-1S,62.0,DESPISTE,18.0,8.0,SUNDAY,1,0
LIMA,PE-22,90.0,DESPISTE,18.0,8.0,SUNDAY,1,0
PASCO,PE-3N,94.0,DESPISTE,11.0,8.0,SUNDAY,0,0
JUNIN,PE-5S,114.0,CHOQUE,9.0,8.0,SUNDAY,0,0
LIMA,PE-1S,155.0,DESPISTE,6.0,8.0,SUNDAY,0,0
APURIMAC,PE-30A,433.0,DESPISTE,20.0,8.0,SUNDAY,1,0
SAN MARTIN,PE-5N,489.0,DESPISTE,17.0,8.0,SUNDAY,0,0
LA LIBERTAD,PE-1N,510.0,DESPISTE,12.0,8.0,SUNDAY,0,0
SAN MARTIN,PE-5N,634.0,ATROPELLO,20.0,8.0,SUNDAY,1,0
LA LIBERTAD,PE-1N,721.0,ATROPELLO,0.0,8.0,SUNDAY,0,1
AREQUIPA,PE-34E,3.0,DESPISTE,19.0,8.0,MONDAY,1,0
JUNIN,PE-3S,23.0,DESPISTE,8.0,8.0,MONDAY,0,0
ANCASH,PE-16,54.0,CHOQUE,3.0,8.0,MONDAY,0,0
JUNIN,PE-3N,86.0,CHOQUE,6.0,8.0,MONDAY,0,1
LIMA,PE-1S,91.0,DESPISTE,17.0,8.0,MONDAY,0,0
AREQUIPA,PE-34A,94.0,CHOQUE,23.0,8.0,MONDAY,1,0
LIMA,PE-1S,106.0,ATROPELLO,21.0,8.0,MONDAY,1,0
LIMA,PE-22,131.0,DESPISTE,7.0,8.0,MONDAY,0,0
PUNO,PE-34B,136.0,CHOQUE,21.0,8.0,MONDAY,1,1
JUNIN,PE-24,253.0,DESPISTE,12.0,8.0,MONDAY,0,1
PUNO,PE-36A,303.0,DESPISTE,13.0,8.0,MONDAY,0,0
ANCASH,PE-1N,389.0,CHOQUE,12.0,8.0,MONDAY,0,0
ICA,PE-1S,423.0,DESPISTE,7.0,8.0,MONDAY,0,0
MADRE DE DIOS,PE-30C,497.0,DESPISTE,6.0,8.0,MONDAY,0,0
AREQUIPA,PE-1S,649.0,CHOQUE,14.0,8.0,MONDAY,0,0
APURIMAC,PE-3S,652.0,CHOQUE,8.0,8.0,MONDAY,0,0
SAN MARTIN,PE-5N,715.0,DESPISTE,10.0,8.0,MONDAY,0,0
PIURA,PE-1N,994.0,DESPISTE,22.0,8.0,MONDAY,1,0
PUNO,PE-3S,1204.0,DESPISTE,13.0,8.0,MONDAY,0,0
CUSCO,PE-30C,2.0,CHOQUE,18.0,8.0,TUESDAY,1,0
LIMA,PE-1NA,8.0,ESPECIAL,17.0,8.0,TUESDAY,0,0
UCAYALI,PE-18C,14.0,ATROPELLO,20.0,8.0,TUESDAY,1,0
UCAYALI,PE-18C,14.0,CHOQUE,19.0,8.0,TUESDAY,1,0
JUNIN,PE-5S,14.0,DESPISTE,12.0,8.0,TUESDAY,0,0
LIMA,PE-1NE,15.0,ATROPELLO,19.0,8.0,TUESDAY,1,0
MOQUEGUA,PE-1SD,20.0,CHOQUE,14.0,8.0,TUESDAY,0,0
LIMA,PE-1NA,22.0,DESPISTE,1.0,8.0,TUESDAY,0,0
UCAYALI,PE-18C,31.0,CHOQUE,15.0,8.0,TUESDAY,0,0
JUNIN,PE-3S,33.0,DESPISTE,10.0,8.0,TUESDAY,0,0
CAJAMARCA,PE-08B,37.0,CHOQUE,16.0,8.0,TUESDAY,0,0
LIMA,PE-1S,88.0,ATROPELLO,20.0,8.0,TUESDAY,1,1
LAMBAYEQUE,PE-1NJ,120.0,CHOQUE,14.0,8.0,TUESDAY,0,0
LIMA,PE-22,131.0,CHOQUE,3.0,8.0,TUESDAY,0,0
LIMA,PE-1N,153.0,CHOQUE,23.0,8.0,TUESDAY,1,1
CAJAMARCA,PE-06A,160.0,DESPISTE,10.0,8.0,TUESDAY,0,0
APURIMAC,PE-30A,383.0,CHOQUE,14.0,8.0,TUESDAY,0,0
MADRE DE DIOS,PE-30C,411.0,DESPISTE,20.0,8.0,TUESDAY,1,0
AREQUIPA,PE-1S,600.0,CHOQUE,9.0,8.0,TUESDAY,0,0
AREQUIPA,PE-1S,607.0,DESPISTE,6.0,8.0,TUESDAY,0,0
AREQUIPA,PE-1S,633.0,CHOQUE,13.0,8.0,TUESDAY,0,0
LA LIBERTAD,PE-1N,654.0,CHOQUE,1.0,8.0,TUESDAY,0,0
SAN MARTIN,PE-5N,666.0,CHOQUE,7.0,8.0,TUESDAY,0,1
AREQUIPA,PE-1S,930.0,DESPISTE,5.0,8.0,TUESDAY,0,0
TACNA,PE-1S,1240.0,DESPISTE,10.0,8.0,TUESDAY,0,0
LIMA,PE-18,5.0,DESPISTE,5.0,8.0,WEDNESDAY,0,0
LIMA,PE-16,11.0,ESPECIAL,7.0,8.0,WEDNESDAY,0,0
LIMA,PE-1S,19.0,DESPISTE,11.0,8.0,WEDNESDAY,0,0
AMAZONAS,PE-08C,38.0,CHOQUE,19.0,8.0,WEDNESDAY,1,0
CAJAMARCA,PE-08,47.0,DESPISTE,4.0,8.0,WEDNESDAY,0,0
LIMA,PE-1N,47.0,CHOQUE,14.0,8.0,WEDNESDAY,0,1
LIMA,PE-22,89.0,DESPISTE,10.0,8.0,WEDNESDAY,0,0
PIURA,PE-1N,94.0,ATROPELLO,17.0,8.0,WEDNESDAY,0,0
TUMBES,PE-1N,208.0,CHOQUE,17.0,8.0,WEDNESDAY,0,0
AMAZONAS,PE-5N,295.0,CHOQUE,15.0,8.0,WEDNESDAY,0,0
ANCASH,PE-1N,344.0,DESPISTE,2.0,8.0,WEDNESDAY,0,0
PUNO,PE-36A,350.0,CHOQUE,10.0,8.0,WEDNESDAY,0,0
SAN MARTIN,PE-5N,519.0,CHOQUE,20.0,8.0,WEDNESDAY,1,0
LA LIBERTAD,PE-1N,710.0,CHOQUE,15.0,8.0,WEDNESDAY,0,0
AREQUIPA,PE-1S,1032.0,CHOQUE,9.0,8.0,WEDNESDAY,0,0
AREQUIPA,PE-1S,1034.0,CHOQUE,15.0,8.0,WEDNESDAY,0,0
AMAZONAS,PE-5NC,2.0,DESPISTE,7.0,8.0,THURSDAY,0,0
JUNIN,PE-5S,39.0,DESPISTE,10.0,8.0,THURSDAY,0,0
LIMA,PE-22,64.0,CHOQUE,4.0,8.0,THURSDAY,0,0
CUSCO,PE-28B,113.0,CHOQUE,15.0,8.0,THURSDAY,0,0
AREQUIPA,PE-34A,134.0,DESPISTE,9.0,8.0,THURSDAY,0,0
ANCASH,PE-1N,392.0,DESPISTE,14.0,8.0,THURSDAY,0,1
AREQUIPA,PE-1S,507.0,DESPISTE,14.0,8.0,THURSDAY,0,0
MADRE DE DIOS,PE-30C,556.0,DESPISTE,23.0,8.0,THURSDAY,1,0
SAN MARTIN,PE-5N,587.0,CHOQUE,10.0,8.0,THURSDAY,0,1
APURIMAC,PE-3S,801.0,DESPISTE,12.0,8.0,THURSDAY,0,0
AREQUIPA,PE-1S,1041.0,DESPISTE,5.0,8.0,THURSDAY,0,0
PIURA,PE-1NL,1058.0,DESPISTE,9.0,8.0,THURSDAY,0,1
PIURA,PE-02,31.0,DESPISTE,19.0,8.0,FRIDAY,1,0
LIMA,PE-22,41.0,DESPISTE,20.0,8.0,FRIDAY,1,0
LIMA,PE-1N,55.0,DESPISTE,8.0,8.0,FRIDAY,0,0
LIMA,PE-22,61.0,DESPISTE,23.0,8.0,FRIDAY,1,0
LIMA,PE-22,131.0,CHOQUE,12.0,8.0,FRIDAY,0,0
LIMA,PE-1N,161.0,CHOQUE,7.0,8.0,FRIDAY,0,0
PUNO,PE-34A,187.0,ESPECIAL,7.0,8.0,FRIDAY,0,0
PUNO,PE-34A,258.0,DESPISTE,21.0,8.0,FRIDAY,1,0
AMAZONAS,PE-08B,316.0,CHOQUE,16.0,8.0,FRIDAY,0,0
APURIMAC,PE-3SF,350.0,DESPISTE,12.0,8.0,FRIDAY,0,1
AREQUIPA,PE-1S,507.0,CHOQUE,22.0,8.0,FRIDAY,1,0
APURIMAC,PE-3S,702.0,DESPISTE,6.0,8.0,FRIDAY,0,0
PUNO,PE-3S,1488.0,ATROPELLO,20.0,8.0,FRIDAY,1,1
LORETO,LO-103,0.0,CHOQUE,22.0,8.0,SATURDAY,1,0
LIMA,PE-1N,1.0,ESPECIAL,6.0,8.0,SATURDAY,0,0
PIURA,PE-1N,14.0,CHOQUE,7.0,8.0,SATURDAY,0,0
ANCASH,PE-3NE,21.0,DESPISTE,9.0,8.0,SATURDAY,0,0
AREQUIPA,PE-34A,24.0,DESPISTE,12.0,8.0,SATURDAY,0,0
JUNIN,PE-3SA,26.0,CHOQUE,18.0,8.0,SATURDAY,1,0
JUNIN,PE-3S,30.0,DESPISTE,17.0,8.0,SATURDAY,0,0
LIMA,PE-1N,39.0,ATROPELLO,13.0,8.0,SATURDAY,0,0
LIMA,PE-22,43.0,DESPISTE,0.0,8.0,SATURDAY,0,1
ANCASH,AN-110,45.0,DESPISTE,5.0,8.0,SATURDAY,0,0
ANCASH,AN-110,45.0,DESPISTE,8.0,8.0,SATURDAY,0,0
TACNA,PE-1SD,46.0,DESPISTE,13.0,8.0,SATURDAY,0,0
LIMA,PE-1S,115.0,DESPISTE,4.0,8.0,SATURDAY,0,0
PASCO,PE-3N,137.0,DESPISTE,19.0,8.0,SATURDAY,1,1
LIMA,PE-1S,139.0,CHOQUE,21.0,8.0,SATURDAY,1,0
PUNO,PE-34A,233.0,DESPISTE,17.0,8.0,SATURDAY,0,0
PUNO,PE-34B,239.0,DESPISTE,12.0,8.0,SATURDAY,0,1
PUNO,PE-34B,247.0,CHOQUE,15.0,8.0,SATURDAY,0,0
SAN MARTIN,PE-5N,503.0,CHOQUE,11.0,8.0,SATURDAY,0,0
TACNA,PE-1S,1220.0,DESPISTE,13.0,8.0,SATURDAY,0,0
TACNA,PE-1S,1273.0,CHOQUE,21.0,8.0,SATURDAY,1,0
LA LIBERTAD,PE-1NF,5.0,CHOQUE,11.0,8.0,SUNDAY,0,1
AREQUIPA,AR-109,12.0,DESPISTE,18.0,8.0,SUNDAY,1,0
LA LIBERTAD,PE-10A,16.0,CHOQUE,9.0,8.0,SUNDAY,0,0
ANCASH,PE-14,17.0,DESPISTE,6.0,8.0,SUNDAY,0,0
LIMA,PE-16,19.0,CHOQUE,11.0,8.0,SUNDAY,0,0
CAJAMARCA,PE-3N,23.0,CHOQUE,13.0,8.0,SUNDAY,0,0
JUNIN,PE-3S,32.0,CHOQUE,12.0,8.0,SUNDAY,0,1
UCAYALI,PE-18C,34.0,CHOQUE,22.0,8.0,SUNDAY,1,0
JUNIN,PE-3SA,35.0,CHOQUE,10.0,8.0,SUNDAY,0,1
TACNA,PE-1SD,70.0,ESPECIAL,13.0,8.0,SUNDAY,0,0
JUNIN,PE-3S,76.0,DESPISTE,9.0,8.0,SUNDAY,0,0
ANCASH,PE-16,97.0,DESPISTE,20.0,8.0,SUNDAY,1,0
ANCASH,PE-16,117.0,DESPISTE,16.0,8.0,SUNDAY,0,0
LIMA,PE-1S,165.0,DESPISTE,21.0,8.0,SUNDAY,1,0
CAJAMARCA,PE-5N,189.0,DESPISTE,11.0,8.0,SUNDAY,0,0
ICA,PE-1S,199.0,DESPISTE,15.0,8.0,SUNDAY,0,0
LIMA,PE-1N,216.0,DESPISTE,10.0,8.0,SUNDAY,0,0
AMAZONAS,PE-5N,277.0,DESPISTE,15.0,8.0,SUNDAY,0,0
PIURA,PE-1N,943.0,CHOQUE,13.0,8.0,SUNDAY,0,0
AREQUIPA,PE-1S,976.0,CHOQUE,6.0,8.0,SUNDAY,0,1
PUNO,PE-3S,1182.0,DESPISTE,4.0,8.0,SUNDAY,0,0
PUNO,PE-3S,1368.0,ATROPELLO,21.0,8.0,SUNDAY,1,1
LIMA,PE-16,2.0,DESPISTE,11.0,8.0,MONDAY,0,0
LORETO,LO-103,4.0,CHOQUE,17.0,8.0,MONDAY,0,0
CAJAMARCA,PE-08A,4.0,DESPISTE,5.0,8.0,MONDAY,0,0
JUNIN,PE-3SA,5.0,DESPISTE,20.0,8.0,MONDAY,1,0
JUNIN,PE-3S,13.0,DESPISTE,8.0,8.0,MONDAY,0,0
AMAZONAS,AM-103,13.0,DESPISTE,4.0,8.0,MONDAY,0,1
PIURA,PE-1NN,44.0,CHOQUE,12.0,8.0,MONDAY,0,1
JUNIN,PE-3N,45.0,DESPISTE,4.0,8.0,MONDAY,0,1
LIMA,PE-1N,48.0,ATROPELLO,11.0,8.0,MONDAY,0,0
CUSCO,PE-28B,65.0,CHOQUE,15.0,8.0,MONDAY,0,0
LIMA,PE-22,65.0,DESPISTE,20.0,8.0,MONDAY,1,0
HUANUCO,PE-18A,65.0,CHOQUE,14.0,8.0,MONDAY,0,0
LAMBAYEQUE,PE-1NJ,90.0,CHOQUE,5.0,8.0,MONDAY,0,0
LIMA,PE-1N,104.0,CHOQUE,14.0,8.0,MONDAY,0,0
JUNIN,PE-22,142.0,DESPISTE,19.0,8.0,MONDAY,1,0
ANCASH,PE-3N,164.0,CHOQUE,21.0,8.0,MONDAY,1,0
PIURA,PE-1NJ,167.0,CHOQUE,13.0,8.0,MONDAY,0,1
MADRE DE DIOS,PE-30C,319.0,CHOQUE,8.0,8.0,MONDAY,0,0
ANCASH,PE-1N,338.0,CHOQUE,10.0,8.0,MONDAY,0,0
MADRE DE DIOS,PE-30C,340.0,CHOQUE,11.0,8.0,MONDAY,0,0
SAN MARTIN,PE-5N,379.0,DESPISTE,1.0,8.0,MONDAY,0,0
MADRE DE DIOS,PE-30C,390.0,CHOQUE,8.0,8.0,MONDAY,0,1
ANCASH,PE-1N,423.0,CHOQUE,0.0,8.0,MONDAY,0,0
LA LIBERTAD,PE-1N,504.0,CHOQUE,17.0,8.0,MONDAY,0,0
LA LIBERTAD,PE-1N,631.0,CHOQUE,7.0,8.0,MONDAY,0,0
AREQUIPA,PE-1S,895.0,CHOQUE,18.0,8.0,MONDAY,1,1
PIURA,PE-1NL,1117.0,DESPISTE,12.0,8.0,MONDAY,0,1
PUNO,PE-3S,1373.0,CHOQUE,13.0,8.0,MONDAY,0,0
PIURA,PE-1N,18.0,CHOQUE,20.0,8.0,TUESDAY,1,0
LIMA,PE-1S,27.0,DESPISTE,8.0,8.0,TUESDAY,0,0
LIMA,PE-22,72.0,DESPISTE,4.0,8.0,TUESDAY,0,1
PASCO,PE-3N,144.0,CHOQUE,20.0,8.0,TUESDAY,1,0
CUSCO,PE-28B,177.0,DESPISTE,19.0,8.0,TUESDAY,1,0
TUMBES,PE-1N,195.0,DESPISTE,17.0,8.0,TUESDAY,0,0
ICA,PE-1S,212.0,DESPISTE,7.0,8.0,TUESDAY,0,0
MADRE DE DIOS,PE-30C,283.0,VOLCADURA,0.0,8.0,TUESDAY,0,0
AYACUCHO,PE-3S,347.0,DESPISTE,17.0,8.0,TUESDAY,0,0
APURIMAC,PE-30A,430.0,CHOQUE,13.0,8.0,TUESDAY,0,0
SAN MARTIN,PE-5N,576.0,DESPISTE,17.0,8.0,TUESDAY,0,0
LA LIBERTAD,PE-1N,733.0,DESPISTE,18.0,8.0,TUESDAY,1,0
AREQUIPA,PE-1S,1046.0,CHOQUE,9.0,8.0,TUESDAY,0,0
PUNO,PE-3S,1292.0,CHOQUE,19.0,8.0,TUESDAY,1,0
UCAYALI,PE-18C,13.0,CHOQUE,22.0,9.0,WEDNESDAY,1,0
MOQUEGUA,PE-36,26.0,ESPECIAL,19.0,9.0,WEDNESDAY,1,0
JUNIN,PE-3N,56.0,VOLCADURA,3.0,9.0,WEDNESDAY,0,0
LIMA,PE-1N,60.0,DESPISTE,11.0,9.0,WEDNESDAY,0,0
PIURA,PE-3N,65.0,DESPISTE,19.0,9.0,WEDNESDAY,1,0
CAJAMARCA,PE-3N,84.0,DESPISTE,11.0,9.0,WEDNESDAY,0,0
LIMA,PE-22,94.0,DESPISTE,5.0,9.0,WEDNESDAY,0,0
LIMA,PE-1S,140.0,DESPISTE,14.0,9.0,WEDNESDAY,0,1
ANCASH,PE-1N,231.0,CHOQUE,9.0,9.0,WEDNESDAY,0,1
ANCASH,PE-1N,242.0,DESPISTE,8.0,9.0,WEDNESDAY,0,0
ANCASH,PE-1N,285.0,DESPISTE,7.0,9.0,WEDNESDAY,0,0
AMAZONAS,PE-08B,327.0,CHOQUE,9.0,9.0,WEDNESDAY,0,0
HUANUCO,PE-5N,523.0,ESPECIAL,7.0,9.0,WEDNESDAY,0,1
LA LIBERTAD,PE-1N,529.0,CHOQUE,6.0,9.0,WEDNESDAY,0,0
SAN MARTIN,PE-5N,596.0,CHOQUE,9.0,9.0,WEDNESDAY,0,0
MADRE DE DIOS,PE-30C,613.0,DESPISTE,18.0,9.0,WEDNESDAY,1,0
SAN MARTIN,PE-5N,637.0,CHOQUE,13.0,9.0,WEDNESDAY,0,0
AREQUIPA,PE-1S,951.0,CHOQUE,9.0,9.0,WEDNESDAY,0,0
AREQUIPA,PE-1S,1076.0,CHOQUE,9.0,9.0,WEDNESDAY,0,0
CAJAMARCA,PE-08A,14.0,DESPISTE,17.0,9.0,THURSDAY,0,0
LIMA,PE-1S,29.0,DESPISTE,10.0,9.0,THURSDAY,0,0
LIMA,PE-22,52.0,DESPISTE,5.0,9.0,THURSDAY,0,0
LA LIBERTAD,PE-10A,63.0,DESPISTE,11.0,9.0,THURSDAY,0,0
LIMA,PE-22,65.0,DESPISTE,6.0,9.0,THURSDAY,0,0
LIMA,PE-1N,71.0,CHOQUE,22.0,9.0,THURSDAY,1,0
PASCO,PE-3N,136.0,CHOQUE,0.0,9.0,THURSDAY,0,0
ANCASH,PE-1N,241.0,DESPISTE,0.0,9.0,THURSDAY,0,0
PUNO,PE-34B,321.0,CHOQUE,7.0,9.0,THURSDAY,0,0
LA LIBERTAD,PE-1N,732.0,CHOQUE,19.0,9.0,THURSDAY,1,0
LAMBAYEQUE,PE-1N,856.0,ATROPELLO,18.0,9.0,THURSDAY,1,0
AREQUIPA,PE-1S,991.0,DESPISTE,6.0,9.0,THURSDAY,0,0
MOQUEGUA,PE-1S,1177.0,DESPISTE,11.0,9.0,THURSDAY,0,0
JUNIN,PE-5N,15.0,ESPECIAL,17.0,9.0,FRIDAY,0,0
TACNA,PE-1SD,43.0,CHOQUE,6.0,9.0,FRIDAY,0,1
LIMA,PE-22,59.0,DESPISTE,6.0,9.0,FRIDAY,0,0
LIMA,PE-22,109.0,CHOQUE,17.0,9.0,FRIDAY,0,0
ANCASH,PE-1N,231.0,ATROPELLO,23.0,9.0,FRIDAY,1,1
ANCASH,PE-1N,252.0,DESPISTE,15.0,9.0,FRIDAY,0,0
ANCASH,PE-1N,418.0,CHOQUE,23.0,9.0,FRIDAY,1,0
SAN MARTIN,PE-5N,461.0,CHOQUE,22.0,9.0,FRIDAY,1,0
LA LIBERTAD,PE-1N,715.0,DESPISTE,15.0,9.0,FRIDAY,0,0
CUSCO,PE-3S,964.0,CHOQUE,5.0,9.0,FRIDAY,0,0
LIMA,PE-1NA,18.0,DESPISTE,2.0,9.0,SATURDAY,0,0
MOQUEGUA,PE-1SD,24.0,CHOQUE,23.0,9.0,SATURDAY,1,0
AMAZONAS,PE-08C,33.0,DESPISTE,14.0,9.0,SATURDAY,0,0
CAJAMARCA,PE-3N,33.0,CHOQUE,10.0,9.0,SATURDAY,0,0
LIMA,PE-22,49.0,CHOQUE,17.0,9.0,SATURDAY,0,0
LIMA,PE-22,54.0,CHOQUE,17.0,9.0,SATURDAY,0,0
LAMBAYEQUE,PE-1NJ,62.0,DESPISTE,6.0,9.0,SATURDAY,0,0
CAJAMARCA,PE-08B,67.0,CHOQUE,14.0,9.0,SATURDAY,0,0
ICA,PE-1S,208.0,CHOQUE,5.0,9.0,SATURDAY,0,0
PUNO,PE-34B,275.0,ATROPELLO,19.0,9.0,SATURDAY,1,0
MADRE DE DIOS,PE-30C,331.0,CHOQUE,2.0,9.0,SATURDAY,0,0
ANCASH,AN-110,6.0,DESPISTE,23.0,9.0,SUNDAY,1,0
CAJAMARCA,PE-5N,8.0,DESPISTE,23.0,9.0,SUNDAY,1,0
MOQUEGUA,PE-1SD,15.0,CHOQUE,21.0,9.0,SUNDAY,1,0
JUNIN,PE-3S,18.0,CHOQUE,16.0,9.0,SUNDAY,0,0
LIMA,PE-1NA,22.0,ATROPELLO,21.0,9.0,SUNDAY,1,0
ANCASH,PE-14,36.0,CHOQUE,22.0,9.0,SUNDAY,1,0
AMAZONAS,PE-08B,42.0,CHOQUE,20.0,9.0,SUNDAY,1,0
LAMBAYEQUE,PE-1NJ,53.0,ATROPELLO,20.0,9.0,SUNDAY,1,0
AREQUIPA,AR-105,57.0,DESPISTE,2.0,9.0,SUNDAY,0,0
HUANUCO,PE-18A,58.0,CHOQUE,19.0,9.0,SUNDAY,1,0
LIMA,PE-18,63.0,CHOQUE,17.0,9.0,SUNDAY,0,0
LIMA,PE-1N,74.0,CHOQUE,13.0,9.0,SUNDAY,0,0
HUANUCO,PE-18A,95.0,CHOQUE,18.0,9.0,SUNDAY,1,0
LIMA,PE-22,108.0,DESPISTE,2.0,9.0,SUNDAY,0,0
ANCASH,PE-3N,161.0,CHOQUE,16.0,9.0,SUNDAY,0,0
HUANCAVELICA,PE-3S,183.0,DESPISTE,15.0,9.0,SUNDAY,0,0
PUNO,PE-34A,195.0,DESPISTE,18.0,9.0,SUNDAY,1,0
AMAZONAS,PE-5N,226.0,CHOQUE,17.0,9.0,SUNDAY,0,0
ANCASH,PE-1N,327.0,CHOQUE,14.0,9.0,SUNDAY,0,0
AMAZONAS,PE-08B,328.0,DESPISTE,6.0,9.0,SUNDAY,0,0
LA LIBERTAD,PE-1N,523.0,CHOQUE,22.0,9.0,SUNDAY,1,0
SAN MARTIN,PE-5N,611.0,DESPISTE,12.0,9.0,SUNDAY,0,0
ANCASH,PE-3N,658.0,CHOQUE,13.0,9.0,SUNDAY,0,0
LA LIBERTAD,PE-1N,732.0,CHOQUE,22.0,9.0,SUNDAY,1,1
HUANCAVELICA,PE-3SD,28.0,DESPISTE,14.0,9.0,MONDAY,0,0
PASCO,PE-5N,37.0,DESPISTE,7.0,9.0,MONDAY,0,0
AREQUIPA,PE-34,39.0,DESPISTE,6.0,9.0,MONDAY,0,0
LIMA,PE-1N,39.0,DESPISTE,18.0,9.0,MONDAY,1,0
LIMA,PE-1N,64.0,CHOQUE,7.0,9.0,MONDAY,0,0
PIURA,PE-02A,65.0,DESPISTE,4.0,9.0,MONDAY,0,0
LIMA,PE-1N,68.0,DESPISTE,12.0,9.0,MONDAY,0,0
HUANUCO,PE-18A,73.0,CHOQUE,14.0,9.0,MONDAY,0,0
LIMA,PE-1N,92.0,ATROPELLO,8.0,9.0,MONDAY,0,0
ANCASH,PE-16,112.0,DESPISTE,1.0,9.0,MONDAY,0,0
LIMA,PE-1S,115.0,DESPISTE,19.0,9.0,MONDAY,1,0
JUNIN,PE-5S,129.0,ATROPELLO,21.0,9.0,MONDAY,1,0
LIMA,PE-1N,203.0,CHOQUE,6.0,9.0,MONDAY,0,0
PUNO,PE-34A,237.0,DESPISTE,6.0,9.0,MONDAY,0,0
ANCASH,PE-1N,396.0,DESPISTE,12.0,9.0,MONDAY,0,0
ANCASH,PE-1N,421.0,DESPISTE,14.0,9.0,MONDAY,0,0
ICA,PE-1S,445.0,CHOQUE,16.0,9.0,MONDAY,0,0
SAN MARTIN,PE-5N,475.0,DESPISTE,8.0,9.0,MONDAY,0,0
LA LIBERTAD,PE-1N,692.0,CHOQUE,22.0,9.0,MONDAY,1,0
LAMBAYEQUE,PE-1N,823.0,DESPISTE,6.0,9.0,MONDAY,0,0
AREQUIPA,PE-1S,860.0,DESPISTE,23.0,9.0,MONDAY,1,0
JUNIN,PE-3N,8.0,CHOQUE,7.0,9.0,TUESDAY,0,0
AREQUIPA,PE-34A,8.0,CHOQUE,9.0,9.0,TUESDAY,0,0
JUNIN,PE-3S,16.0,CHOQUE,17.0,9.0,TUESDAY,0,0
CAJAMARCA,PE-3N,38.0,DESPISTE,11.0,9.0,TUESDAY,0,0
AYACUCHO,PE-30A,58.0,CHOQUE,13.0,9.0,TUESDAY,0,0
LIMA,PE-1N,95.0,DESPISTE,7.0,9.0,TUESDAY,0,0
JUNIN,PE-3S,103.0,CHOQUE,21.0,9.0,TUESDAY,1,0
LIMA,PE-22,130.0,CHOQUE,12.0,9.0,TUESDAY,0,0
PASCO,PE-3N,135.0,CHOQUE,16.0,9.0,TUESDAY,0,0
ANCASH,PE-3N,144.0,DESPISTE,17.0,9.0,TUESDAY,0,0
LIMA,PE-1N,180.0,CHOQUE,22.0,9.0,TUESDAY,1,0
ICA,PE-1S,220.0,CHOQUE,2.0,9.0,TUESDAY,0,1
ICA,PE-1S,240.0,DESPISTE,5.0,9.0,TUESDAY,0,0
AYACUCHO,PE-28A,284.0,ATROPELLO,12.0,9.0,TUESDAY,0,1
MADRE DE DIOS,PE-30C,318.0,DESPISTE,5.0,9.0,TUESDAY,0,0
ICA,PE-1S,413.0,ATROPELLO,22.0,9.0,TUESDAY,1,1
MADRE DE DIOS,PE-30C,445.0,DESPISTE,19.0,9.0,TUESDAY,1,0
HUANUCO,PE-5N,522.0,CHOQUE,22.0,9.0,TUESDAY,1,0
AREQUIPA,PE-1S,566.0,CHOQUE,9.0,9.0,TUESDAY,0,1
LA LIBERTAD,PE-1N,689.0,DESPISTE,14.0,9.0,TUESDAY,0,0
AREQUIPA,PE-1S,791.0,CHOQUE,0.0,9.0,TUESDAY,0,0
AREQUIPA,PE-1S,828.0,CHOQUE,5.0,9.0,TUESDAY,0,0
MOQUEGUA,PE-1S,1199.0,DESPISTE,6.0,9.0,TUESDAY,0,0
UCAYALI,PE-18C,17.0,CHOQUE,15.0,9.0,WEDNESDAY,0,0
LIMA,PE-1NA,18.0,DESPISTE,6.0,9.0,WEDNESDAY,0,0
LIMA,PE-1N,28.0,ESPECIAL,22.0,9.0,WEDNESDAY,1,0
LIMA,PE-18,32.0,CHOQUE,19.0,9.0,WEDNESDAY,1,1
JUNIN,PE-3SA,33.0,DESPISTE,13.0,9.0,WEDNESDAY,0,0
UCAYALI,PE-18C,37.0,CHOQUE,7.0,9.0,WEDNESDAY,0,0
PUNO,PU-108,60.0,DESPISTE,20.0,9.0,WEDNESDAY,1,0
TACNA,PE-1SD,75.0,DESPISTE,2.0,9.0,WEDNESDAY,0,0
ANCASH,PE-16,105.0,DESPISTE,3.0,9.0,WEDNESDAY,0,0
ANCASH,PE-16,118.0,DESPISTE,15.0,9.0,WEDNESDAY,0,0
AYACUCHO,PE-30A,147.0,DESPISTE,15.0,9.0,WEDNESDAY,0,0
AMAZONAS,PE-5N,230.0,CHOQUE,18.0,9.0,WEDNESDAY,1,0
ANCASH,PE-1N,243.0,DESPISTE,23.0,9.0,WEDNESDAY,1,0
AMAZONAS,PE-08B,315.0,CHOQUE,19.0,9.0,WEDNESDAY,1,0
MADRE DE DIOS,PE-30C,347.0,ESPECIAL,15.0,9.0,WEDNESDAY,0,0
ANCASH,PE-1N,429.0,DESPISTE,11.0,9.0,WEDNESDAY,0,0
ANCASH,PE-1N,448.0,ATROPELLO,23.0,9.0,WEDNESDAY,1,0
LAMBAYEQUE,PE-1N,760.0,DESPISTE,7.0,9.0,WEDNESDAY,0,0
LAMBAYEQUE,PE-1N,850.0,CHOQUE,6.0,9.0,WEDNESDAY,0,0
AREQUIPA,PE-1S,989.0,DESPISTE,9.0,9.0,WEDNESDAY,0,0
PIURA,PE-1N,1011.0,VOLCADURA,12.0,9.0,WEDNESDAY,0,0
PIURA,PE-1NK,4.0,DESPISTE,9.0,9.0,THURSDAY,0,0
CALLAO,PE-20,8.0,CHOQUE,5.0,9.0,THURSDAY,0,0
AREQUIPA,PE-34,9.0,VOLCADURA,7.0,9.0,THURSDAY,0,0
JUNIN,PE-5S,29.0,CHOQUE,3.0,9.0,THURSDAY,0,1
AREQUIPA,AR-106,35.0,CHOQUE,7.0,9.0,THURSDAY,0,0
JUNIN,PE-3N,46.0,CHOQUE,19.0,9.0,THURSDAY,1,0
JUNIN,PE-5S,75.0,CHOQUE,7.0,9.0,THURSDAY,0,1
ANCASH,PE-16,118.0,DESPISTE,8.0,9.0,THURSDAY,0,0
LIMA,PE-22,125.0,CHOQUE,11.0,9.0,THURSDAY,0,0
ANCASH,PE-3N,160.0,DESPISTE,11.0,9.0,THURSDAY,0,0
AYACUCHO,PE-30A,164.0,DESPISTE,19.0,9.0,THURSDAY,1,0
MOQUEGUA,PE-36A,254.0,DESPISTE,18.0,9.0,THURSDAY,1,0
SAN MARTIN,PE-5N,541.0,DESPISTE,19.0,9.0,THURSDAY,1,0
AREQUIPA,PE-1S,711.0,CHOQUE,21.0,9.0,THURSDAY,1,0
LIMA,PE-1N,5.0,CHOQUE,5.0,9.0,FRIDAY,0,0
LIMA,PE-1NA,8.0,CHOQUE,10.0,9.0,FRIDAY,0,0
AREQUIPA,PE-34A,11.0,DESPISTE,17.0,9.0,FRIDAY,0,0
LIMA,PE-24A,15.0,CHOQUE,4.0,9.0,FRIDAY,0,0
LIMA,PE-1N,54.0,CHOQUE,2.0,9.0,FRIDAY,0,0
LIMA,PE-1N,59.0,CHOQUE,9.0,9.0,FRIDAY,0,0
JUNIN,PE-3N,63.0,CHOQUE,11.0,9.0,FRIDAY,0,0
LIMA,PE-1N,80.0,DESPISTE,9.0,9.0,FRIDAY,0,0
HUANCAVELICA,PE-28A,106.0,DESPISTE,11.0,9.0,FRIDAY,0,0
TACNA,PE-36A,127.0,DESPISTE,15.0,9.0,FRIDAY,0,0
AREQUIPA,PE-34A,164.0,CHOQUE,9.0,9.0,FRIDAY,0,0
ICA,PE-1S,238.0,CHOQUE,20.0,9.0,FRIDAY,1,0
ICA,PE-1S,427.0,CHOQUE,14.0,9.0,FRIDAY,0,0
LA LIBERTAD,PE-1N,486.0,DESPISTE,5.0,9.0,FRIDAY,0,0
SAN MARTIN,PE-5N,572.0,CHOQUE,18.0,9.0,FRIDAY,1,0
SAN MARTIN,PE-5N,639.0,DESPISTE,8.0,9.0,FRIDAY,0,0
LA LIBERTAD,PE-1N,690.0,CHOQUE,21.0,9.0,FRIDAY,1,0
AREQUIPA,PE-1S,952.0,CHOQUE,18.0,9.0,FRIDAY,1,0
CUSCO,PE-3S,1027.0,CHOQUE,6.0,9.0,FRIDAY,0,0
PIURA,PE-1N,1.0,CHOQUE,19.0,9.0,SATURDAY,1,1
JUNIN,PE-3S,16.0,DESPISTE,11.0,9.0,SATURDAY,0,0
AYACUCHO,PE-30A,123.0,DESPISTE,22.0,9.0,SATURDAY,1,0
AREQUIPA,PE-34A,130.0,CHOQUE,17.0,9.0,SATURDAY,0,0
LIMA,PE-1N,212.0,CHOQUE,23.0,9.0,SATURDAY,1,0
SAN MARTIN,PE-5N,515.0,CHOQUE,13.0,9.0,SATURDAY,0,0
SAN MARTIN,PE-5N,559.0,CHOQUE,18.0,9.0,SATURDAY,1,0
PIURA,PE-1N,1003.0,CHOQUE,18.0,9.0,SATURDAY,1,0
TACNA,PE-1S,1261.0,DESPISTE,13.0,9.0,SATURDAY,0,0
PUNO,PU-100,2.0,CHOQUE,5.0,9.0,SUNDAY,0,0
UCAYALI,PE-18C,19.0,CHOQUE,10.0,9.0,SUNDAY,0,0
JUNIN,PE-3N,40.0,DESPISTE,17.0,9.0,SUNDAY,0,0
JUNIN,PE-3SB,78.0,CHOQUE,15.0,9.0,SUNDAY,0,0
CUSCO,PE-28B,102.0,DESPISTE,19.0,9.0,SUNDAY,1,0
CAJAMARCA,PE-08B,113.0,CHOQUE,15.0,9.0,SUNDAY,0,0
LIMA,PE-1S,115.0,DESPISTE,13.0,9.0,SUNDAY,0,0
PASCO,PE-3N,137.0,CHOQUE,17.0,9.0,SUNDAY,0,0
AREQUIPA,PE-34A,165.0,DESPISTE,19.0,9.0,SUNDAY,1,0
AMAZONAS,PE-5N,232.0,DESPISTE,6.0,9.0,SUNDAY,0,1
ICA,PE-1S,272.0,CHOQUE,0.0,9.0,SUNDAY,0,0
SAN MARTIN,PE-5N,521.0,DESPISTE,18.0,9.0,SUNDAY,1,0
APURIMAC,PE-3S,590.0,CHOQUE,0.0,9.0,SUNDAY,0,0
AREQUIPA,PE-1S,612.0,DESPISTE,9.0,9.0,SUNDAY,0,0
SAN MARTIN,PE-5N,635.0,DESPISTE,18.0,9.0,SUNDAY,1,0
AREQUIPA,PE-1S,870.0,DESPISTE,7.0,9.0,SUNDAY,0,0
AREQUIPA,PE-1S,1077.0,DESPISTE,8.0,9.0,SUNDAY,0,0
PIURA,PE-1N,15.0,CHOQUE,19.0,9.0,MONDAY,1,1
LIMA,PE-18,79.0,CHOQUE,11.0,9.0,MONDAY,0,1
MOQUEGUA,PE-1S,233.0,CHOQUE,22.0,9.0,MONDAY,1,1
ANCASH,PE-1N,381.0,CHOQUE,20.0,9.0,MONDAY,1,0
CUSCO,PE-28B,428.0,DESPISTE,4.0,9.0,MONDAY,0,0
LA LIBERTAD,PE-1N,467.0,ESPECIAL,19.0,9.0,MONDAY,1,0
LA LIBERTAD,PE-1N,566.0,ESPECIAL,20.0,9.0,MONDAY,1,0
LA LIBERTAD,PE-1N,693.0,CHOQUE,3.0,9.0,MONDAY,0,1
AREQUIPA,PE-1S,703.0,CHOQUE,19.0,9.0,MONDAY,1,1
APURIMAC,PE-3S,822.0,CHOQUE,8.0,9.0,MONDAY,0,0
AREQUIPA,PE-1S,983.0,CHOQUE,13.0,9.0,MONDAY,0,0
PIURA,PE-1N,1009.0,CHOQUE,8.0,9.0,MONDAY,0,0
PUNO,PE-3S,1217.0,CHOQUE,11.0,9.0,MONDAY,0,0
LIMA,PE-1S,31.0,DESPISTE,23.0,9.0,TUESDAY,1,0
JUNIN,PE-3SA,38.0,CHOQUE,10.0,9.0,TUESDAY,0,0
JUNIN,PE-3N,40.0,VOLCADURA,2.0,9.0,TUESDAY,0,0
LIMA,PE-1N,56.0,CHOQUE,11.0,9.0,TUESDAY,0,0
CAJAMARCA,PE-08B,83.0,CHOQUE,12.0,9.0,TUESDAY,0,0
LIMA,PE-1N,111.0,DESPISTE,10.0,9.0,TUESDAY,0,0
PASCO,PE-3N,164.0,DESPISTE,17.0,9.0,TUESDAY,0,0
CUSCO,PE-28B,172.0,CHOQUE,16.0,9.0,TUESDAY,0,0
AREQUIPA,PE-34A,179.0,CHOQUE,14.0,9.0,TUESDAY,0,1
AYACUCHO,PE-30A,189.0,DESPISTE,13.0,9.0,TUESDAY,0,0
ICA,PE-1S,245.0,CHOQUE,12.0,9.0,TUESDAY,0,0
ICA,PE-1S,273.0,ATROPELLO,20.0,9.0,TUESDAY,1,0
LA LIBERTAD,PE-1N,703.0,CHOQUE,17.0,9.0,TUESDAY,0,0
AREQUIPA,PE-1S,858.0,DESPISTE,11.0,9.0,TUESDAY,0,0
LAMBAYEQUE,PE-1N,879.0,DESPISTE,7.0,9.0,TUESDAY,0,0
CUSCO,PE-3S,913.0,DESPISTE,23.0,9.0,TUESDAY,1,0
PUNO,PE-34I,17.0,DESPISTE,10.0,9.0,WEDNESDAY,0,0
LIMA,PE-22,51.0,DESPISTE,6.0,9.0,WEDNESDAY,0,0
AYACUCHO,PE-30A,78.0,VOLCADURA,22.0,9.0,WEDNESDAY,1,0
LIMA,PE-1S,81.0,CHOQUE,14.0,9.0,WEDNESDAY,0,0
TUMBES,PE-1N,172.0,CHOQUE,10.0,9.0,WEDNESDAY,0,0
LIMA,PE-1N,203.0,ESPECIAL,5.0,9.0,WEDNESDAY,0,0
CUSCO,PE-28B,219.0,DESPISTE,17.0,9.0,WEDNESDAY,0,0
ICA,PE-1S,243.0,CHOQUE,1.0,9.0,WEDNESDAY,0,0
PUNO,PE-34H,302.0,ATROPELLO,4.0,9.0,WEDNESDAY,0,1
MADRE DE DIOS,PE-30C,417.0,CHOQUE,5.0,9.0,WEDNESDAY,0,0
MADRE DE DIOS,PE-30C,449.0,CHOQUE,20.0,9.0,WEDNESDAY,1,0
LA LIBERTAD,PE-1N,530.0,DESPISTE,21.0,9.0,WEDNESDAY,1,0
LA LIBERTAD,PE-1N,582.0,ATROPELLO,20.0,9.0,WEDNESDAY,1,1
LA LIBERTAD,PE-1N,711.0,CHOQUE,8.0,9.0,WEDNESDAY,0,1
LAMBAYEQUE,PE-1N,736.0,DESPISTE,5.0,9.0,WEDNESDAY,0,1
MOQUEGUA,PE-1S,1147.0,DESPISTE,6.0,9.0,WEDNESDAY,0,0
CAJAMARCA,PE-3N,16.0,CHOQUE,20.0,9.0,THURSDAY,1,0
CUSCO,PE-28G,28.0,CHOQUE,20.0,9.0,THURSDAY,1,0
UCAYALI,PE-18C,33.0,DESPISTE,18.0,9.0,THURSDAY,1,0
PUNO,PE-34H,44.0,DESPISTE,17.0,9.0,THURSDAY,0,0
AYACUCHO,PE-30A,75.0,DESPISTE,23.0,9.0,THURSDAY,1,0
AREQUIPA,PE-34A,91.0,DESPISTE,13.0,9.0,THURSDAY,0,0
LIMA,PE-1N,104.0,DESPISTE,7.0,9.0,THURSDAY,0,0
LIMA,PE-22,122.0,DESPISTE,9.0,9.0,THURSDAY,0,0
ANCASH,PE-3N,222.0,CHOQUE,6.0,9.0,THURSDAY,0,0
APURIMAC,PE-30A,304.0,DESPISTE,11.0,9.0,THURSDAY,0,0
MADRE DE DIOS,PE-30C,338.0,DESPISTE,4.0,9.0,THURSDAY,0,0
ICA,PE-1S,370.0,DESPISTE,23.0,9.0,THURSDAY,1,0
SAN MARTIN,PE-5N,586.0,CHOQUE,14.0,9.0,THURSDAY,0,0
MOQUEGUA,PE-1SD,3.0,DESPISTE,8.0,9.0,FRIDAY,0,0
LIMA,LI-128,3.0,DESPISTE,13.0,9.0,FRIDAY,0,1
LA LIBERTAD,PE-10C,13.0,VOLCADURA,10.0,9.0,FRIDAY,0,0
UCAYALI,PE-18C,17.0,CHOQUE,20.0,9.0,FRIDAY,1,0
ANCASH,PE-14,27.0,CHOQUE,23.0,9.0,FRIDAY,1,0
PIURA,PE-02,38.0,VOLCADURA,9.0,9.0,FRIDAY,0,0
LIMA,PE-1N,91.0,CHOQUE,19.0,9.0,FRIDAY,1,0
UCAYALI,PE-5N,111.0,CHOQUE,19.0,9.0,FRIDAY,1,0
ANCASH,PE-16,115.0,CHOQUE,21.0,9.0,FRIDAY,1,0
ANCASH,PE-3N,133.0,DESPISTE,17.0,9.0,FRIDAY,0,0
ICA,PE-1S,219.0,CHOQUE,17.0,9.0,FRIDAY,0,1
PUNO,PE-34B,221.0,DESPISTE,6.0,9.0,FRIDAY,0,0
PUNO,PE-34B,264.0,DESPISTE,5.0,9.0,FRIDAY,0,0
ICA,PE-1S,265.0,ESPECIAL,19.0,9.0,FRIDAY,1,0
AREQUIPA,PE-1S,586.0,VOLCADURA,9.0,9.0,FRIDAY,0,0
APURIMAC,PE-3S,809.0,DESPISTE,2.0,9.0,FRIDAY,0,0
LAMBAYEQUE,PE-1N,827.0,DESPISTE,5.0,9.0,FRIDAY,0,0
LAMBAYEQUE,PE-1N,827.0,DESPISTE,5.0,9.0,FRIDAY,0,0
AREQUIPA,PE-1S,992.0,DESPISTE,19.0,9.0,FRIDAY,1,0
MOQUEGUA,PE-1S,1186.0,DESPISTE,8.0,9.0,FRIDAY,0,0
CALLAO,PE-20,6.0,CHOQUE,0.0,9.0,SATURDAY,0,0
UCAYALI,PE-18C,18.0,CHOQUE,20.0,9.0,SATURDAY,1,0
CAJAMARCA,PE-3N,47.0,DESPISTE,7.0,9.0,SATURDAY,0,0
LAMBAYEQUE,PE-1NJ,86.0,DESPISTE,23.0,9.0,SATURDAY,1,0
LIMA,PE-22,103.0,DESPISTE,12.0,9.0,SATURDAY,0,0
AREQUIPA,PE-34A,136.0,DESPISTE,21.0,9.0,SATURDAY,1,0
AYACUCHO,PE-30A,164.0,CHOQUE,15.0,9.0,SATURDAY,0,0
LIMA,PE-1N,190.0,DESPISTE,20.0,9.0,SATURDAY,1,1
ANCASH,PE-1N,236.0,CHOQUE,3.0,9.0,SATURDAY,0,0
PUNO,PE-34B,265.0,CHOQUE,9.0,9.0,SATURDAY,0,0
APURIMAC,PE-30A,362.0,DESPISTE,13.0,9.0,SATURDAY,0,1
ANCASH,PE-1N,380.0,CHOQUE,15.0,9.0,SATURDAY,0,0
SAN MARTIN,PE-5N,598.0,CHOQUE,20.0,9.0,SATURDAY,1,1
LA LIBERTAD,PE-1N,634.0,ATROPELLO,21.0,9.0,SATURDAY,1,0
PUNO,PE-3S,1195.0,DESPISTE,23.0,9.0,SATURDAY,1,0
PUNO,PE-3S,1454.0,DESPISTE,7.0,9.0,SATURDAY,0,0
HUANUCO,PE-3N,0.0,DESPISTE,2.0,9.0,SUNDAY,0,0
PASCO,PE-5N,2.0,CHOQUE,1.0,9.0,SUNDAY,0,1
LORETO,LO-103,6.0,ATROPELLO,15.0,9.0,SUNDAY,0,0
UCAYALI,PE-18C,16.0,CHOQUE,19.0,9.0,SUNDAY,1,0
LIMA,LM-117,21.0,CHOQUE,4.0,9.0,SUNDAY,0,0
ANCASH,PE-14,28.0,VOLCADURA,18.0,9.0,SUNDAY,1,0
PUNO,PU-123,30.0,ATROPELLO,10.0,9.0,SUNDAY,0,1
LAMBAYEQUE,PE-1NJ,70.0,CHOQUE,21.0,9.0,SUNDAY,1,0
AREQUIPA,PE-34A,73.0,CHOQUE,12.0,9.0,SUNDAY,0,0
JUNIN,PE-3S,77.0,DESPISTE,1.0,9.0,SUNDAY,0,0
LIMA,PE-22,85.0,DESPISTE,6.0,9.0,SUNDAY,0,0
LIMA,PE-22,104.0,CHOQUE,13.0,9.0,SUNDAY,0,0
LIMA,PE-1S,110.0,CHOQUE,16.0,9.0,SUNDAY,0,0
LIMA,PE-22,113.0,DESPISTE,13.0,9.0,SUNDAY,0,0
LIMA,PE-1S,144.0,CHOQUE,3.0,9.0,SUNDAY,0,0
ICA,PE-1S,258.0,DESPISTE,15.0,9.0,SUNDAY,0,0
SAN MARTIN,PE-5N,389.0,DESPISTE,13.0,9.0,SUNDAY,0,0
SAN MARTIN,PE-5N,603.0,CHOQUE,12.0,9.0,SUNDAY,0,0
LA LIBERTAD,PE-1N,608.0,CHOQUE,20.0,9.0,SUNDAY,1,0
PIURA,PE-1NL,1050.0,DESPISTE,6.0,9.0,SUNDAY,0,0
AREQUIPA,PE-34C,4.0,DESPISTE,11.0,9.0,MONDAY,0,0
PIURA,PE-1NL,7.0,CHOQUE,6.0,9.0,MONDAY,0,1
UCAYALI,PE-18C,13.0,CHOQUE,17.0,9.0,MONDAY,0,0
JUNIN,PE-3N,48.0,CHOQUE,21.0,9.0,MONDAY,1,0
PASCO,PE-3N,91.0,CHOQUE,21.0,9.0,MONDAY,1,0
CAJAMARCA,PE-08,162.0,DESPISTE,9.0,9.0,MONDAY,0,0
PUNO,PE-34A,219.0,CHOQUE,4.0,9.0,MONDAY,0,0
ICA,PE-1S,236.0,DESPISTE,8.0,9.0,MONDAY,0,0
MADRE DE DIOS,PE-30C,347.0,DESPISTE,5.0,9.0,MONDAY,0,0
ANCASH,PE-1N,365.0,DESPISTE,3.0,9.0,MONDAY,0,0
APURIMAC,PE-30A,386.0,CHOQUE,20.0,9.0,MONDAY,1,0
MADRE DE DIOS,PE-30C,410.0,DESPISTE,10.0,9.0,MONDAY,0,0
APURIMAC,PE-3S,635.0,DESPISTE,7.0,9.0,MONDAY,0,0
PIURA,PE-1N,965.0,CHOQUE,7.0,9.0,MONDAY,0,0
CUSCO,PE-3S,1082.0,CHOQUE,23.0,9.0,MONDAY,1,0
AREQUIPA,PE-34,8.0,CHOQUE,12.0,9.0,TUESDAY,0,0
LIMA,PE-22,41.0,CHOQUE,0.0,9.0,TUESDAY,0,0
CUSCO,PE-28B,46.0,DESPISTE,11.0,9.0,TUESDAY,0,0
JUNIN,PE-5S,53.0,DESPISTE,11.0,9.0,TUESDAY,0,0
LIMA,PE-22,54.0,ATROPELLO,12.0,9.0,TUESDAY,0,0
UCAYALI,PE-18C,63.0,CHOQUE,16.0,9.0,TUESDAY,0,0
LAMBAYEQUE,PE-1NJ,64.0,CHOQUE,1.0,9.0,TUESDAY,0,0
LIMA,PE-1N,71.0,DESPISTE,2.0,9.0,TUESDAY,0,1
MOQUEGUA,PE-36A,113.0,DESPISTE,17.0,9.0,TUESDAY,0,0
UCAYALI,PE-5N,117.0,DESPISTE,16.0,9.0,TUESDAY,0,0
MOQUEGUA,PE-36B,155.0,DESPISTE,20.0,9.0,TUESDAY,1,0
AREQUIPA,PE-34A,156.0,DESPISTE,15.0,9.0,TUESDAY,0,0
CAJAMARCA,PE-5N,186.0,DESPISTE,11.0,9.0,TUESDAY,0,0
ANCASH,PE-1N,284.0,DESPISTE,10.0,9.0,TUESDAY,0,0
UCAYALI,PE-5N,456.0,CHOQUE,18.0,9.0,TUESDAY,1,0
JUNIN,PE-3SC,2.0,DESPISTE,9.0,9.0,WEDNESDAY,0,0
PUNO,PE-34H,5.0,CHOQUE,22.0,9.0,WEDNESDAY,1,0
AYACUCHO,PE-28B,28.0,DESPISTE,18.0,9.0,WEDNESDAY,1,0
JUNIN,PE-5S,29.0,CHOQUE,9.0,9.0,WEDNESDAY,0,0
JUNIN,PE-3SA,44.0,CHOQUE,6.0,9.0,WEDNESDAY,0,0
PUNO,PE-34H,51.0,CHOQUE,14.0,9.0,WEDNESDAY,0,1
LIMA,PE-1S,53.0,ESPECIAL,19.0,9.0,WEDNESDAY,1,0
LIMA,PE-1S,57.0,CHOQUE,14.0,9.0,WEDNESDAY,0,0
LIMA,PE-1N,75.0,CHOQUE,14.0,9.0,WEDNESDAY,0,0
ANCASH,AN-107,84.0,CHOQUE,14.0,9.0,WEDNESDAY,0,0
LIMA,PE-1N,92.0,CHOQUE,19.0,9.0,WEDNESDAY,1,0
AYACUCHO,PE-30A,98.0,DESPISTE,14.0,9.0,WEDNESDAY,0,0
CUSCO,PE-28B,174.0,CHOQUE,18.0,9.0,WEDNESDAY,1,0
MOQUEGUA,PE-36A,197.0,DESPISTE,18.0,9.0,WEDNESDAY,1,0
MOQUEGUA,PE-1SD,198.0,DESPISTE,15.0,9.0,WEDNESDAY,0,0
MADRE DE DIOS,PE-30C,508.0,CHOQUE,19.0,9.0,WEDNESDAY,1,0
LA LIBERTAD,PE-1N,537.0,DESPISTE,6.0,9.0,WEDNESDAY,0,1
APURIMAC,PE-3S,580.0,DESPISTE,11.0,9.0,WEDNESDAY,0,0
ANCASH,PE-3N,589.0,DESPISTE,10.0,9.0,WEDNESDAY,0,0
AREQUIPA,PE-1S,918.0,CHOQUE,7.0,9.0,WEDNESDAY,0,1
CUSCO,PE-3S,920.0,DESPISTE,7.0,9.0,WEDNESDAY,0,0
AREQUIPA,PE-1S,933.0,DESPISTE,11.0,9.0,WEDNESDAY,0,0
LIMA,PE-1S,29.0,DESPISTE,3.0,9.0,THURSDAY,0,0
JUNIN,PE-3S,30.0,DESPISTE,5.0,9.0,THURSDAY,0,0
PIURA,PE-1N,33.0,DESPISTE,14.0,9.0,THURSDAY,0,0
MOQUEGUA,PE-36,34.0,DESPISTE,9.0,9.0,THURSDAY,0,0
JUNIN,PE-3S,57.0,DESPISTE,11.0,9.0,THURSDAY,0,0
LIMA,PE-1S,62.0,CHOQUE,17.0,9.0,THURSDAY,0,0
AYACUCHO,PE-30A,76.0,DESPISTE,9.0,9.0,THURSDAY,0,1
UCAYALI,PE-18C,83.0,DESPISTE,11.0,9.0,THURSDAY,0,0
AREQUIPA,PE-34A,119.0,CHOQUE,12.0,9.0,THURSDAY,0,0
HUANCAVELICA,PE-28A,138.0,CHOQUE,1.0,9.0,THURSDAY,0,0
PASCO,PE-3N,146.0,DESPISTE,7.0,9.0,THURSDAY,0,0
TUMBES,PE-1N,158.0,CHOQUE,22.0,9.0,THURSDAY,1,1
LIMA,PE-1S,163.0,CHOQUE,5.0,9.0,THURSDAY,0,0
ICA,PE-1S,186.0,DESPISTE,6.0,9.0,THURSDAY,0,0
ICA,PE-1S,211.0,CHOQUE,21.0,9.0,THURSDAY,1,0
ANCASH,PE-1N,334.0,VOLCADURA,13.0,9.0,THURSDAY,0,0
ANCASH,PE-1N,339.0,VOLCADURA,21.0,9.0,THURSDAY,1,0
CUSCO,PE-28B,440.0,CHOQUE,18.0,9.0,THURSDAY,1,0
LA LIBERTAD,PE-1N,473.0,ESPECIAL,0.0,9.0,THURSDAY,0,0
SAN MARTIN,PE-5N,573.0,ATROPELLO,12.0,9.0,THURSDAY,0,1
LA LIBERTAD,PE-1N,670.0,CHOQUE,11.0,9.0,THURSDAY,0,0
JUNIN,PE-3S,16.0,DESPISTE,13.0,9.0,FRIDAY,0,0
AREQUIPA,PE-34A,25.0,DESPISTE,11.0,9.0,FRIDAY,0,1
ANCASH,PE-16,80.0,CHOQUE,23.0,9.0,FRIDAY,1,0
JUNIN,PE-5S,88.0,CHOQUE,10.0,9.0,FRIDAY,0,0
LIMA,PE-1N,140.0,DESPISTE,15.0,9.0,FRIDAY,0,0
LIMA,PE-1N,173.0,CHOQUE,18.0,9.0,FRIDAY,1,0
ICA,PE-1S,312.0,CHOQUE,23.0,9.0,FRIDAY,1,1
SAN MARTIN,PE-5N,476.0,CHOQUE,19.0,9.0,FRIDAY,1,1
LA LIBERTAD,PE-1N,619.0,DESPISTE,18.0,9.0,FRIDAY,1,0
LA LIBERTAD,PE-10A,18.0,DESPISTE,20.0,9.0,SATURDAY,1,0
ICA,PE-30A,27.0,DESPISTE,21.0,9.0,SATURDAY,1,1
CUSCO,PE-28G,28.0,VOLCADURA,13.0,9.0,SATURDAY,0,0
UCAYALI,PE-18C,39.0,CHOQUE,17.0,9.0,SATURDAY,0,0
JUNIN,PE-3SA,39.0,CHOQUE,20.0,9.0,SATURDAY,1,0
JUNIN,PE-3N,65.0,DESPISTE,3.0,9.0,SATURDAY,0,0
MOQUEGUA,PE-36A,75.0,CHOQUE,6.0,9.0,SATURDAY,0,0
LAMBAYEQUE,PE-1NJ,130.0,DESPISTE,18.0,9.0,SATURDAY,1,0
LIMA,PE-1S,141.0,DESPISTE,8.0,9.0,SATURDAY,0,0
LIMA,PE-1S,144.0,CHOQUE,21.0,9.0,SATURDAY,1,0
TUMBES,PE-1N,190.0,CHOQUE,21.0,9.0,SATURDAY,1,0
ANCASH,PE-1N,248.0,DESPISTE,6.0,9.0,SATURDAY,0,0
ICA,PE-1S,266.0,CHOQUE,14.0,9.0,SATURDAY,0,0
AMAZONAS,PE-5N,365.0,DESPISTE,7.0,9.0,SATURDAY,0,0
MADRE DE DIOS,PE-30C,533.0,DESPISTE,15.0,9.0,SATURDAY,0,0
LAMBAYEQUE,PE-1N,826.0,CHOQUE,5.0,9.0,SATURDAY,0,1
PUNO,PE-3S,1373.0,DESPISTE,7.0,9.0,SATURDAY,0,0
JUNIN,PE-3S,9.0,CHOQUE,17.0,9.0,SUNDAY,0,0
AREQUIPA,AR-105,36.0,DESPISTE,5.0,9.0,SUNDAY,0,0
JUNIN,PE-3N,50.0,CHOQUE,6.0,9.0,SUNDAY,0,0
LIMA,PE-1N,52.0,CHOQUE,10.0,9.0,SUNDAY,0,0
LIMA,PE-1S,138.0,CHOQUE,19.0,9.0,SUNDAY,1,0
ICA,PE-1S,202.0,CHOQUE,6.0,9.0,SUNDAY,0,0
MOQUEGUA,PE-36A,211.0,CHOQUE,19.0,9.0,SUNDAY,1,0
PUNO,PE-34B,284.0,DESPISTE,2.0,9.0,SUNDAY,0,0
MADRE DE DIOS,PE-30C,328.0,CHOQUE,21.0,9.0,SUNDAY,1,0
HUANUCO,PE-5N,457.0,CHOQUE,18.0,9.0,SUNDAY,1,0
SAN MARTIN,PE-5N,634.0,CHOQUE,14.0,9.0,SUNDAY,0,0
SAN MARTIN,PE-5N,641.0,CHOQUE,21.0,9.0,SUNDAY,1,0
AREQUIPA,PE-1S,714.0,VOLCADURA,12.0,9.0,SUNDAY,0,0
PIURA,PE-1NL,1054.0,DESPISTE,22.0,9.0,SUNDAY,1,0
MOQUEGUA,PE-1S,1155.0,DESPISTE,23.0,9.0,SUNDAY,1,0
AREQUIPA,PE-34C,3.0,CHOQUE,8.0,9.0,MONDAY,0,0
JUNIN,PE-3S,10.0,CHOQUE,18.0,9.0,MONDAY,1,0
JUNIN,PE-3SA,32.0,CHOQUE,14.0,9.0,MONDAY,0,0
LIMA,PE-1N,45.0,CHOQUE,7.0,9.0,MONDAY,0,0
LIMA,PE-1S,53.0,DESPISTE,5.0,9.0,MONDAY,0,0
JUNIN,PE-3S,63.0,DESPISTE,17.0,9.0,MONDAY,0,1
LIMA,PE-22,85.0,ESPECIAL,4.0,9.0,MONDAY,0,1
LAMBAYEQUE,PE-1NJ,94.0,CHOQUE,15.0,9.0,MONDAY,0,1
LAMBAYEQUE,PE-1NJ,101.0,CHOQUE,18.0,9.0,MONDAY,1,0
PIURA,PE-1N,108.0,DESPISTE,10.0,9.0,MONDAY,0,0
PASCO,PE-3N,138.0,DESPISTE,13.0,9.0,MONDAY,0,0
LIMA,PE-1N,177.0,DESPISTE,6.0,9.0,MONDAY,0,0
PUNO,PE-34A,218.0,DESPISTE,2.0,9.0,MONDAY,0,0
AMAZONAS,PE-08B,396.0,DESPISTE,18.0,9.0,MONDAY,1,0
SAN MARTIN,PE-5N,480.0,DESPISTE,9.0,9.0,MONDAY,0,0
ANCASH,PE-3N,568.0,DESPISTE,18.0,9.0,MONDAY,1,0
AREQUIPA,PE-1S,642.0,DESPISTE,18.0,9.0,MONDAY,1,0
ANCASH,PE-3N,646.0,CHOQUE,19.0,9.0,MONDAY,1,0
CUSCO,PE-3S,888.0,DESPISTE,4.0,9.0,MONDAY,0,0
AREQUIPA,PE-1S,921.0,CHOQUE,18.0,9.0,MONDAY,1,0
AREQUIPA,PE-1S,970.0,CHOQUE,7.0,9.0,MONDAY,0,0
AREQUIPA,PE-1S,1006.0,DESPISTE,5.0,9.0,MONDAY,0,0
CUSCO,PE-3S,1061.0,DESPISTE,5.0,9.0,MONDAY,0,1
PUNO,PE-34I,17.0,CHOQUE,6.0,9.0,TUESDAY,0,0
PIURA,PE-1N,33.0,VOLCADURA,3.0,9.0,TUESDAY,0,0
LIMA,PE-18,65.0,DESPISTE,16.0,9.0,TUESDAY,0,0
LIMA,PE-22,108.0,CHOQUE,16.0,9.0,TUESDAY,0,0
APURIMAC,PE-30A,298.0,DESPISTE,18.0,9.0,TUESDAY,1,0
SAN MARTIN,PE-5N,693.0,DESPISTE,19.0,9.0,TUESDAY,1,0
AREQUIPA,PE-1S,947.0,CHOQUE,5.0,9.0,TUESDAY,0,0
MOQUEGUA,PE-1S,1122.0,DESPISTE,7.0,9.0,TUESDAY,0,0
MOQUEGUA,PE-1S,1141.0,DESPISTE,7.0,9.0,TUESDAY,0,0
ANCASH,PE-3N,12.0,DESPISTE,23.0,9.0,WEDNESDAY,1,0
SAN MARTIN,PE-5NB,19.0,DESPISTE,11.0,9.0,WEDNESDAY,0,0
PUNO,PE-34H,22.0,CHOQUE,9.0,9.0,WEDNESDAY,0,0
LIMA,PE-1S,30.0,CHOQUE,19.0,9.0,WEDNESDAY,1,1
LIMA,PE-18,49.0,DESPISTE,8.0,9.0,WEDNESDAY,0,0
LIMA,PE-1N,55.0,CHOQUE,5.0,9.0,WEDNESDAY,0,0
LIMA,PE-22,110.0,CHOQUE,16.0,9.0,WEDNESDAY,0,0
JUNIN,PE-3S,143.0,CHOQUE,14.0,9.0,WEDNESDAY,0,0
ANCASH,PE-3N,148.0,DESPISTE,6.0,9.0,WEDNESDAY,0,0
LIMA,PE-1N,214.0,DESPISTE,8.0,9.0,WEDNESDAY,0,0
AYACUCHO,PE-30A,231.0,DESPISTE,12.0,9.0,WEDNESDAY,0,0
MADRE DE DIOS,PE-30C,546.0,CHOQUE,12.0,9.0,WEDNESDAY,0,0
AREQUIPA,PE-1S,914.0,CHOQUE,20.0,9.0,WEDNESDAY,1,0
PIURA,PE-1N,1032.0,VOLCADURA,17.0,9.0,WEDNESDAY,0,0
PUNO,PE-36B,22.0,DESPISTE,17.0,9.0,THURSDAY,0,0
ANCASH,AN-110,26.0,DESPISTE,22.0,9.0,THURSDAY,1,0
LIMA,PE-22,41.0,CHOQUE,6.0,9.0,THURSDAY,0,0
LIMA,PE-1N,71.0,CHOQUE,9.0,9.0,THURSDAY,0,0
AREQUIPA,PE-34A,77.0,CHOQUE,18.0,9.0,THURSDAY,1,0
LA LIBERTAD,PE-10A,93.0,CHOQUE,14.0,9.0,THURSDAY,0,0
AREQUIPA,PE-34A,112.0,CHOQUE,15.0,9.0,THURSDAY,0,0
UCAYALI,PE-5N,118.0,CHOQUE,9.0,9.0,THURSDAY,0,0
ANCASH,PE-3N,123.0,CHOQUE,0.0,9.0,THURSDAY,0,0
MOQUEGUA,PE-36B,124.0,DESPISTE,22.0,9.0,THURSDAY,1,0
PUNO,PE-34A,218.0,DESPISTE,17.0,9.0,THURSDAY,0,0
MADRE DE DIOS,PE-30C,323.0,CHOQUE,17.0,9.0,THURSDAY,0,1
ANCASH,PE-1N,348.0,CHOQUE,1.0,9.0,THURSDAY,0,0
MADRE DE DIOS,PE-30C,417.0,CHOQUE,4.0,9.0,THURSDAY,0,0
LA LIBERTAD,PE-1N,627.0,CHOQUE,15.0,9.0,THURSDAY,0,0
LAMBAYEQUE,PE-1N,758.0,DESPISTE,2.0,9.0,THURSDAY,0,0
PUNO,PE-3S,1296.0,CHOQUE,18.0,9.0,THURSDAY,1,1
